# Blender 4.3.2
# www.blender.org
mtllib head.mtl
o 頭_立方体
v 2.049913 -0.341528 -0.341021
v 2.049913 0.199468 -0.341021
v -2.049920 -0.341528 -0.341021
v -2.049920 0.199468 -0.341021
v 2.049913 -0.341528 -0.670497
v 2.049913 0.199468 -0.670497
v -2.049920 -0.341528 -0.670496
v -2.049920 0.199468 -0.670496
v -2.049920 -0.388657 -0.505758
v -2.049920 0.270189 -0.505758
v 2.049913 -0.388657 -0.505759
v 2.049913 0.270189 -0.505759
v 2.049913 0.028467 -0.271912
v -2.049920 0.028467 -0.271912
v -2.049920 0.028467 -0.739605
v 2.049913 0.028467 -0.739605
v 2.049913 0.028462 -0.505759
v -2.049920 0.028462 -0.505758
v -2.049920 -0.284558 -0.287093
v -2.049920 -0.284558 -0.724424
v 2.049913 -0.284558 -0.724424
v 2.049913 -0.308124 -0.505759
v -2.049920 -0.308124 -0.505758
v 2.049913 -0.284558 -0.287094
v 2.049913 0.113968 -0.286213
v -2.049920 0.113968 -0.286213
v -2.049920 0.113968 -0.725304
v 2.049913 0.113968 -0.725304
v 2.049913 0.149326 -0.505759
v -2.049920 0.149326 -0.505758
v 2.049913 -0.256003 -0.275786
v -2.049920 -0.256003 -0.275786
v -2.049920 -0.256003 -0.735731
v 2.049913 -0.256003 -0.735732
v 2.049913 -0.267759 -0.505759
v -2.049920 -0.267759 -0.505758
v -2.049920 0.071217 -0.274836
v -2.049920 0.071217 -0.736681
v 2.049913 0.071217 -0.736682
v 2.049913 0.088894 -0.505759
v -2.049920 0.088894 -0.505758
v 2.049913 0.071217 -0.274836
v 2.049913 0.156718 -0.306220
v -2.049920 0.156718 -0.306220
v -2.049920 0.156718 -0.705297
v 2.049913 0.156718 -0.705297
v 2.049913 0.209758 -0.505759
v -2.049920 0.209758 -0.505758
v -2.049920 -0.313043 -0.307188
v -2.049920 -0.313043 -0.704329
v 2.049913 -0.313043 -0.704329
v 2.049913 -0.348390 -0.505759
v -2.049920 -0.348390 -0.505758
v 2.049913 -0.313043 -0.307189
v -2.049920 0.255732 -0.588127
v 2.049913 -0.379023 -0.588128
v -2.049920 -0.379023 -0.588127
v 2.049913 0.255732 -0.588128
v 2.049913 0.028463 -0.622682
v -2.049920 0.028463 -0.622682
v -2.049920 -0.303306 -0.615091
v 2.049913 -0.303306 -0.615091
v 2.049913 0.142098 -0.615532
v -2.049920 0.142098 -0.615531
v -2.049920 -0.265356 -0.620745
v 2.049913 -0.265356 -0.620745
v -2.049920 0.085281 -0.621220
v 2.049913 0.085281 -0.621220
v 2.049913 0.198915 -0.605528
v -2.049920 0.198915 -0.605528
v 2.049913 -0.341165 -0.605044
v -2.049920 -0.341165 -0.605044
v -2.049920 -0.379023 -0.423389
v 2.049913 0.255732 -0.423390
v -2.049920 0.255732 -0.423389
v 2.049913 -0.379023 -0.423390
v -2.049920 0.028463 -0.388835
v 2.049913 0.028463 -0.388835
v 2.049913 -0.303306 -0.396426
v -2.049920 -0.303306 -0.396426
v -2.049920 0.142098 -0.395986
v 2.049913 0.142098 -0.395986
v 2.049913 -0.265356 -0.390772
v -2.049920 -0.265356 -0.390772
v 2.049913 0.085281 -0.390297
v -2.049920 0.085281 -0.390297
v -2.049920 0.198915 -0.405989
v 2.049913 0.198915 -0.405989
v -2.049920 -0.341165 -0.406473
v 2.049913 -0.341165 -0.406474
v -2.049920 -0.386892 -0.546943
v 2.049913 0.267541 -0.546943
v 2.049913 0.028463 -0.564220
v 2.049913 -0.307241 -0.560425
v 2.049913 0.148002 -0.560645
v 2.049913 -0.267319 -0.563252
v 2.049913 0.088232 -0.563489
v 2.049913 0.207771 -0.555643
v 2.049913 -0.347067 -0.555401
v -2.049920 0.267541 -0.546943
v 2.049913 -0.386892 -0.546943
v -2.049920 0.028463 -0.564220
v -2.049920 -0.307241 -0.560425
v -2.049920 0.148002 -0.560645
v -2.049920 -0.267319 -0.563252
v -2.049920 0.088232 -0.563489
v -2.049920 0.207771 -0.555643
v -2.049920 -0.347067 -0.555401
v -2.049920 0.267541 -0.464574
v 2.049913 -0.386892 -0.464574
v -2.049920 0.028463 -0.447297
v -2.049920 -0.307241 -0.451092
v -2.049920 0.148002 -0.450872
v -2.049920 -0.267319 -0.448265
v -2.049920 0.088232 -0.448028
v -2.049920 0.207771 -0.455874
v -2.049920 -0.347067 -0.456116
v -2.049920 -0.386892 -0.464574
v 2.049913 0.267541 -0.464574
v 2.049913 0.028463 -0.447297
v 2.049913 -0.307241 -0.451092
v 2.049913 0.148002 -0.450872
v 2.049913 -0.267319 -0.448265
v 2.049913 0.088232 -0.448028
v 2.049913 0.207771 -0.455874
v 2.049913 -0.347067 -0.456116
v -2.049920 0.235614 -0.629312
v 2.049913 -0.365616 -0.629312
v -2.049920 0.028465 -0.681143
v -2.049920 -0.296602 -0.669757
v -2.049920 0.132039 -0.670418
v -2.049920 -0.262012 -0.678238
v -2.049920 0.080252 -0.678951
v -2.049920 0.183826 -0.655412
v -2.049920 -0.331109 -0.654686
v -2.049920 -0.365616 -0.629312
v 2.049913 0.235614 -0.629312
v 2.049913 0.028465 -0.681144
v 2.049913 -0.296602 -0.669758
v 2.049913 0.132039 -0.670418
v 2.049913 -0.262012 -0.678238
v 2.049913 0.080252 -0.678951
v 2.049913 0.183826 -0.655413
v 2.049913 -0.331109 -0.654686
v -2.049920 -0.365616 -0.382205
v 2.049913 0.235614 -0.382205
v 2.049913 0.028465 -0.330374
v 2.049913 -0.296602 -0.341760
v 2.049913 0.132039 -0.341099
v 2.049913 -0.262012 -0.333279
v 2.049913 0.080252 -0.332566
v 2.049913 0.183826 -0.356104
v 2.049913 -0.331109 -0.356831
v -2.049920 0.235614 -0.382205
v 2.049913 -0.365616 -0.382205
v -2.049920 0.028465 -0.330374
v -2.049920 -0.296602 -0.341760
v -2.049920 0.132039 -0.341099
v -2.049920 -0.262012 -0.333279
v -2.049920 0.080252 -0.332566
v -2.049920 0.183826 -0.356104
v -2.049920 -0.331109 -0.356831
v -0.000003 -1.174511 0.915287
v -0.000003 1.449421 0.915287
v -0.000003 -1.174511 -1.926804
v -0.000003 1.449421 -1.926804
v -0.000003 2.037131 -0.505759
v -0.000003 -1.566164 -0.505759
v -0.000003 0.028376 -2.522941
v -0.000003 0.028376 1.511424
v -0.000003 -0.701080 1.380468
v -0.000003 -0.701080 -2.391985
v -0.000003 0.738899 -2.399581
v -0.000003 0.738899 1.388065
v -0.000003 -0.463787 1.478009
v -0.000003 -0.463787 -2.489527
v -0.000003 0.383637 1.486205
v -0.000003 0.383637 -2.497722
v -0.000003 1.094160 -2.227000
v -0.000003 1.094160 1.215482
v -0.000003 -0.937796 -2.218644
v -0.000003 -0.937796 1.207127
v -0.000003 1.916989 -1.216281
v -0.000003 -1.486101 -1.216281
v -0.000003 -1.486101 0.204764
v -0.000003 1.916989 0.204764
v -0.000003 -1.551496 -0.861020
v -0.000003 2.015121 -0.861020
v -0.000003 2.015121 -0.150497
v -0.000003 -1.551496 -0.150497
v -0.000003 1.749801 -1.571543
v -0.000003 -1.374686 -1.571543
v -0.000003 -1.374686 0.560025
v -0.000003 1.749801 0.560025
v 1.024955 -1.053550 0.747373
v 1.024955 1.267893 -1.758890
v 1.024955 1.780525 -0.505759
v 1.024955 -1.395170 -0.505759
v 1.024955 0.028381 -2.284587
v 1.024955 -0.640597 -2.169105
v 1.024955 0.648137 -2.175804
v 1.024955 -0.433618 -2.255121
v 1.024955 0.338259 -2.262348
v 1.024955 0.958015 -2.023614
v 1.024955 -0.847074 -2.016246
v 1.024955 1.675731 -1.132324
v 1.024955 -1.325335 -1.132324
v 1.024955 -1.325335 0.120807
v 1.024955 1.675731 0.120807
v 1.024955 -1.382376 -0.819042
v 1.024955 1.761327 -0.819042
v 1.024955 1.761327 -0.192476
v 1.024955 -1.382376 -0.192476
v 1.024955 1.529900 -1.445607
v 1.024955 -1.228152 -1.445607
v 1.024955 -1.228152 0.434090
v 1.024955 1.529900 0.434090
v 1.024955 1.267893 0.747373
v 1.024955 -1.053550 -1.758890
v 1.024955 0.028381 1.273070
v 1.024955 -0.640597 1.157588
v 1.024955 0.648137 1.164286
v 1.024955 -0.433618 1.243603
v 1.024955 0.338259 1.250831
v 1.024955 0.958015 1.012097
v 1.024955 -0.847074 1.004729
v -1.024961 1.267893 0.747373
v -1.024962 -1.053550 -1.758890
v -1.024961 0.028381 1.273070
v -1.024961 -0.640597 1.157588
v -1.024961 0.648137 1.164286
v -1.024961 -0.433618 1.243603
v -1.024961 0.338259 1.250831
v -1.024961 0.958015 1.012097
v -1.024961 -0.847074 1.004729
v -1.024961 -1.053550 0.747373
v -1.024962 1.267893 -1.758890
v -1.024961 1.780525 -0.505759
v -1.024961 -1.395170 -0.505759
v -1.024962 0.028381 -2.284587
v -1.024962 -0.640597 -2.169105
v -1.024962 0.648137 -2.175804
v -1.024962 -0.433618 -2.255121
v -1.024962 0.338259 -2.262348
v -1.024962 0.958015 -2.023614
v -1.024962 -0.847074 -2.016246
v -1.024961 1.675731 -1.132324
v -1.024961 -1.325335 -1.132324
v -1.024961 -1.325335 0.120807
v -1.024961 1.675731 0.120807
v -1.024961 -1.382376 -0.819041
v -1.024961 1.761327 -0.819041
v -1.024961 1.761327 -0.192476
v -1.024961 -1.382376 -0.192476
v -1.024962 1.529900 -1.445607
v -1.024962 -1.228152 -1.445607
v -1.024961 -1.228152 0.434090
v -1.024961 1.529900 0.434090
v -0.512483 -1.141938 0.865836
v -0.512483 1.400537 -1.877354
v -0.512483 1.968030 -0.505759
v -0.512483 -1.520117 -0.505759
v -0.512483 0.028377 -2.452746
v -0.512483 -0.684793 -2.326348
v -0.512483 0.714457 -2.333679
v -0.512483 -0.455663 -2.420494
v -0.512483 0.371417 -2.428405
v -0.512483 1.057498 -2.167103
v -0.512483 -0.913365 -2.159038
v -0.512483 1.852021 -1.191556
v -0.512483 -1.442808 -1.191556
v -0.512483 -1.442808 0.180039
v -0.512483 1.852021 0.180039
v -0.512483 -1.505954 -0.848657
v -0.512483 1.946776 -0.848657
v -0.512483 1.946776 -0.162860
v -0.512483 -1.505954 -0.162860
v -0.512483 1.690584 -1.534455
v -0.512483 -1.335226 -1.534455
v -0.512483 -1.335226 0.522938
v -0.512483 1.690584 0.522938
v -0.512483 1.400537 0.865836
v -0.512483 -1.141938 -1.877354
v -0.512483 0.028377 1.441229
v -0.512483 -0.684793 1.314830
v -0.512483 0.714457 1.322162
v -0.512483 -0.455663 1.408977
v -0.512483 0.371417 1.416888
v -0.512483 1.057498 1.155586
v -0.512483 -0.913365 1.147521
v 0.512476 1.400537 0.865836
v 0.512476 -1.141938 -1.877354
v 0.512476 0.028377 1.441229
v 0.512476 -0.684793 1.314830
v 0.512476 0.714457 1.322162
v 0.512476 -0.455663 1.408977
v 0.512476 0.371417 1.416888
v 0.512476 1.057498 1.155586
v 0.512476 -0.913365 1.147521
v 0.512476 -1.141938 0.865836
v 0.512476 1.400537 -1.877354
v 0.512476 1.968030 -0.505759
v 0.512476 -1.520117 -0.505759
v 0.512476 0.028377 -2.452746
v 0.512476 -0.684793 -2.326348
v 0.512476 0.714457 -2.333679
v 0.512476 -0.455663 -2.420494
v 0.512476 0.371417 -2.428405
v 0.512476 1.057498 -2.167103
v 0.512476 -0.913365 -2.159038
v 0.512476 1.852021 -1.191556
v 0.512476 -1.442808 -1.191556
v 0.512476 -1.442808 0.180039
v 0.512476 1.852021 0.180039
v 0.512476 -1.505954 -0.848657
v 0.512476 1.946776 -0.848657
v 0.512476 1.946776 -0.162860
v 0.512476 -1.505954 -0.162860
v 0.512476 1.690584 -1.534455
v 0.512476 -1.335226 -1.534455
v 0.512476 -1.335226 0.522938
v 0.512476 1.690584 0.522938
v -1.537440 1.010236 0.487176
v -1.537440 -0.881822 -1.498693
v -1.537440 0.028416 0.903719
v -1.537440 -0.554722 0.812215
v -1.537440 0.519326 0.817523
v -1.537440 -0.390773 0.880370
v -1.537440 0.273871 0.886097
v -1.537440 0.764781 0.696934
v -1.537440 -0.718272 0.691095
v -1.537440 -0.881822 0.487176
v -1.537440 1.010236 -1.498693
v -1.537440 1.416293 -0.505759
v -1.537440 -1.152420 -0.505759
v -1.537440 0.028416 -1.915236
v -1.537440 -0.554722 -1.823732
v -1.537440 0.519326 -1.829040
v -1.537440 -0.390773 -1.891887
v -1.537440 0.273871 -1.897614
v -1.537440 0.764781 -1.708451
v -1.537440 -0.718272 -1.702612
v -1.537440 1.333285 -1.002226
v -1.537440 -1.097103 -1.002226
v -1.537440 -1.097103 -0.009291
v -1.537440 1.333285 -0.009291
v -1.537440 -1.142286 -0.753992
v -1.537440 1.401085 -0.753992
v -1.537440 1.401085 -0.257525
v -1.537440 -1.142286 -0.257525
v -1.537440 1.217772 -1.250460
v -1.537440 -1.020125 -1.250460
v -1.537440 -1.020125 0.238943
v -1.537440 1.217772 0.238943
v 1.537434 -0.881822 0.487176
v 1.537434 1.010236 -1.498693
v 1.537434 1.416293 -0.505759
v 1.537434 -1.152420 -0.505759
v 1.537434 0.028416 -1.915236
v 1.537434 -0.554722 -1.823732
v 1.537434 0.519326 -1.829040
v 1.537434 -0.390773 -1.891888
v 1.537434 0.273871 -1.897615
v 1.537434 0.764781 -1.708451
v 1.537434 -0.718272 -1.702612
v 1.537434 1.333285 -1.002226
v 1.537434 -1.097103 -1.002226
v 1.537434 -1.097103 -0.009291
v 1.537434 1.333285 -0.009291
v 1.537434 -1.142286 -0.753992
v 1.537434 1.401085 -0.753992
v 1.537434 1.401085 -0.257525
v 1.537434 -1.142286 -0.257525
v 1.537434 1.217772 -1.250460
v 1.537434 -1.020125 -1.250460
v 1.537434 -1.020125 0.238942
v 1.537434 1.217772 0.238942
v 1.537434 1.010236 0.487176
v 1.537434 -0.881822 -1.498693
v 1.537434 0.028416 0.903719
v 1.537434 -0.554722 0.812215
v 1.537434 0.519326 0.817523
v 1.537434 -0.390773 0.880370
v 1.537434 0.273871 0.886097
v 1.537434 0.764781 0.696934
v 1.537434 -0.718272 0.691095
v -1.793680 0.733972 0.218805
v -1.793680 -0.697714 -1.230322
v -1.793680 0.028438 0.522763
v -1.793680 -0.462661 0.455992
v -1.793680 0.381205 0.459865
v -1.793680 -0.344848 0.505726
v -1.793680 0.204822 0.509905
v -1.793680 0.557589 0.371869
v -1.793680 -0.580188 0.367608
v -1.793680 -0.697714 0.218805
v -1.793680 0.733972 -1.230322
v -1.793680 1.025764 -0.505759
v -1.793680 -0.892166 -0.505759
v -1.793680 0.028438 -1.534281
v -1.793680 -0.462661 -1.467509
v -1.793680 0.381205 -1.471382
v -1.793680 -0.344848 -1.517243
v -1.793680 0.204822 -1.521422
v -1.793680 0.557589 -1.383386
v -1.793680 -0.580188 -1.379125
v -1.793680 0.966114 -0.868040
v -1.793680 -0.852415 -0.868040
v -1.793680 -0.852415 -0.143477
v -1.793680 0.966114 -0.143477
v -1.793680 -0.884883 -0.686899
v -1.793680 1.014836 -0.686899
v -1.793680 1.014836 -0.324618
v -1.793680 -0.884883 -0.324618
v -1.793680 0.883107 -1.049181
v -1.793680 -0.797099 -1.049181
v -1.793680 -0.797099 0.037664
v -1.793680 0.883107 0.037664
v 1.793674 -0.697714 0.218805
v 1.793674 0.733972 -1.230322
v 1.793674 1.025764 -0.505759
v 1.793674 -0.892166 -0.505759
v 1.793673 0.028438 -1.534281
v 1.793673 -0.462661 -1.467509
v 1.793673 0.381205 -1.471382
v 1.793673 -0.344848 -1.517243
v 1.793673 0.204822 -1.521422
v 1.793673 0.557589 -1.383386
v 1.793673 -0.580188 -1.379125
v 1.793674 0.966114 -0.868040
v 1.793674 -0.852415 -0.868040
v 1.793674 -0.852415 -0.143477
v 1.793674 0.966114 -0.143477
v 1.793674 -0.884883 -0.686899
v 1.793674 1.014836 -0.686899
v 1.793674 1.014836 -0.324618
v 1.793674 -0.884883 -0.324618
v 1.793674 0.883107 -1.049181
v 1.793674 -0.797099 -1.049181
v 1.793674 -0.797099 0.037664
v 1.793674 0.883107 0.037664
v 1.793674 0.733972 0.218805
v 1.793674 -0.697714 -1.230322
v 1.793674 0.028438 0.522763
v 1.793674 -0.462661 0.455992
v 1.793674 0.381205 0.459865
v 1.793674 -0.344848 0.505726
v 1.793674 0.204822 0.509905
v 1.793674 0.557589 0.371868
v 1.793674 -0.580188 0.367608
v 2.158597 -0.382571 -0.105380
v 2.155555 0.162997 -0.105380
v -2.158604 -0.382571 -0.105380
v -2.155561 0.162997 -0.105380
v 2.060481 -0.382571 -0.103645
v 2.057439 0.162997 -0.103645
v -2.060488 -0.382571 -0.103645
v -2.057445 0.162997 -0.103645
v -0.000003 -1.136061 1.818986
v -0.000003 1.445126 1.818986
v -0.000003 -1.136061 1.513654
v -0.000003 1.445126 1.513654
v -0.999818 1.043770 1.586417
v -1.001339 -1.057118 1.281085
v -1.001339 -1.057118 1.586417
v -0.999818 1.043770 1.281085
v 1.001333 -1.057118 1.586417
v 0.999811 1.043770 1.281085
v 0.999811 1.043770 1.586417
v 1.001333 -1.057118 1.281085
v -1.498877 0.765977 1.238766
v -1.501159 -0.875601 0.933434
v -1.501159 -0.875601 1.238766
v -1.498877 0.765977 0.933434
v 1.501152 -0.875601 1.238766
v 1.498870 0.765977 0.933434
v 1.498870 0.765977 1.238766
v 1.501152 -0.875601 0.933434
v -0.503443 -1.115580 1.749116
v -0.501437 1.282428 1.443784
v -0.501437 1.282428 1.749116
v -0.503443 -1.115580 1.443784
v 0.501431 1.282428 1.749116
v 0.503437 -1.115580 1.443784
v 0.503437 -1.115580 1.749116
v 0.501431 1.282428 1.443784
v -1.795763 0.526015 0.821076
v -1.798426 -0.651874 0.515743
v -1.798426 -0.651874 0.821076
v -1.795763 0.526015 0.515743
v 1.798419 -0.651874 0.821076
v 1.795757 0.526015 0.515743
v 1.795757 0.526015 0.821076
v 1.798419 -0.651874 0.515743
v 2.157076 -0.109787 -0.105380
v -2.157083 -0.109787 -0.105380
v -2.058967 -0.109787 -0.103645
v 2.058960 -0.109787 -0.103645
v -0.000003 1.148096 1.513654
v -0.000003 1.148096 1.818986
v -1.000579 0.768123 1.281085
v -1.000579 0.768123 1.586417
v 1.000572 0.768123 1.586417
v 1.000572 0.768123 1.281085
v -1.500018 0.528564 0.933434
v -1.500018 0.528564 1.238766
v 1.500011 0.528564 1.238766
v 1.500011 0.528564 0.933434
v -0.501817 0.999508 1.749116
v -0.501817 0.999508 1.443784
v 0.501811 0.999508 1.443784
v 0.501811 0.999508 1.749116
v -1.797095 0.260662 0.515743
v -1.797095 0.260662 0.821076
v 1.797088 0.260662 0.821076
v 1.797088 0.260662 0.515743
v -2.157843 -0.246178 -0.105380
v -2.059727 -0.246178 -0.103645
v 2.059721 -0.246178 -0.103645
v -0.000003 -0.964758 1.513654
v -0.000003 -0.964758 1.818986
v -1.000959 -0.869161 1.281085
v -1.000959 -0.869161 1.586417
v 1.000952 -0.869161 1.586417
v 1.000952 -0.869161 1.281085
v -1.500588 -0.693088 0.933434
v -1.500588 -0.693088 1.238766
v 1.500582 -0.693088 1.238766
v 1.500582 -0.693088 0.933434
v -0.502007 -0.933101 1.749116
v -0.502007 -0.933101 1.443784
v 0.502001 -0.933101 1.443784
v 0.502001 -0.933101 1.749116
v -1.797760 -0.496409 0.515743
v -1.797760 -0.496409 0.821076
v 1.797753 -0.496409 0.821076
v 1.797753 -0.496409 0.515743
v 2.157837 -0.246178 -0.105380
v -0.401035 -0.943771 1.458215
v -0.102154 1.127607 1.806165
v -0.400608 1.324362 1.458215
v 0.101957 1.417582 1.500832
v -0.400607 1.324362 1.763547
v -0.102154 1.127607 1.500832
v 0.102243 -0.958681 1.806165
v -0.400893 1.037915 1.458215
v 0.402105 -1.123456 1.458215
v 0.102243 -0.958681 1.500832
v 0.402105 -1.123456 1.763547
v -0.102967 -1.135572 1.500832
v -0.101964 1.417582 1.500832
v 0.400886 1.037915 1.763547
v 0.400601 1.324362 1.458215
v 0.101957 1.417582 1.806165
v 0.401029 -0.943771 1.763547
v -0.101964 1.417582 1.806165
v -0.102249 -0.958681 1.806165
v 0.102961 -1.135572 1.500832
v -0.402112 -1.123456 1.458215
v 0.102148 1.127607 1.806165
v -0.401035 -0.943771 1.763547
v 0.400601 1.324362 1.763547
v -0.402112 -1.123456 1.763547
v 0.102148 1.127607 1.500832
v -0.400893 1.037915 1.763547
v 0.401029 -0.943771 1.458215
v 0.400886 1.037915 1.458215
v -0.102249 -0.958681 1.500832
v -0.102967 -1.135572 1.806165
v 0.102961 -1.135572 1.806165
v 0.601340 -1.103139 1.718555
v 0.599577 1.232413 1.413223
v 0.599577 1.232413 1.718555
v 0.601340 -1.103139 1.413223
v 0.600147 0.953130 1.718555
v 0.600147 0.953130 1.413223
v 0.600432 -0.917921 1.413223
v 0.600432 -0.917921 1.718555
v -0.599583 1.232413 1.718555
v -0.601347 -1.103139 1.413223
v -0.601347 -1.103139 1.718555
v -0.599583 1.232413 1.413223
v -0.600153 0.953130 1.413223
v -0.600153 0.953130 1.718555
v -0.600439 -0.917921 1.718555
v -0.600439 -0.917921 1.413223
v -0.897235 1.092301 1.621749
v -0.898878 -1.071225 1.316417
v -0.897901 0.814836 1.621749
v -0.898234 -0.884637 1.621749
v -0.898878 -1.071225 1.621749
v -0.897235 1.092301 1.316417
v -0.897901 0.814836 1.316417
v -0.898234 -0.884637 1.316417
v 0.898871 -1.071225 1.621749
v 0.897229 1.092301 1.316417
v 0.897894 0.814836 1.316417
v 0.898227 -0.884637 1.316417
v 0.897229 1.092301 1.621749
v 0.898871 -1.071225 1.316417
v 0.897894 0.814836 1.621749
v 0.898227 -0.884637 1.621749
v -1.098615 -1.026142 1.526352
v -1.096713 0.988406 1.221020
v -1.096713 0.988406 1.526352
v -1.098615 -1.026142 1.221020
v -1.097664 0.731877 1.526352
v -1.097664 0.731877 1.221020
v -1.098139 -0.840906 1.221020
v -1.098139 -0.840906 1.526352
v 1.096707 0.988406 1.526352
v 1.098608 -1.026142 1.221020
v 1.098608 -1.026142 1.526352
v 1.096706 0.988406 1.221020
v 1.097657 0.731877 1.221020
v 1.097657 0.731877 1.526352
v 1.098133 -0.840906 1.526352
v 1.098133 -0.840906 1.221020
v -1.398279 0.825041 1.312429
v -1.400371 -0.916953 1.007097
v -1.399325 0.578071 1.312429
v -1.399848 -0.733079 1.312429
v -1.400371 -0.916953 1.312429
v -1.398279 0.825041 1.007097
v -1.399325 0.578071 1.007097
v -1.399848 -0.733079 1.007097
v 1.400364 -0.916953 1.312429
v 1.398273 0.825041 1.007096
v 1.399318 0.578071 1.007096
v 1.399841 -0.733079 1.007096
v 1.398273 0.825041 1.312429
v 1.400364 -0.916953 1.007096
v 1.399318 0.578071 1.312429
v 1.399841 -0.733079 1.312429
v 2.144576 -0.382649 -0.906440
v 2.141533 0.162919 -0.906440
v -2.144583 -0.382649 -0.906440
v -2.141540 0.162919 -0.906440
v 2.046460 -0.382649 -0.904705
v 2.043417 0.162919 -0.904705
v -2.046467 -0.382649 -0.904705
v -2.043424 0.162919 -0.904705
v 2.143054 -0.109865 -0.906440
v -2.143061 -0.109865 -0.906440
v -2.044945 -0.109865 -0.904705
v 2.044939 -0.109865 -0.904705
v -2.143822 -0.246257 -0.906440
v -2.045706 -0.246257 -0.904705
v 2.045699 -0.246257 -0.904705
v 2.143815 -0.246257 -0.906440
v -2.051956 -0.089344 -0.504175
v -2.052717 -0.307664 -0.504175
v -2.151593 -0.525984 -0.505910
v -2.150833 -0.307664 -0.505910
v -2.148551 0.347297 -0.505910
v -2.150072 -0.089344 -0.505910
v -2.053477 -0.525984 -0.504175
v -2.050435 0.347297 -0.504175
v 2.148544 0.347297 -0.505910
v 2.050428 0.347297 -0.504175
v 2.051950 -0.089344 -0.504175
v 2.052710 -0.307664 -0.504175
v 2.151587 -0.525984 -0.505910
v 2.150826 -0.307664 -0.505910
v 2.150065 -0.089344 -0.505910
v 2.053471 -0.525984 -0.504175
v -2.049212 -0.289449 -0.704440
v -2.147327 -0.289449 -0.706175
v -2.145045 0.292573 -0.706175
v -2.048450 -0.095441 -0.704440
v -2.148088 -0.483456 -0.706175
v -2.146566 -0.095441 -0.706175
v -2.049972 -0.483456 -0.704440
v -2.046929 0.292573 -0.704440
v 2.145039 0.292573 -0.706175
v 2.048444 -0.095441 -0.704440
v 2.148081 -0.483456 -0.706175
v 2.146560 -0.095441 -0.706175
v 2.046923 0.292573 -0.704440
v 2.049205 -0.289449 -0.704440
v 2.147321 -0.289449 -0.706175
v 2.049965 -0.483456 -0.704440
v 2.053933 0.294304 -0.303910
v 2.056215 -0.289973 -0.303910
v 2.154331 -0.289973 -0.305645
v 2.056976 -0.484733 -0.303910
v 2.152049 0.294304 -0.305645
v 2.055455 -0.095214 -0.303910
v 2.155092 -0.484733 -0.305645
v 2.153571 -0.095214 -0.305645
v -2.055461 -0.095214 -0.303910
v -2.155098 -0.484733 -0.305645
v -2.153577 -0.095214 -0.305645
v -2.056983 -0.484733 -0.303910
v -2.053940 0.294304 -0.303910
v -2.056222 -0.289973 -0.303910
v -2.154338 -0.289973 -0.305645
v -2.152056 0.294304 -0.305645
v -0.386733 1.037914 1.664284
v -0.386876 -0.943772 1.664284
v -0.087995 1.127606 1.706902
v -0.088089 -0.958682 1.706902
v 0.386726 1.037914 1.664284
v 0.087988 1.127606 1.706902
v 0.088083 -0.958682 1.706902
v 0.386869 -0.943772 1.664284
v 0.866893 0.814831 1.526394
v 0.569146 0.953124 1.623200
v 0.867226 -0.884643 1.526394
v 0.569431 -0.917926 1.623200
v -0.569152 0.953124 1.623200
v -0.569437 -0.917926 1.623200
v -0.866900 0.814831 1.526394
v -0.867233 -0.884643 1.526394
v -1.039665 0.731857 1.444561
v -1.040140 -0.840926 1.444561
v 1.341319 0.578050 1.230638
v 1.039658 0.731857 1.444561
v 1.341842 -0.733099 1.230638
v 1.040134 -0.840926 1.444561
v -1.341326 0.578050 1.230638
v -1.341849 -0.733099 1.230638
vn -0.9492 0.2009 0.2424
vn -0.9493 0.2042 0.2388
vn -0.9494 0.2058 0.2371
vn -1.0000 -0.0000 -0.0000
vn 0.9492 0.2009 -0.2424
vn 0.9493 0.2042 -0.2388
vn 0.9494 0.2058 -0.2371
vn 1.0000 -0.0000 -0.0000
vn 0.9157 -0.3485 -0.2002
vn 0.9153 -0.3518 -0.1960
vn 0.9158 -0.3466 -0.2027
vn 0.9488 0.2392 0.2062
vn 0.9486 0.2429 0.2030
vn 0.9484 0.2447 0.2015
vn 0.9468 0.3211 -0.0203
vn 0.9469 0.3210 -0.0197
vn 0.9469 0.3210 -0.0194
vn 0.8911 -0.4535 0.0190
vn 0.8911 -0.4534 0.0185
vn 0.8911 -0.4534 0.0182
vn 0.9515 -0.0063 -0.3076
vn 0.9508 -0.0123 -0.3095
vn 0.9506 -0.0142 -0.3101
vn -0.9515 -0.0063 0.3076
vn -0.9508 -0.0123 0.3095
vn -0.9506 -0.0142 0.3101
vn -0.9397 -0.1995 0.2777
vn -0.9394 -0.2039 0.2756
vn -0.9399 -0.1968 0.2790
vn 0.9397 -0.1995 -0.2777
vn 0.9394 -0.2039 -0.2756
vn 0.9399 -0.1968 -0.2790
vn 0.9512 0.0807 -0.2977
vn 0.9513 0.0829 -0.2968
vn 0.9514 0.0841 -0.2963
vn -0.9512 0.0807 0.2977
vn -0.9513 0.0829 0.2968
vn -0.9514 0.0841 0.2963
vn -0.9471 -0.1201 0.2977
vn -0.9470 -0.1233 0.2968
vn -0.9471 -0.1181 0.2983
vn 0.9471 -0.1201 -0.2977
vn 0.9470 -0.1233 -0.2968
vn 0.9471 -0.1181 -0.2983
vn -0.9515 0.0214 0.3068
vn -0.9515 0.0221 0.3069
vn -0.9515 0.0210 0.3068
vn 0.9515 0.0214 -0.3068
vn 0.9515 0.0219 -0.3069
vn 0.9515 0.0210 -0.3068
vn 0.9506 0.1336 -0.2801
vn 0.9508 0.1366 -0.2781
vn 0.9509 0.1382 -0.2771
vn -0.9506 0.1335 0.2801
vn -0.9508 0.1366 0.2781
vn -0.9509 0.1382 0.2771
vn 0.9266 -0.2897 -0.2396
vn 0.9261 -0.2941 -0.2361
vn 0.9269 -0.2870 -0.2417
vn -0.9266 -0.2897 0.2396
vn -0.9261 -0.2941 0.2361
vn -0.9269 -0.2870 0.2417
vn 0.9478 0.2874 -0.1379
vn 0.9480 0.2886 -0.1343
vn 0.9480 0.2892 -0.1325
vn 0.8954 -0.4376 -0.0822
vn 0.8954 -0.4380 -0.0797
vn 0.8954 -0.4373 -0.0835
vn 0.9024 -0.4105 0.1313
vn 0.9021 -0.4121 0.1278
vn 0.9020 -0.4129 0.1261
vn 0.9473 0.3084 0.0869
vn 0.9474 0.3088 0.0844
vn 0.9472 0.3082 0.0884
vn 0.8911 -0.4535 -0.0190
vn 0.8911 -0.4534 -0.0185
vn 0.8911 -0.4535 -0.0194
vn 0.9473 0.3084 -0.0869
vn 0.9474 0.3088 -0.0844
vn 0.9474 0.3090 -0.0831
vn 0.9468 0.3211 0.0204
vn 0.9469 0.3210 0.0197
vn 0.9468 0.3211 0.0206
vn 0.8954 -0.4376 0.0822
vn 0.8954 -0.4380 0.0797
vn 0.8954 -0.4382 0.0785
vn 0.9488 0.2392 -0.2062
vn 0.9486 0.2429 -0.2030
vn 0.9490 0.2370 -0.2080
vn 0.9024 -0.4105 -0.1313
vn 0.9021 -0.4121 -0.1278
vn 0.9025 -0.4096 -0.1334
vn 0.9157 -0.3485 0.2002
vn 0.9153 -0.3518 0.1961
vn 0.9151 -0.3535 0.1939
vn 0.9478 0.2874 0.1379
vn 0.9480 0.2886 0.1343
vn 0.9477 0.2867 0.1400
vn -0.1341 0.8966 0.4220
vn -0.1340 0.8966 0.4221
vn -0.1021 -0.8666 0.4884
vn -0.1022 -0.8666 0.4884
vn -0.1022 -0.8667 0.4883
vn -0.0947 -0.9499 -0.2980
vn -0.0947 -0.9499 -0.2979
vn -0.0946 -0.9499 -0.2980
vn -0.1338 0.7567 -0.6399
vn -0.1339 0.7566 -0.6400
vn -0.0914 -0.9794 0.1803
vn -0.1334 0.9892 0.0613
vn -0.1338 0.9552 -0.2639
vn -0.0894 -0.9951 -0.0411
vn -0.1338 0.9552 0.2639
vn -0.1338 0.9552 0.2640
vn -0.0947 -0.9499 0.2980
vn -0.0947 -0.9499 0.2979
vn -0.0914 -0.9794 -0.1803
vn -0.0914 -0.9793 -0.1803
vn -0.1341 0.8966 -0.4220
vn 0.1095 -0.7719 0.6262
vn 0.1096 -0.7719 0.6262
vn 0.1095 -0.7718 0.6263
vn -0.1095 -0.7719 -0.6262
vn -0.1096 -0.7719 -0.6262
vn -0.1095 -0.7718 -0.6263
vn 0.1352 0.4329 0.8913
vn 0.1353 0.4328 0.8913
vn -0.1352 0.4329 -0.8913
vn -0.1353 0.4328 -0.8913
vn -0.1354 0.0701 -0.9883
vn 0.1354 0.0701 0.9883
vn -0.1295 -0.3769 -0.9172
vn -0.1295 -0.3770 -0.9171
vn -0.1294 -0.3769 -0.9172
vn 0.1295 -0.3769 0.9172
vn 0.1295 -0.3770 0.9171
vn 0.1294 -0.3769 0.9172
vn 0.1354 0.2638 0.9550
vn 0.1355 0.2638 0.9550
vn -0.1354 0.2638 -0.9550
vn -0.1355 0.2638 -0.9550
vn -0.1211 -0.5864 -0.8009
vn -0.1212 -0.5864 -0.8009
vn -0.1211 -0.5863 -0.8010
vn 0.1211 -0.5864 0.8009
vn 0.1212 -0.5864 0.8009
vn 0.1211 -0.5863 0.8010
vn 0.1348 -0.0665 0.9886
vn 0.1342 -0.0659 0.9888
vn -0.1348 -0.0665 -0.9886
vn -0.1342 -0.0659 -0.9888
vn -0.0894 -0.9951 0.0411
vn -0.1334 0.9892 -0.0613
vn -0.1338 0.7567 0.6399
vn -0.1337 0.7568 0.6399
vn -0.1021 -0.8666 -0.4884
vn -0.1022 -0.8666 -0.4884
vn -0.1021 -0.8666 -0.4885
vn -0.1341 0.6395 -0.7570
vn -0.1342 0.6396 -0.7569
vn 0.1341 0.6395 0.7570
vn 0.1342 0.6396 0.7569
vn 0.5803 0.5290 0.6192
vn 0.5836 -0.0511 0.8105
vn 0.5806 -0.0460 0.8129
vn 0.5802 -0.0453 0.8132
vn 0.5399 -0.5009 0.6765
vn 0.5399 -0.5010 0.6764
vn 0.5839 0.2184 0.7819
vn 0.5660 -0.3164 0.7612
vn 0.5660 -0.3164 0.7613
vn 0.5837 0.0581 0.8099
vn 0.5833 0.3581 0.7290
vn 0.5833 0.3581 0.7291
vn 0.5011 -0.6751 0.5415
vn 0.5011 -0.6750 0.5415
vn 0.5011 -0.6751 0.5414
vn 0.3369 0.8534 0.3977
vn 0.3389 0.8514 0.4003
vn 0.3391 0.8511 0.4007
vn 0.2575 -0.8438 0.4709
vn 0.2553 -0.8425 0.4744
vn 0.2550 -0.8423 0.4748
vn 0.2451 -0.9258 -0.2876
vn 0.2438 -0.9255 -0.2899
vn 0.2454 -0.9259 -0.2872
vn 0.3280 0.7244 -0.6064
vn 0.3313 0.7206 -0.6091
vn 0.3277 0.7247 -0.6061
vn 0.2401 -0.9550 0.1741
vn 0.2393 -0.9550 0.1756
vn 0.2392 -0.9549 0.1759
vn 0.3428 0.9376 0.0579
vn 0.3427 0.9376 0.0580
vn 0.3430 0.9376 0.0575
vn 0.3408 0.9068 -0.2481
vn 0.3420 0.9058 -0.2501
vn 0.3406 0.9070 -0.2478
vn 0.2365 -0.9708 -0.0399
vn 0.2366 -0.9708 -0.0398
vn 0.2367 -0.9708 -0.0396
vn 0.3408 0.9068 0.2481
vn 0.3420 0.9058 0.2501
vn 0.3422 0.9057 0.2503
vn 0.2451 -0.9258 0.2876
vn 0.2438 -0.9255 0.2900
vn 0.2437 -0.9254 0.2903
vn 0.2401 -0.9550 -0.1741
vn 0.2393 -0.9550 -0.1756
vn 0.2403 -0.9550 -0.1739
vn 0.3369 0.8534 -0.3977
vn 0.3389 0.8514 -0.4003
vn 0.3366 0.8537 -0.3974
vn 0.2686 -0.7509 -0.6033
vn 0.2664 -0.7488 -0.6069
vn 0.2689 -0.7513 -0.6027
vn 0.3168 0.4177 -0.8516
vn 0.3188 0.4144 -0.8524
vn 0.3164 0.4182 -0.8515
vn 0.3113 0.0675 -0.9479
vn 0.3114 0.0675 -0.9479
vn 0.3110 0.0680 -0.9480
vn 0.3014 -0.3652 -0.8808
vn 0.3005 -0.3631 -0.8820
vn 0.3017 -0.3659 -0.8804
vn 0.3131 0.2551 -0.9148
vn 0.3144 0.2530 -0.9150
vn 0.3129 0.2555 -0.9148
vn 0.2877 -0.5692 -0.7703
vn 0.2863 -0.5667 -0.7726
vn 0.2881 -0.5698 -0.7696
vn 0.3109 -0.0605 -0.9485
vn 0.3088 -0.0629 -0.9490
vn 0.3089 -0.0632 -0.9490
vn 0.2365 -0.9708 0.0399
vn 0.2366 -0.9708 0.0398
vn 0.2364 -0.9708 0.0401
vn 0.3428 0.9376 -0.0579
vn 0.3427 0.9377 -0.0581
vn 0.3280 0.7244 0.6064
vn 0.3313 0.7206 0.6091
vn 0.3315 0.7203 0.6093
vn 0.2575 -0.8438 -0.4709
vn 0.2553 -0.8425 -0.4744
vn 0.2579 -0.8440 -0.4704
vn 0.3214 0.6148 -0.7203
vn 0.3248 0.6105 -0.7223
vn 0.3210 0.6152 -0.7201
vn -0.5803 0.5290 -0.6192
vn -0.4751 -0.7687 -0.4283
vn -0.4751 -0.7686 -0.4284
vn -0.5797 0.6251 0.5227
vn -0.5797 0.6250 0.5227
vn -0.5786 0.8141 -0.0499
vn -0.4278 -0.9031 0.0369
vn -0.5836 -0.0511 -0.8105
vn -0.5806 -0.0460 -0.8129
vn -0.5802 -0.0453 -0.8132
vn -0.5399 -0.5009 -0.6765
vn -0.5399 -0.5010 -0.6764
vn -0.5839 0.2184 -0.7819
vn -0.5660 -0.3164 -0.7612
vn -0.5660 -0.3164 -0.7613
vn -0.5837 0.0581 -0.8099
vn -0.5833 0.3581 -0.7290
vn -0.5833 0.3581 -0.7291
vn -0.5011 -0.6751 -0.5415
vn -0.5011 -0.6750 -0.5415
vn -0.5011 -0.6751 -0.5414
vn -0.5805 0.7382 -0.3436
vn -0.4354 -0.8857 -0.1612
vn -0.4476 -0.8541 0.2649
vn -0.5798 0.7860 0.2147
vn -0.5797 0.7860 0.2147
vn -0.4278 -0.9031 -0.0369
vn -0.5798 0.7860 -0.2147
vn -0.5797 0.7860 -0.2147
vn -0.5797 0.7860 -0.2148
vn -0.5786 0.8141 0.0499
vn -0.4354 -0.8857 0.1612
vn -0.4354 -0.8857 0.1613
vn -0.5797 0.6251 -0.5227
vn -0.4476 -0.8541 -0.2649
vn -0.4751 -0.7687 0.4283
vn -0.4751 -0.7686 0.4284
vn -0.5805 0.7382 0.3436
vn -0.5805 0.7382 0.3435
vn -0.2686 -0.7509 0.6033
vn -0.2664 -0.7488 0.6069
vn -0.2689 -0.7513 0.6027
vn -0.3168 0.4177 0.8516
vn -0.3188 0.4145 0.8524
vn -0.3164 0.4182 0.8515
vn -0.3113 0.0675 0.9479
vn -0.3112 0.0678 0.9479
vn -0.3111 0.0680 0.9480
vn -0.3014 -0.3652 0.8808
vn -0.3006 -0.3631 0.8819
vn -0.3017 -0.3659 0.8804
vn -0.3132 0.2551 0.9148
vn -0.3144 0.2530 0.9150
vn -0.3129 0.2555 0.9148
vn -0.2877 -0.5692 0.7703
vn -0.2863 -0.5667 0.7726
vn -0.2881 -0.5698 0.7696
vn -0.3109 -0.0605 0.9485
vn -0.3088 -0.0629 0.9490
vn -0.3089 -0.0632 0.9490
vn -0.3214 0.6148 0.7202
vn -0.3248 0.6105 0.7223
vn -0.3210 0.6152 0.7201
vn -0.1341 0.6395 0.7570
vn -0.1342 0.6396 0.7569
vn -0.1348 -0.0665 0.9886
vn -0.1342 -0.0659 0.9888
vn -0.1212 -0.5864 0.8009
vn -0.1211 -0.5864 0.8009
vn -0.1211 -0.5863 0.8010
vn -0.1354 0.2638 0.9550
vn -0.1355 0.2638 0.9550
vn -0.1295 -0.3770 0.9171
vn -0.1295 -0.3769 0.9172
vn -0.1294 -0.3769 0.9172
vn -0.1354 0.0701 0.9883
vn -0.1352 0.4329 0.8913
vn -0.1353 0.4328 0.8913
vn -0.1096 -0.7719 0.6262
vn -0.1095 -0.7719 0.6262
vn -0.1095 -0.7718 0.6263
vn -0.3248 0.6105 -0.7223
vn -0.3214 0.6148 -0.7202
vn -0.3210 0.6152 -0.7201
vn -0.2553 -0.8425 -0.4744
vn -0.2575 -0.8438 -0.4709
vn -0.2579 -0.8440 -0.4704
vn -0.3313 0.7206 0.6091
vn -0.3280 0.7244 0.6064
vn -0.3315 0.7203 0.6093
vn -0.3429 0.9376 -0.0577
vn -0.3428 0.9376 -0.0579
vn -0.3427 0.9377 -0.0581
vn -0.2366 -0.9708 0.0398
vn -0.2365 -0.9708 0.0399
vn -0.2364 -0.9708 0.0401
vn -0.3088 -0.0629 -0.9490
vn -0.3109 -0.0604 -0.9485
vn -0.3089 -0.0632 -0.9490
vn -0.2863 -0.5667 -0.7726
vn -0.2877 -0.5692 -0.7703
vn -0.2881 -0.5698 -0.7696
vn -0.3144 0.2530 -0.9150
vn -0.3131 0.2551 -0.9148
vn -0.3129 0.2555 -0.9148
vn -0.3006 -0.3631 -0.8819
vn -0.3014 -0.3652 -0.8808
vn -0.3017 -0.3659 -0.8804
vn -0.3115 0.0674 -0.9479
vn -0.3113 0.0675 -0.9479
vn -0.3110 0.0680 -0.9480
vn -0.3188 0.4145 -0.8524
vn -0.3168 0.4177 -0.8516
vn -0.3164 0.4182 -0.8515
vn -0.2664 -0.7488 -0.6069
vn -0.2686 -0.7509 -0.6033
vn -0.2689 -0.7513 -0.6027
vn -0.3389 0.8514 -0.4003
vn -0.3369 0.8534 -0.3978
vn -0.3366 0.8537 -0.3974
vn -0.2393 -0.9550 -0.1756
vn -0.2401 -0.9550 -0.1741
vn -0.2403 -0.9550 -0.1739
vn -0.2438 -0.9255 0.2899
vn -0.2451 -0.9258 0.2876
vn -0.2437 -0.9254 0.2903
vn -0.3420 0.9058 0.2501
vn -0.3407 0.9068 0.2481
vn -0.3422 0.9057 0.2503
vn -0.2366 -0.9708 -0.0398
vn -0.2365 -0.9708 -0.0399
vn -0.2367 -0.9708 -0.0396
vn -0.3420 0.9058 -0.2501
vn -0.3407 0.9068 -0.2481
vn -0.3406 0.9070 -0.2478
vn -0.3429 0.9376 0.0577
vn -0.3428 0.9376 0.0579
vn -0.3430 0.9376 0.0575
vn -0.2393 -0.9550 0.1756
vn -0.2401 -0.9550 0.1741
vn -0.2392 -0.9549 0.1758
vn -0.3313 0.7206 -0.6091
vn -0.3280 0.7244 -0.6063
vn -0.3277 0.7247 -0.6061
vn -0.2438 -0.9255 -0.2899
vn -0.2451 -0.9258 -0.2876
vn -0.2454 -0.9259 -0.2872
vn -0.2553 -0.8425 0.4744
vn -0.2575 -0.8438 0.4709
vn -0.2550 -0.8423 0.4748
vn -0.3389 0.8514 0.4003
vn -0.3369 0.8534 0.3978
vn -0.3391 0.8511 0.4007
vn 0.1341 0.6395 -0.7570
vn 0.1342 0.6396 -0.7569
vn 0.1022 -0.8666 -0.4884
vn 0.1021 -0.8666 -0.4884
vn 0.1021 -0.8666 -0.4885
vn 0.1338 0.7567 0.6399
vn 0.1337 0.7568 0.6399
vn 0.1334 0.9892 -0.0613
vn 0.0894 -0.9951 0.0411
vn 0.1348 -0.0665 -0.9886
vn 0.1342 -0.0659 -0.9888
vn 0.1212 -0.5864 -0.8009
vn 0.1211 -0.5864 -0.8009
vn 0.1211 -0.5863 -0.8010
vn 0.1354 0.2638 -0.9550
vn 0.1355 0.2638 -0.9550
vn 0.1295 -0.3770 -0.9171
vn 0.1295 -0.3769 -0.9172
vn 0.1294 -0.3769 -0.9172
vn 0.1354 0.0701 -0.9883
vn 0.1352 0.4329 -0.8913
vn 0.1353 0.4328 -0.8913
vn 0.1096 -0.7719 -0.6262
vn 0.1095 -0.7719 -0.6262
vn 0.1095 -0.7718 -0.6263
vn 0.1341 0.8966 -0.4220
vn 0.0914 -0.9794 -0.1803
vn 0.0914 -0.9793 -0.1803
vn 0.0947 -0.9499 0.2979
vn 0.0947 -0.9499 0.2980
vn 0.1338 0.9552 0.2639
vn 0.1338 0.9552 0.2640
vn 0.0894 -0.9951 -0.0411
vn 0.1338 0.9552 -0.2639
vn 0.1334 0.9892 0.0613
vn 0.0914 -0.9794 0.1803
vn 0.1338 0.7567 -0.6399
vn 0.1339 0.7566 -0.6400
vn 0.0947 -0.9499 -0.2979
vn 0.0947 -0.9499 -0.2980
vn 0.0946 -0.9499 -0.2980
vn 0.1022 -0.8666 0.4884
vn 0.1021 -0.8666 0.4884
vn 0.1022 -0.8667 0.4883
vn 0.1341 0.8966 0.4220
vn 0.1340 0.8966 0.4221
vn 0.3248 0.6105 0.7223
vn 0.3214 0.6148 0.7203
vn 0.3210 0.6152 0.7201
vn 0.3088 -0.0629 0.9490
vn 0.3109 -0.0605 0.9485
vn 0.3089 -0.0632 0.9490
vn 0.2863 -0.5667 0.7726
vn 0.2877 -0.5692 0.7703
vn 0.2881 -0.5698 0.7696
vn 0.3144 0.2530 0.9150
vn 0.3132 0.2551 0.9148
vn 0.3129 0.2555 0.9148
vn 0.3006 -0.3631 0.8819
vn 0.3014 -0.3652 0.8808
vn 0.3017 -0.3659 0.8804
vn 0.3114 0.0675 0.9479
vn 0.3113 0.0675 0.9479
vn 0.3111 0.0680 0.9480
vn 0.3189 0.4144 0.8524
vn 0.3168 0.4177 0.8516
vn 0.3164 0.4182 0.8515
vn 0.2664 -0.7488 0.6069
vn 0.2686 -0.7509 0.6033
vn 0.2689 -0.7513 0.6027
vn -0.8348 0.4993 0.2318
vn -0.8354 0.4994 0.2295
vn -0.8356 0.4995 0.2289
vn -0.7511 -0.5770 0.3208
vn -0.7518 -0.5777 0.3178
vn -0.7510 -0.5768 0.3214
vn -0.7288 -0.6541 -0.2024
vn -0.7293 -0.6542 -0.2003
vn -0.7294 -0.6543 -0.1998
vn -0.8329 0.4249 -0.3546
vn -0.8320 0.4279 -0.3532
vn -0.8317 0.4286 -0.3529
vn -0.7187 -0.6842 0.1243
vn -0.7191 -0.6840 0.1229
vn -0.7186 -0.6842 0.1245
vn -0.8355 0.5484 0.0336
vn -0.8356 0.5483 0.0332
vn -0.8356 0.5483 0.0331
vn -0.8359 0.5296 -0.1444
vn -0.8355 0.5305 -0.1431
vn -0.8354 0.5308 -0.1428
vn -0.7122 -0.7014 -0.0284
vn -0.7122 -0.7014 -0.0282
vn -0.7123 -0.7013 -0.0282
vn -0.8359 0.5296 0.1443
vn -0.8355 0.5305 0.1431
vn -0.8359 0.5294 0.1446
vn -0.7288 -0.6541 0.2025
vn -0.7293 -0.6542 0.2003
vn -0.7287 -0.6541 0.2028
vn -0.7187 -0.6842 -0.1243
vn -0.7191 -0.6840 -0.1229
vn -0.7192 -0.6840 -0.1226
vn -0.8348 0.4993 -0.2319
vn -0.8354 0.4994 -0.2295
vn -0.8347 0.4993 -0.2324
vn -0.7710 -0.4973 -0.3978
vn -0.7715 -0.4987 -0.3951
vn -0.7716 -0.4992 -0.3943
vn -0.8311 0.2456 -0.4989
vn -0.8305 0.2481 -0.4988
vn -0.8303 0.2488 -0.4987
vn -0.8292 0.0400 -0.5575
vn -0.8291 0.0405 -0.5576
vn -0.8291 0.0407 -0.5577
vn -0.8174 -0.2216 -0.5317
vn -0.8176 -0.2233 -0.5307
vn -0.8177 -0.2239 -0.5303
vn -0.8301 0.1503 -0.5369
vn -0.8297 0.1519 -0.5371
vn -0.8296 0.1524 -0.5371
vn -0.7996 -0.3581 -0.4821
vn -0.7998 -0.3600 -0.4803
vn -0.7999 -0.3607 -0.4796
vn -0.8273 -0.0315 -0.5609
vn -0.8295 -0.0261 -0.5579
vn -0.8268 -0.0313 -0.5616
vn -0.7122 -0.7014 0.0284
vn -0.7123 -0.7014 0.0280
vn -0.7121 -0.7015 0.0286
vn -0.8356 0.5483 -0.0332
vn -0.8355 0.5484 -0.0336
vn -0.8329 0.4249 0.3546
vn -0.8319 0.4279 0.3532
vn -0.8330 0.4244 0.3548
vn -0.7511 -0.5770 -0.3208
vn -0.7518 -0.5777 -0.3178
vn -0.7520 -0.5779 -0.3171
vn -0.8304 0.3623 -0.4232
vn -0.8314 0.3637 -0.4201
vn -0.8303 0.3621 -0.4237
vn -0.5011 -0.6750 0.5415
vn -0.5011 -0.6751 0.5415
vn -0.5011 -0.6751 0.5414
vn -0.5833 0.3581 0.7290
vn -0.5833 0.3581 0.7291
vn -0.5837 0.0581 0.8099
vn -0.5660 -0.3164 0.7613
vn -0.5660 -0.3164 0.7612
vn -0.5839 0.2184 0.7819
vn -0.5399 -0.5009 0.6765
vn -0.5399 -0.5010 0.6764
vn -0.5806 -0.0460 0.8129
vn -0.5836 -0.0511 0.8105
vn -0.5802 -0.0453 0.8132
vn -0.5803 0.5290 0.6192
vn 0.7710 -0.4973 0.3979
vn 0.7715 -0.4987 0.3951
vn 0.7716 -0.4992 0.3943
vn 0.8311 0.2456 0.4989
vn 0.8305 0.2481 0.4988
vn 0.8303 0.2488 0.4987
vn 0.8292 0.0400 0.5576
vn 0.8291 0.0405 0.5576
vn 0.8291 0.0407 0.5577
vn 0.8175 -0.2217 0.5315
vn 0.8177 -0.2232 0.5307
vn 0.8177 -0.2239 0.5303
vn 0.8301 0.1504 0.5369
vn 0.8297 0.1519 0.5371
vn 0.8296 0.1524 0.5371
vn 0.7996 -0.3581 0.4821
vn 0.7998 -0.3600 0.4803
vn 0.7999 -0.3607 0.4796
vn 0.8273 -0.0315 0.5609
vn 0.8295 -0.0261 0.5579
vn 0.8268 -0.0313 0.5616
vn 0.8304 0.3623 0.4233
vn 0.8314 0.3637 0.4201
vn 0.8303 0.3621 0.4237
vn 0.5805 0.7382 0.3436
vn 0.5805 0.7382 0.3435
vn 0.4751 -0.7686 0.4284
vn 0.4751 -0.7687 0.4283
vn 0.4476 -0.8541 -0.2649
vn 0.5797 0.6251 -0.5227
vn 0.4354 -0.8857 0.1612
vn 0.4354 -0.8857 0.1613
vn 0.5786 0.8141 0.0499
vn 0.5797 0.7860 -0.2147
vn 0.5798 0.7860 -0.2147
vn 0.5797 0.7860 -0.2148
vn 0.4278 -0.9031 -0.0369
vn 0.5797 0.7860 0.2147
vn 0.5798 0.7860 0.2147
vn 0.4476 -0.8541 0.2649
vn 0.4354 -0.8857 -0.1612
vn 0.5805 0.7382 -0.3436
vn 0.5011 -0.6750 -0.5415
vn 0.5011 -0.6751 -0.5415
vn 0.5011 -0.6751 -0.5414
vn 0.5833 0.3581 -0.7290
vn 0.5833 0.3581 -0.7291
vn 0.5837 0.0581 -0.8099
vn 0.5660 -0.3164 -0.7613
vn 0.5660 -0.3164 -0.7612
vn 0.5660 -0.3165 -0.7612
vn 0.5839 0.2184 -0.7819
vn 0.5399 -0.5009 -0.6765
vn 0.5399 -0.5010 -0.6764
vn 0.5806 -0.0461 -0.8129
vn 0.5836 -0.0511 -0.8105
vn 0.5802 -0.0453 -0.8132
vn 0.4278 -0.9031 0.0369
vn 0.5786 0.8141 -0.0499
vn 0.5797 0.6251 0.5227
vn 0.5797 0.6250 0.5227
vn 0.4751 -0.7686 -0.4284
vn 0.4751 -0.7687 -0.4283
vn 0.5803 0.5290 -0.6192
vn -0.9493 0.2042 -0.2388
vn -0.9492 0.2009 -0.2424
vn -0.9494 0.2058 -0.2371
vn -0.9153 -0.3518 -0.1960
vn -0.9157 -0.3485 -0.2002
vn -0.9158 -0.3466 -0.2027
vn -0.9486 0.2429 0.2030
vn -0.9488 0.2392 0.2062
vn -0.9484 0.2447 0.2015
vn -0.9469 0.3210 -0.0197
vn -0.9468 0.3211 -0.0203
vn -0.9469 0.3210 -0.0194
vn -0.8911 -0.4534 0.0185
vn -0.8911 -0.4535 0.0190
vn -0.8911 -0.4534 0.0182
vn -0.9508 -0.0123 -0.3095
vn -0.9515 -0.0063 -0.3076
vn -0.9506 -0.0142 -0.3101
vn -0.9394 -0.2039 -0.2756
vn -0.9397 -0.1995 -0.2777
vn -0.9399 -0.1968 -0.2790
vn -0.9513 0.0830 -0.2968
vn -0.9512 0.0807 -0.2977
vn -0.9514 0.0841 -0.2963
vn -0.9470 -0.1232 -0.2968
vn -0.9471 -0.1201 -0.2977
vn -0.9471 -0.1181 -0.2983
vn -0.9515 0.0220 -0.3069
vn -0.9515 0.0216 -0.3068
vn -0.9515 0.0210 -0.3068
vn -0.9508 0.1366 -0.2781
vn -0.9506 0.1335 -0.2801
vn -0.9509 0.1382 -0.2771
vn -0.9261 -0.2941 -0.2361
vn -0.9266 -0.2897 -0.2396
vn -0.9269 -0.2870 -0.2417
vn -0.9480 0.2886 -0.1344
vn -0.9478 0.2874 -0.1379
vn -0.9480 0.2892 -0.1325
vn -0.8954 -0.4380 -0.0797
vn -0.8954 -0.4376 -0.0822
vn -0.8954 -0.4373 -0.0835
vn -0.9021 -0.4121 0.1278
vn -0.9024 -0.4105 0.1313
vn -0.9020 -0.4129 0.1261
vn -0.9474 0.3088 0.0844
vn -0.9473 0.3084 0.0869
vn -0.9472 0.3082 0.0884
vn -0.8911 -0.4534 -0.0186
vn -0.8911 -0.4535 -0.0190
vn -0.8911 -0.4535 -0.0194
vn -0.9474 0.3088 -0.0844
vn -0.9473 0.3084 -0.0869
vn -0.9474 0.3090 -0.0831
vn -0.9469 0.3210 0.0197
vn -0.9468 0.3211 0.0203
vn -0.9468 0.3211 0.0206
vn -0.8954 -0.4380 0.0797
vn -0.8954 -0.4376 0.0822
vn -0.8954 -0.4382 0.0785
vn -0.9486 0.2429 -0.2030
vn -0.9488 0.2392 -0.2062
vn -0.9490 0.2370 -0.2080
vn -0.9021 -0.4121 -0.1278
vn -0.9024 -0.4105 -0.1313
vn -0.9025 -0.4096 -0.1333
vn -0.9153 -0.3518 0.1960
vn -0.9157 -0.3485 0.2002
vn -0.9151 -0.3535 0.1939
vn -0.9480 0.2886 0.1344
vn -0.9478 0.2874 0.1379
vn -0.9477 0.2867 0.1400
vn -0.7715 -0.4987 0.3951
vn -0.7710 -0.4973 0.3978
vn -0.7716 -0.4992 0.3943
vn -0.8305 0.2481 0.4988
vn -0.8311 0.2457 0.4989
vn -0.8303 0.2488 0.4987
vn -0.8291 0.0406 0.5577
vn -0.8292 0.0400 0.5576
vn -0.8291 0.0407 0.5577
vn -0.8177 -0.2232 0.5307
vn -0.8175 -0.2217 0.5316
vn -0.8177 -0.2239 0.5303
vn -0.8297 0.1519 0.5371
vn -0.8301 0.1503 0.5369
vn -0.8296 0.1524 0.5371
vn -0.7998 -0.3600 0.4803
vn -0.7996 -0.3581 0.4821
vn -0.7999 -0.3607 0.4796
vn -0.8295 -0.0261 0.5579
vn -0.8273 -0.0315 0.5609
vn -0.8268 -0.0313 0.5616
vn -0.8314 0.3637 0.4201
vn -0.8304 0.3623 0.4232
vn -0.8303 0.3621 0.4237
vn 0.9493 0.2042 0.2388
vn 0.9492 0.2009 0.2424
vn 0.9494 0.2058 0.2371
vn 0.9508 -0.0123 0.3095
vn 0.9515 -0.0063 0.3076
vn 0.9506 -0.0142 0.3101
vn 0.9394 -0.2039 0.2756
vn 0.9397 -0.1995 0.2777
vn 0.9399 -0.1968 0.2790
vn 0.9513 0.0829 0.2968
vn 0.9512 0.0807 0.2977
vn 0.9514 0.0841 0.2963
vn 0.9470 -0.1233 0.2968
vn 0.9471 -0.1201 0.2977
vn 0.9471 -0.1181 0.2983
vn 0.9515 0.0220 0.3069
vn 0.9515 0.0214 0.3068
vn 0.9515 0.0210 0.3068
vn 0.9508 0.1366 0.2781
vn 0.9506 0.1335 0.2801
vn 0.9509 0.1382 0.2771
vn 0.9261 -0.2941 0.2361
vn 0.9266 -0.2897 0.2396
vn 0.9269 -0.2870 0.2417
vn 0.8354 0.4994 0.2295
vn 0.8348 0.4993 0.2318
vn 0.8356 0.4995 0.2289
vn 0.7518 -0.5777 0.3178
vn 0.7511 -0.5770 0.3209
vn 0.7510 -0.5768 0.3214
vn 0.7293 -0.6542 -0.2003
vn 0.7288 -0.6541 -0.2024
vn 0.7294 -0.6543 -0.1998
vn 0.8319 0.4279 -0.3532
vn 0.8329 0.4249 -0.3546
vn 0.8317 0.4286 -0.3529
vn 0.7191 -0.6840 0.1229
vn 0.7186 -0.6842 0.1243
vn 0.7186 -0.6842 0.1245
vn 0.8355 0.5484 0.0335
vn 0.8355 0.5484 0.0336
vn 0.8356 0.5483 0.0331
vn 0.8355 0.5305 -0.1431
vn 0.8358 0.5297 -0.1443
vn 0.8354 0.5308 -0.1428
vn 0.7122 -0.7014 -0.0282
vn 0.7122 -0.7014 -0.0284
vn 0.7123 -0.7013 -0.0282
vn 0.8355 0.5305 0.1431
vn 0.8359 0.5296 0.1443
vn 0.8359 0.5294 0.1446
vn 0.7293 -0.6542 0.2003
vn 0.7288 -0.6541 0.2023
vn 0.7287 -0.6541 0.2028
vn 0.7191 -0.6840 -0.1229
vn 0.7186 -0.6842 -0.1243
vn 0.7192 -0.6840 -0.1226
vn 0.8354 0.4994 -0.2295
vn 0.8348 0.4993 -0.2319
vn 0.8347 0.4993 -0.2324
vn 0.7715 -0.4987 -0.3951
vn 0.7710 -0.4973 -0.3978
vn 0.7716 -0.4992 -0.3943
vn 0.8305 0.2481 -0.4988
vn 0.8311 0.2457 -0.4989
vn 0.8303 0.2488 -0.4987
vn 0.8292 0.0402 -0.5575
vn 0.8292 0.0401 -0.5576
vn 0.8291 0.0407 -0.5577
vn 0.8176 -0.2233 -0.5307
vn 0.8175 -0.2217 -0.5316
vn 0.8177 -0.2239 -0.5303
vn 0.8297 0.1519 -0.5371
vn 0.8301 0.1504 -0.5369
vn 0.8296 0.1524 -0.5371
vn 0.7998 -0.3600 -0.4803
vn 0.7996 -0.3581 -0.4821
vn 0.7999 -0.3607 -0.4796
vn 0.8295 -0.0260 -0.5579
vn 0.8272 -0.0315 -0.5610
vn 0.8268 -0.0313 -0.5616
vn 0.7122 -0.7014 0.0285
vn 0.7122 -0.7014 0.0284
vn 0.7121 -0.7015 0.0286
vn 0.8356 0.5483 -0.0332
vn 0.8355 0.5484 -0.0336
vn 0.8319 0.4279 0.3532
vn 0.8329 0.4249 0.3546
vn 0.8330 0.4244 0.3548
vn 0.7518 -0.5777 -0.3178
vn 0.7511 -0.5770 -0.3208
vn 0.7520 -0.5779 -0.3171
vn 0.8314 0.3637 -0.4201
vn 0.8304 0.3624 -0.4233
vn 0.8303 0.3621 -0.4237
vn -0.9328 0.0053 0.3604
vn -0.9328 0.0047 0.3604
vn -0.9322 0.0017 0.3620
vn -0.9998 -0.0052 0.0187
vn -0.9998 -0.0051 0.0169
vn -0.9999 -0.0040 0.0167
vn -0.9219 -0.0056 -0.3874
vn -0.9221 -0.0051 -0.3868
vn -0.9212 -0.0037 -0.3890
vn 0.0079 -0.8932 -0.4495
vn 0.6008 -0.7994 -0.0000
vn 0.5988 -0.8009 -0.0000
vn 0.5997 -0.8002 -0.0000
vn -0.0090 0.8610 -0.5084
vn -0.1243 0.0002 0.9922
vn -0.1238 0.0002 0.9923
vn -0.1236 -0.0000 0.9923
vn -0.2980 0.9546 -0.0000
vn -0.1245 -0.0000 0.9922
vn -0.1244 0.0002 0.9922
vn 0.1416 -0.0001 -0.9899
vn 0.1413 -0.0005 -0.9900
vn 0.1414 -0.0005 -0.9899
vn 0.5270 -0.0019 -0.8499
vn 0.5273 -0.0014 -0.8497
vn 0.5256 -0.0005 -0.8507
vn -0.3034 -0.9529 -0.0000
vn -0.4961 0.8683 -0.0000
vn -0.3257 0.0006 0.9455
vn -0.3259 0.0008 0.9454
vn -0.3255 0.0004 0.9455
vn 0.5269 0.0019 0.8499
vn 0.5274 0.0014 0.8496
vn 0.5256 0.0005 0.8507
vn 0.4277 0.9039 -0.0000
vn 0.1364 -0.9907 -0.0000
vn -0.3257 -0.0006 -0.9455
vn -0.3259 -0.0008 -0.9454
vn -0.3255 -0.0004 -0.9455
vn -0.6286 0.7777 -0.0000
vn -0.5996 -0.8003 -0.0000
vn -0.6013 -0.7990 -0.0000
vn 0.8161 -0.0041 -0.5778
vn 0.8158 -0.0027 -0.5784
vn 0.8154 -0.0017 -0.5790
vn -0.5920 0.0022 0.8059
vn -0.5916 0.0026 0.8062
vn -0.5899 0.0004 0.8075
vn 0.8161 0.0041 0.5778
vn 0.8158 0.0027 0.5784
vn 0.8154 0.0017 0.5790
vn 0.5063 0.8623 -0.0000
vn 0.3796 -0.9252 -0.0000
vn -0.5915 -0.0027 -0.8063
vn -0.5916 -0.0026 -0.8062
vn -0.5913 -0.0028 -0.8064
vn 0.1417 -0.0002 -0.9899
vn 0.1414 -0.0001 -0.9899
vn 0.2960 -0.0008 -0.9552
vn 0.2970 -0.0004 -0.9549
vn 0.3032 -0.0003 -0.9529
vn -0.1261 -0.9920 -0.0000
vn -0.4540 0.8910 -0.0000
vn 0.2980 0.9546 -0.0000
vn 0.1415 -0.0001 -0.9899
vn 0.1413 -0.0001 -0.9900
vn -0.1411 -0.0003 -0.9900
vn -0.1414 -0.0001 -0.9899
vn -0.1413 -0.0005 -0.9900
vn 0.2959 0.0008 0.9552
vn 0.2970 0.0004 0.9549
vn 0.3018 0.0004 0.9534
vn 0.9221 -0.0051 -0.3868
vn 0.9219 -0.0056 -0.3874
vn 0.9212 -0.0037 -0.3890
vn -0.5988 -0.8009 -0.0000
vn -0.6008 -0.7994 -0.0000
vn 0.0090 0.8610 -0.5084
vn -0.8158 0.0027 0.5784
vn -0.8161 0.0041 0.5778
vn -0.8154 0.0017 0.5790
vn 0.9328 0.0047 0.3604
vn 0.9328 0.0053 0.3604
vn 0.9322 0.0017 0.3620
vn 0.6286 0.7777 -0.0000
vn 0.6013 -0.7990 -0.0000
vn -0.8158 -0.0027 -0.5784
vn -0.8161 -0.0041 -0.5778
vn -0.8154 -0.0017 -0.5790
vn -0.8151 -0.0012 -0.5793
vn -0.8141 -0.0032 -0.5807
vn 0.9316 0.0049 0.3634
vn 0.9316 0.0052 0.3635
vn -0.8151 0.0012 0.5793
vn -0.8141 0.0032 0.5806
vn 0.9203 -0.0051 -0.3912
vn 0.9203 -0.0051 -0.3913
vn 0.2977 0.0009 0.9547
vn 0.3075 0.0013 0.9515
vn 0.1411 -0.0003 -0.9900
vn 0.2976 -0.0009 -0.9547
vn 0.3092 -0.0007 -0.9510
vn -0.0775 -0.9970 -0.0000
vn -0.5904 -0.0003 -0.8071
vn -0.5901 -0.0003 -0.8073
vn -0.5898 -0.0017 -0.8075
vn 0.8151 0.0012 0.5793
vn 0.8141 0.0032 0.5807
vn -0.5904 0.0004 0.8071
vn -0.5898 0.0017 0.8076
vn 0.8151 -0.0012 -0.5793
vn 0.8141 -0.0032 -0.5807
vn -0.3256 -0.0005 -0.9455
vn -0.3252 -0.0003 -0.9456
vn 0.5259 0.0003 0.8505
vn 0.5256 0.0007 0.8507
vn -0.3258 0.0006 0.9455
vn -0.3252 0.0003 0.9456
vn 0.5259 -0.0003 -0.8505
vn 0.5256 -0.0007 -0.8507
vn 0.1411 -0.0009 -0.9900
vn 0.1410 -0.0008 -0.9900
vn -0.1243 -0.0002 -0.9922
vn -0.1245 -0.0000 -0.9922
vn -0.1244 -0.0002 -0.9922
vn -0.9998 0.0051 -0.0187
vn -0.9998 0.0053 -0.0182
vn -0.9998 0.0056 -0.0179
vn -0.9203 -0.0051 -0.3912
vn -0.9203 -0.0051 -0.3913
vn -0.0096 0.8395 -0.5433
vn -0.9316 0.0050 0.3634
vn -0.9316 0.0052 0.3635
vn -0.9316 0.0044 0.3634
vn -0.9316 0.0040 0.3634
vn 0.9998 -0.0051 0.0187
vn 0.9998 -0.0051 0.0169
vn 0.9998 -0.0056 0.0179
vn -0.9203 -0.0043 -0.3912
vn -0.9203 -0.0039 -0.3911
vn -0.9999 0.0040 -0.0167
vn -0.9999 0.0048 -0.0160
vn -0.9999 0.0038 -0.0164
vn 0.2608 0.9654 -0.0000
vn 0.1416 0.0001 0.9899
vn 0.1414 0.0002 0.9899
vn 0.1414 0.0005 0.9899
vn 0.5253 -0.0012 -0.8509
vn 0.5251 -0.0011 -0.8510
vn -0.3256 0.0010 0.9455
vn -0.3259 0.0011 0.9454
vn 0.5253 0.0012 0.8509
vn 0.5251 0.0011 0.8510
vn -0.3256 -0.0010 -0.9455
vn -0.3259 -0.0011 -0.9454
vn 0.8141 -0.0028 -0.5807
vn 0.8141 -0.0025 -0.5807
vn -0.5897 0.0017 0.8076
vn -0.5896 0.0017 0.8077
vn 0.8141 0.0029 0.5807
vn 0.8141 0.0025 0.5807
vn -0.5896 -0.0017 -0.8077
vn -0.1411 0.0007 0.9900
vn -0.1410 0.0008 0.9900
vn -0.1410 0.0006 0.9900
vn 0.2968 -0.0017 -0.9549
vn 0.2977 -0.0023 -0.9547
vn -0.0405 -0.9992 -0.0000
vn 0.2968 0.0017 0.9550
vn 0.2977 0.0023 0.9547
vn 0.9203 -0.0042 -0.3912
vn 0.9203 -0.0039 -0.3911
vn -0.8141 0.0029 0.5807
vn -0.8141 0.0025 0.5807
vn 0.9316 0.0042 0.3634
vn 0.9316 0.0040 0.3634
vn -0.8141 -0.0027 -0.5807
vn -0.8141 -0.0025 -0.5807
vn -0.1414 0.0003 0.9900
vn -0.1411 0.0009 0.9900
vn -0.8157 0.0002 -0.5784
vn 0.1410 0.0008 0.9900
vn 0.1411 0.0007 0.9900
vn 0.1410 0.0006 0.9900
vn -0.1416 0.0001 0.9899
vn -0.1414 0.0005 0.9899
vn -0.1415 0.0001 0.9899
vn -0.1417 0.0002 0.9899
vn -0.1246 -0.0000 0.9922
vn -0.1247 -0.0000 0.9922
vn 0.1415 0.0001 0.9899
vn 0.1413 0.0001 0.9900
vn 0.1410 -0.0006 -0.9900
vn -0.1411 -0.0009 -0.9900
vn -0.1410 -0.0008 -0.9900
vn 0.1411 0.0009 0.9900
vn 0.1417 0.0002 0.9899
vn -0.1416 -0.0001 -0.9899
vn -0.1414 -0.0005 -0.9899
vn 0.3840 0.9233 -0.0000
vn 0.0775 -0.9970 -0.0000
vn -0.1417 -0.0002 -0.9899
vn -0.1410 -0.0006 -0.9900
vn -0.3840 0.9233 -0.0000
vn -0.0488 0.9988 0.0070
vn -0.1413 0.0001 0.9900
vn 0.1239 -0.0002 -0.9923
vn 0.1243 -0.0002 -0.9922
vn 0.1236 -0.0000 -0.9923
vn 0.1245 -0.0000 -0.9922
vn 0.1244 -0.0002 -0.9922
vn 0.1247 -0.0000 -0.9922
vn 0.1246 -0.0000 -0.9922
vn -0.0047 -1.0000 -0.0000
vn -0.0000 -1.0000 -0.0000
vn -0.2608 0.9654 -0.0000
vn -0.1413 -0.0001 -0.9900
vn -0.1415 -0.0001 -0.9899
vn -0.1242 -0.0003 -0.9923
vn -0.1236 -0.0000 -0.9923
vn 0.0405 -0.9992 -0.0000
vn 0.0047 -1.0000 -0.0000
vn -0.1246 -0.0000 -0.9922
vn -0.1247 -0.0000 -0.9922
vn 0.1241 0.0003 0.9923
vn 0.1243 0.0002 0.9922
vn 0.1236 -0.0000 0.9923
vn 0.1245 -0.0000 0.9922
vn 0.1244 0.0002 0.9922
vn 0.1247 -0.0000 0.9922
vn 0.1246 -0.0000 0.9922
vn 0.3091 0.0012 0.9510
vn -0.2977 -0.0009 -0.9547
vn -0.2968 -0.0017 -0.9549
vn -0.2977 -0.0023 -0.9547
vn -0.3032 -0.0003 -0.9529
vn -0.3092 -0.0007 -0.9510
vn -0.1005 0.9944 0.0326
vn 0.3095 0.0007 0.9509
vn -0.2970 -0.0004 -0.9549
vn -0.2960 -0.0008 -0.9552
vn 0.1261 -0.9920 -0.0000
vn 0.4540 0.8910 -0.0000
vn 0.3091 -0.0012 -0.9510
vn -0.2977 0.0009 0.9546
vn -0.2968 0.0017 0.9550
vn -0.2977 0.0023 0.9547
vn -0.3018 0.0004 0.9534
vn -0.3075 0.0013 0.9515
vn 0.3093 -0.0003 -0.9510
vn 0.3091 -0.0005 -0.9510
vn -0.4258 0.9048 -0.0000
vn -0.4259 0.9048 -0.0000
vn -0.4278 0.9039 -0.0000
vn -0.1067 -0.9943 -0.0000
vn 0.3095 -0.0007 -0.9509
vn -0.2970 0.0004 0.9549
vn -0.2960 0.0008 0.9552
vn 0.3259 -0.0008 -0.9454
vn 0.3257 -0.0006 -0.9455
vn 0.3255 -0.0004 -0.9455
vn -0.1364 -0.9907 -0.0000
vn -0.4276 0.9039 -0.0000
vn 0.3256 -0.0006 -0.9455
vn 0.3252 -0.0003 -0.9456
vn 0.3256 -0.0010 -0.9455
vn 0.3259 -0.0011 -0.9454
vn -0.3091 0.0012 0.9510
vn 0.8157 -0.0003 0.5784
vn -0.3095 0.0007 0.9509
vn 0.3259 0.0008 0.9454
vn 0.3257 0.0006 0.9455
vn 0.3255 0.0004 0.9455
vn 0.3256 0.0005 0.9455
vn 0.3252 0.0003 0.9456
vn 0.3256 0.0010 0.9455
vn 0.3259 0.0011 0.9454
vn -0.3091 -0.0012 -0.9510
vn -0.3093 -0.0003 -0.9510
vn -0.3091 -0.0005 -0.9510
vn -0.3095 -0.0007 -0.9509
vn 0.1067 -0.9943 -0.0000
vn 0.4259 0.9048 -0.0000
vn 0.4258 0.9048 -0.0000
vn -0.5259 0.0003 0.8505
vn -0.5253 0.0012 0.8509
vn -0.5251 0.0011 0.8510
vn 0.5780 -0.0016 -0.8160
vn 0.5784 -0.0004 -0.8157
vn 0.5780 -0.0015 -0.8160
vn 0.5788 -0.0010 -0.8155
vn 0.5782 -0.0008 -0.8159
vn -0.5256 0.0005 0.8507
vn -0.5256 0.0007 0.8507
vn -0.5273 0.0014 0.8497
vn -0.5271 0.0018 0.8498
vn -0.4763 0.8793 -0.0000
vn -0.3403 -0.9403 -0.0000
vn 0.5793 -0.0024 -0.8151
vn 0.5793 -0.0025 -0.8151
vn -0.5259 -0.0003 -0.8505
vn -0.5253 -0.0012 -0.8509
vn -0.5251 -0.0011 -0.8510
vn 0.5780 0.0016 0.8160
vn 0.5780 0.0015 0.8160
vn -0.9900 -0.0000 -0.1412
vn -0.5256 -0.0005 -0.8507
vn -0.5256 -0.0007 -0.8507
vn -0.5273 -0.0014 -0.8497
vn -0.5269 -0.0019 -0.8499
vn 0.3034 -0.9529 -0.0000
vn 0.4961 0.8683 -0.0000
vn 0.5793 0.0023 0.8151
vn 0.5793 0.0022 0.8151
vn 0.5793 0.0025 0.8151
vn 0.5916 -0.0026 -0.8062
vn 0.5921 -0.0022 -0.8059
vn 0.5900 -0.0005 -0.8074
vn -0.3796 -0.9252 -0.0000
vn -0.5063 0.8624 -0.0000
vn 0.5903 -0.0005 -0.8072
vn 0.5898 -0.0017 -0.8076
vn 0.5897 -0.0017 -0.8076
vn 0.5896 -0.0017 -0.8077
vn -0.5780 0.0015 0.8160
vn -0.5780 0.0016 0.8160
vn 0.1005 0.9944 0.0326
vn -0.5793 0.0022 0.8151
vn -0.5793 0.0024 0.8151
vn -0.5793 0.0025 0.8151
vn 0.5916 0.0026 0.8062
vn 0.5921 0.0022 0.8059
vn 0.5900 0.0005 0.8074
vn 0.5903 0.0005 0.8072
vn 0.5899 0.0015 0.8075
vn 0.5897 0.0017 0.8076
vn 0.5896 0.0017 0.8077
vn -0.5785 -0.0003 -0.8157
vn -0.5780 -0.0016 -0.8160
vn -0.5780 -0.0015 -0.8160
vn -0.5788 -0.0010 -0.8155
vn -0.5782 -0.0008 -0.8159
vn -0.5792 -0.0025 -0.8151
vn -0.5793 -0.0024 -0.8151
vn 0.3403 -0.9403 -0.0000
vn 0.4763 0.8793 -0.0000
vn 0.0177 -0.0001 -0.9998
vn -0.0177 -0.0001 -0.9998
vn 0.9998 -0.0053 0.0182
vn 0.9998 -0.0040 0.0179
vn 0.0096 0.8395 -0.5433
vn -0.9998 -0.0053 0.0182
vn -0.9998 -0.0056 0.0179
vn 0.9999 -0.0040 0.0167
vn 0.9999 -0.0048 0.0160
vn 0.9999 0.0040 -0.0167
vn 0.9999 0.0048 -0.0160
vn 0.9998 0.0051 -0.0169
vn 0.9998 0.0052 -0.0188
vn 0.9998 0.0053 -0.0182
vn 0.9998 0.0040 -0.0179
vn -0.9999 -0.0048 0.0160
vn -0.9999 -0.0038 0.0164
vn -0.9998 0.0045 -0.0176
vn -0.0079 -0.8932 -0.4495
vn 0.9998 0.0056 -0.0179
vn -0.9998 0.0040 -0.0183
vn -0.9998 0.0037 -0.0175
vn -0.9998 0.0036 -0.0175
vn 0.9998 -0.0038 0.0186
vn 0.9998 -0.0036 0.0175
vn 0.9998 -0.0040 0.0183
vn -0.0045 0.9667 0.2557
vn 0.9998 -0.0041 0.0172
vn 0.9998 -0.0037 0.0175
vn 0.9998 -0.0035 0.0175
vn -0.9998 0.0038 -0.0186
vn -0.9998 0.0035 -0.0175
vn 0.9999 -0.0053 0.0162
vn -0.9998 0.0041 -0.0172
vn -0.9999 0.0053 -0.0162
vn -0.0036 -0.9794 0.2017
vn 0.9998 0.0040 -0.0183
vn 0.9998 0.0037 -0.0175
vn 0.9999 0.0052 -0.0163
vn 0.0036 -0.9794 0.2017
vn -0.9998 -0.0038 0.0186
vn -0.9998 -0.0036 0.0175
vn -0.9998 -0.0035 0.0175
vn 0.9998 0.0041 -0.0172
vn 0.9998 0.0035 -0.0175
vn 0.9998 0.0038 -0.0186
vn 0.9998 0.0036 -0.0175
vn -0.9998 -0.0041 0.0172
vn -0.9998 -0.0037 0.0175
vn -0.9999 -0.0052 0.0163
vn 0.0045 0.9667 0.2557
vn -0.9998 -0.0040 0.0183
vn 0.9999 -0.0038 0.0164
vn 0.0047 0.9646 -0.2635
vn -0.9998 0.0040 -0.0180
vn 0.0037 -0.9782 -0.2077
vn -0.0037 -0.9782 -0.2077
vn 0.9999 0.0038 -0.0164
vn -0.9998 -0.0040 0.0180
vn -0.0047 0.9646 -0.2635
vn -0.9998 -0.0051 0.0181
vn 0.0097 0.8363 0.5482
vn -0.9998 -0.0054 0.0167
vn -0.9998 -0.0056 0.0171
vn 0.9998 0.0048 -0.0191
vn 0.9998 0.0051 -0.0181
vn 0.9998 0.0054 -0.0167
vn -0.9998 -0.0048 0.0191
vn 0.0080 -0.8908 0.4543
vn 0.9998 0.0056 -0.0171
vn -0.0080 -0.8908 0.4543
vn -0.9998 0.0053 -0.0167
vn -0.9998 0.0056 -0.0171
vn 0.9998 -0.0051 0.0181
vn 0.9998 -0.0056 0.0171
vn -0.9998 0.0048 -0.0191
vn 0.9998 -0.0054 0.0167
vn -0.0097 0.8363 0.5482
vn 0.9998 -0.0048 0.0191
vn -0.9998 0.0051 -0.0181
vn 0.1412 -0.0000 0.9900
vn -0.1412 -0.0000 0.9900
vn 0.3092 -0.0000 0.9510
vn 0.3092 0.0001 0.9510
vn 0.3091 0.0001 0.9510
vn -0.3092 0.0001 0.9510
vn -0.3092 -0.0000 0.9510
vn -0.3091 0.0001 0.9510
vn 0.5785 0.0002 0.8157
vn 0.5784 0.0002 0.8158
vn 0.5783 0.0002 0.8158
vn -0.5784 0.0002 0.8158
vn -0.5785 0.0002 0.8157
vn -0.5783 0.0002 0.8158
vn 0.8157 0.0002 -0.5784
vn 0.9510 -0.0002 0.3092
vn 0.3131 -0.9233 0.2223
vn -0.9900 -0.0001 0.1412
vn -0.8157 -0.0003 0.5784
vn 0.0488 0.9988 0.0070
vn 0.2284 0.9600 0.1617
vn 0.9900 -0.0000 -0.1412
vn -0.3131 -0.9233 0.2223
vn 0.9510 0.0001 -0.3092
vn -0.9510 0.0001 -0.3092
vn -0.3842 -0.9147 0.1250
vn -0.2821 -0.9586 0.0402
vn 0.3842 -0.9147 0.1250
vn 0.9900 -0.0001 0.1412
vn -0.2284 0.9600 0.1617
vn 0.2821 -0.9586 0.0402
vn -0.9510 -0.0002 0.3092
vn -0.9490 0.1990 0.2444
vn 0.9490 0.1990 -0.2444
vn 0.9151 -0.3535 -0.1939
vn 0.9490 0.2370 0.2080
vn 0.9468 0.3211 -0.0206
vn 0.8911 -0.4535 0.0194
vn 0.9517 -0.0042 -0.3069
vn -0.9517 -0.0042 0.3069
vn -0.9392 -0.2064 0.2744
vn 0.9392 -0.2064 -0.2744
vn 0.9512 0.0794 -0.2983
vn -0.9512 0.0794 0.2983
vn -0.9469 -0.1251 0.2962
vn 0.9469 -0.1251 -0.2962
vn -0.9515 0.0224 0.3069
vn 0.9515 0.0224 -0.3069
vn 0.9505 0.1317 -0.2813
vn -0.9505 0.1317 0.2814
vn 0.9259 -0.2965 -0.2342
vn -0.9259 -0.2965 0.2342
vn 0.9477 0.2867 -0.1400
vn 0.8954 -0.4382 -0.0785
vn 0.9025 -0.4096 0.1333
vn 0.9474 0.3090 0.0831
vn 0.8911 -0.4534 -0.0182
vn 0.9472 0.3082 -0.0884
vn 0.9469 0.3210 0.0194
vn 0.8954 -0.4373 0.0835
vn 0.9484 0.2447 -0.2015
vn 0.9020 -0.4129 -0.1261
vn 0.9158 -0.3466 0.2027
vn 0.9480 0.2892 0.1325
vn -0.1021 -0.8666 0.4885
vn -0.1338 0.7568 -0.6399
vn -0.0914 -0.9793 0.1803
vn -0.1338 0.9552 -0.2640
vn -0.0946 -0.9499 0.2980
vn -0.1340 0.8966 -0.4221
vn 0.1096 -0.7720 0.6261
vn -0.1096 -0.7720 -0.6261
vn 0.1351 0.4330 0.8912
vn -0.1351 0.4329 -0.8912
vn -0.1353 0.0702 -0.9883
vn 0.1354 0.0702 0.9883
vn 0.1354 0.2637 0.9550
vn -0.1354 0.2637 -0.9550
vn -0.1212 -0.5865 -0.8009
vn 0.1212 -0.5865 0.8009
vn 0.1354 -0.0671 0.9885
vn -0.1354 -0.0671 -0.9885
vn -0.1339 0.7566 0.6400
vn -0.1022 -0.8667 -0.4883
vn -0.1340 0.6395 -0.7571
vn 0.1340 0.6395 0.7571
vn 0.5803 0.5291 0.6191
vn 0.5839 -0.0517 0.8102
vn 0.5834 0.3581 0.7290
vn 0.5011 -0.6750 0.5416
vn 0.3366 0.8537 0.3974
vn 0.2579 -0.8440 0.4704
vn 0.2437 -0.9254 -0.2903
vn 0.3315 0.7203 -0.6093
vn 0.2403 -0.9550 0.1739
vn 0.3427 0.9377 0.0581
vn 0.3422 0.9057 -0.2503
vn 0.2364 -0.9708 -0.0401
vn 0.3406 0.9070 0.2478
vn 0.2454 -0.9259 0.2872
vn 0.2392 -0.9549 -0.1759
vn 0.3391 0.8511 -0.4007
vn 0.2661 -0.7485 -0.6074
vn 0.3191 0.4140 -0.8525
vn 0.3115 0.0673 -0.9479
vn 0.3003 -0.3625 -0.8823
vn 0.3146 0.2527 -0.9150
vn 0.2861 -0.5660 -0.7732
vn 0.3112 -0.0605 -0.9484
vn 0.2367 -0.9708 0.0396
vn 0.3430 0.9376 -0.0575
vn 0.3277 0.7247 0.6061
vn 0.2550 -0.8423 -0.4748
vn 0.3250 0.6103 -0.7225
vn -0.5803 0.5291 -0.6191
vn -0.5839 -0.0517 -0.8102
vn -0.5834 0.3581 -0.7290
vn -0.5011 -0.6750 -0.5416
vn -0.5805 0.7382 -0.3435
vn -0.4354 -0.8857 -0.1613
vn -0.5797 0.7860 0.2148
vn -0.5797 0.6250 -0.5227
vn -0.2661 -0.7485 0.6074
vn -0.3191 0.4140 0.8525
vn -0.3115 0.0673 0.9479
vn -0.3003 -0.3625 0.8823
vn -0.3146 0.2527 0.9150
vn -0.2861 -0.5660 0.7732
vn -0.3112 -0.0605 0.9484
vn -0.3250 0.6103 0.7225
vn -0.1340 0.6395 0.7571
vn -0.1354 -0.0671 0.9885
vn -0.1212 -0.5865 0.8009
vn -0.1354 0.2637 0.9550
vn -0.1354 0.0702 0.9883
vn -0.1351 0.4330 0.8912
vn -0.1096 -0.7720 0.6261
vn -0.3250 0.6103 -0.7225
vn -0.2550 -0.8423 -0.4748
vn -0.3277 0.7247 0.6061
vn -0.3430 0.9376 -0.0575
vn -0.2367 -0.9708 0.0396
vn -0.3112 -0.0605 -0.9484
vn -0.2861 -0.5660 -0.7732
vn -0.3146 0.2527 -0.9150
vn -0.3003 -0.3625 -0.8823
vn -0.3115 0.0673 -0.9479
vn -0.3191 0.4140 -0.8525
vn -0.2661 -0.7485 -0.6074
vn -0.3391 0.8511 -0.4007
vn -0.2392 -0.9549 -0.1758
vn -0.2454 -0.9259 0.2872
vn -0.3406 0.9070 0.2478
vn -0.2364 -0.9708 -0.0401
vn -0.3422 0.9057 -0.2503
vn -0.3427 0.9377 0.0581
vn -0.2403 -0.9550 0.1739
vn -0.3315 0.7203 -0.6093
vn -0.2437 -0.9254 -0.2903
vn -0.2579 -0.8440 0.4704
vn -0.3366 0.8537 0.3974
vn 0.1340 0.6395 -0.7571
vn 0.1022 -0.8667 -0.4883
vn 0.1339 0.7566 0.6400
vn 0.1354 -0.0671 -0.9885
vn 0.1212 -0.5865 -0.8009
vn 0.1354 0.2637 -0.9550
vn 0.1353 0.0702 -0.9883
vn 0.1351 0.4329 -0.8912
vn 0.1096 -0.7720 -0.6261
vn 0.1340 0.8966 -0.4221
vn 0.0946 -0.9499 0.2980
vn 0.1338 0.9552 -0.2640
vn 0.0914 -0.9793 0.1803
vn 0.1338 0.7568 -0.6399
vn 0.1021 -0.8666 0.4885
vn 0.3250 0.6103 0.7225
vn 0.3112 -0.0605 0.9484
vn 0.2860 -0.5660 0.7732
vn 0.3146 0.2527 0.9150
vn 0.3003 -0.3625 0.8823
vn 0.3115 0.0673 0.9479
vn 0.3191 0.4140 0.8525
vn 0.2661 -0.7485 0.6074
vn -0.8347 0.4993 0.2324
vn -0.7520 -0.5779 0.3171
vn -0.7287 -0.6541 -0.2028
vn -0.8330 0.4244 -0.3548
vn -0.7192 -0.6840 0.1226
vn -0.8359 0.5294 -0.1446
vn -0.7121 -0.7015 -0.0286
vn -0.8354 0.5308 0.1428
vn -0.7294 -0.6543 0.1998
vn -0.7186 -0.6842 -0.1245
vn -0.8356 0.4995 -0.2289
vn -0.7709 -0.4969 -0.3985
vn -0.8312 0.2451 -0.4990
vn -0.8174 -0.2211 -0.5320
vn -0.8302 0.1500 -0.5369
vn -0.7995 -0.3575 -0.4827
vn -0.8295 -0.0255 -0.5579
vn -0.7123 -0.7013 0.0282
vn -0.8356 0.5483 -0.0331
vn -0.8317 0.4286 0.3529
vn -0.7510 -0.5768 -0.3214
vn -0.8317 0.3640 -0.4194
vn -0.5011 -0.6750 0.5416
vn -0.5834 0.3581 0.7290
vn -0.5839 -0.0517 0.8102
vn -0.5803 0.5291 0.6191
vn 0.7709 -0.4969 0.3985
vn 0.8312 0.2451 0.4990
vn 0.8292 0.0400 0.5575
vn 0.8174 -0.2211 0.5320
vn 0.8302 0.1500 0.5369
vn 0.7995 -0.3575 0.4827
vn 0.8295 -0.0255 0.5579
vn 0.8316 0.3640 0.4194
vn 0.5797 0.6250 -0.5227
vn 0.5797 0.7860 0.2148
vn 0.4354 -0.8857 -0.1613
vn 0.5805 0.7382 -0.3435
vn 0.5011 -0.6750 -0.5416
vn 0.5834 0.3581 -0.7290
vn 0.5839 -0.0517 -0.8102
vn 0.5797 0.6252 0.5227
vn 0.5803 0.5291 -0.6191
vn -0.9490 0.1990 -0.2444
vn -0.9151 -0.3535 -0.1939
vn -0.9490 0.2370 0.2080
vn -0.9468 0.3211 -0.0206
vn -0.8911 -0.4535 0.0194
vn -0.9517 -0.0042 -0.3069
vn -0.9392 -0.2064 -0.2744
vn -0.9512 0.0794 -0.2983
vn -0.9469 -0.1251 -0.2962
vn -0.9515 0.0224 -0.3069
vn -0.9505 0.1317 -0.2813
vn -0.9259 -0.2965 -0.2342
vn -0.9477 0.2867 -0.1400
vn -0.8954 -0.4382 -0.0785
vn -0.9025 -0.4096 0.1334
vn -0.9474 0.3090 0.0831
vn -0.8911 -0.4534 -0.0182
vn -0.9472 0.3082 -0.0884
vn -0.9469 0.3210 0.0194
vn -0.8954 -0.4373 0.0835
vn -0.9484 0.2447 -0.2015
vn -0.9020 -0.4129 -0.1261
vn -0.9158 -0.3466 0.2027
vn -0.9480 0.2892 0.1325
vn -0.7709 -0.4969 0.3985
vn -0.8312 0.2451 0.4990
vn -0.8292 0.0400 0.5575
vn -0.8174 -0.2211 0.5320
vn -0.8302 0.1500 0.5369
vn -0.7995 -0.3575 0.4827
vn -0.8295 -0.0255 0.5579
vn -0.8316 0.3640 0.4194
vn 0.9490 0.1990 0.2444
vn 0.9517 -0.0042 0.3069
vn 0.9392 -0.2064 0.2744
vn 0.9512 0.0794 0.2983
vn 0.9469 -0.1251 0.2962
vn 0.9515 0.0224 0.3069
vn 0.9505 0.1317 0.2813
vn 0.9259 -0.2965 0.2342
vn 0.8347 0.4993 0.2324
vn 0.7520 -0.5779 0.3171
vn 0.7287 -0.6541 -0.2028
vn 0.8330 0.4244 -0.3548
vn 0.7192 -0.6840 0.1226
vn 0.8359 0.5294 -0.1446
vn 0.7121 -0.7015 -0.0286
vn 0.8354 0.5308 0.1428
vn 0.7294 -0.6543 0.1998
vn 0.7186 -0.6842 -0.1245
vn 0.8356 0.4995 -0.2289
vn 0.7709 -0.4969 -0.3985
vn 0.8312 0.2451 -0.4990
vn 0.8292 0.0400 -0.5575
vn 0.8174 -0.2211 -0.5319
vn 0.8302 0.1500 -0.5369
vn 0.7995 -0.3575 -0.4827
vn 0.8295 -0.0255 -0.5579
vn 0.7123 -0.7013 0.0282
vn 0.8356 0.5483 -0.0331
vn 0.8317 0.4286 0.3529
vn 0.7510 -0.5768 -0.3214
vn 0.8317 0.3639 -0.4194
vn -0.9221 -0.0046 -0.3869
vn -0.0071 -0.9159 -0.4012
vn 0.7102 0.7040 -0.0000
vn 0.5275 -0.0015 -0.8496
vn -0.3260 0.0008 0.9454
vn 0.5275 0.0015 0.8496
vn -0.3260 -0.0008 -0.9454
vn 0.8161 -0.0039 -0.5778
vn -0.5918 0.0025 0.8061
vn 0.8161 0.0039 0.5778
vn -0.5917 -0.0025 -0.8061
vn 0.2975 -0.0004 -0.9547
vn 0.2975 0.0004 0.9547
vn 0.9221 -0.0046 -0.3869
vn 0.0071 -0.9159 -0.4012
vn -0.7102 0.7040 -0.0000
vn -0.8161 0.0039 0.5778
vn -0.8161 -0.0039 -0.5778
vn -0.5905 -0.0002 -0.8070
vn -0.5898 -0.0018 -0.8076
vn -0.1248 -0.0000 0.9922
vn 0.1248 -0.0000 -0.9922
vn -0.1248 -0.0000 -0.9922
vn 0.1248 -0.0000 0.9922
vn 0.3090 0.0011 0.9510
vn -0.2975 -0.0004 -0.9547
vn -0.2975 0.0004 0.9547
vn 0.3260 -0.0008 -0.9454
vn -0.3090 0.0011 0.9510
vn 0.3260 0.0008 0.9454
vn -0.5275 0.0015 0.8496
vn 0.5794 -0.0021 -0.8151
vn -0.5275 -0.0015 -0.8496
vn 0.5794 0.0021 0.8151
vn 0.5918 -0.0025 -0.8061
vn -0.5794 0.0021 0.8151
vn 0.5918 0.0025 0.8061
vn -0.5794 -0.0021 -0.8151
vt 0.213054 0.842108
vt 0.204465 0.851023
vt 0.210156 0.839865
vt 0.205195 0.856467
vt 0.205453 0.856690
vt 0.204814 0.857272
vt 0.308745 0.877524
vt 0.318725 0.870195
vt 0.311220 0.880227
vt 0.318932 0.864706
vt 0.318715 0.864443
vt 0.319445 0.863978
vt 0.332951 0.877467
vt 0.326559 0.870553
vt 0.327009 0.869955
vt 0.311357 0.854948
vt 0.318077 0.865019
vt 0.308705 0.857501
vt 0.305500 0.865709
vt 0.317282 0.867528
vt 0.305344 0.868551
vt 0.335414 0.869173
vt 0.327638 0.867427
vt 0.335627 0.866338
vt 0.318258 0.866991
vt 0.318199 0.867771
vt 0.206341 0.853406
vt 0.205471 0.854101
vt 0.205396 0.853322
vt 0.197942 0.853617
vt 0.202629 0.854259
vt 0.197985 0.854518
vt 0.325595 0.868748
vt 0.321085 0.867318
vt 0.325705 0.867853
vt 0.321401 0.864586
vt 0.325937 0.864249
vt 0.325927 0.865156
vt 0.319201 0.883533
vt 0.325108 0.871415
vt 0.325054 0.883942
vt 0.202782 0.857006
vt 0.198370 0.858109
vt 0.198226 0.857214
vt 0.201729 0.837964
vt 0.197968 0.850906
vt 0.195891 0.838556
vt 0.192323 0.840924
vt 0.197531 0.851108
vt 0.197102 0.851448
vt 0.197676 0.857111
vt 0.197448 0.857667
vt 0.197122 0.856905
vt 0.328974 0.882216
vt 0.325573 0.871290
vt 0.326054 0.871029
vt 0.326451 0.865350
vt 0.326770 0.864842
vt 0.326962 0.865648
vt 0.326853 0.868770
vt 0.326335 0.867926
vt 0.326963 0.867999
vt 0.196698 0.853810
vt 0.197352 0.854553
vt 0.196721 0.854588
vt 0.204455 0.853296
vt 0.203576 0.854207
vt 0.203515 0.853303
vt 0.319122 0.867957
vt 0.320143 0.867209
vt 0.320049 0.868110
vt 0.320590 0.864527
vt 0.320148 0.863743
vt 0.320835 0.863643
vt 0.313813 0.881916
vt 0.320002 0.870838
vt 0.316473 0.883015
vt 0.203592 0.856926
vt 0.204161 0.857623
vt 0.203501 0.857838
vt 0.207314 0.838641
vt 0.203097 0.850606
vt 0.204505 0.838011
vt 0.194088 0.839438
vt 0.197912 0.857957
vt 0.326981 0.883380
vt 0.326362 0.864477
vt 0.326223 0.868776
vt 0.197318 0.853696
vt 0.202425 0.850598
vt 0.202833 0.857921
vt 0.320664 0.870961
vt 0.321507 0.863675
vt 0.320980 0.868229
vt 0.202578 0.853344
vt 0.204524 0.854154
vt 0.319200 0.867100
vt 0.319767 0.864566
vt 0.319356 0.870584
vt 0.204396 0.856748
vt 0.203778 0.850747
vt 0.196081 0.853977
vt 0.196090 0.854623
vt 0.327489 0.868710
vt 0.327591 0.868072
vt 0.327153 0.865420
vt 0.327454 0.866105
vt 0.331075 0.880110
vt 0.196972 0.857162
vt 0.196559 0.856538
vt 0.190610 0.843357
vt 0.196685 0.852003
vt 0.196785 0.855364
vt 0.196313 0.855905
vt 0.196153 0.855267
vt 0.326671 0.869533
vt 0.327292 0.869337
vt 0.204551 0.855015
vt 0.205388 0.855673
vt 0.204506 0.855879
vt 0.318392 0.869369
vt 0.319115 0.868823
vt 0.319173 0.869696
vt 0.319965 0.869923
vt 0.320875 0.869140
vt 0.320769 0.870050
vt 0.202680 0.855175
vt 0.203620 0.856018
vt 0.202731 0.856090
vt 0.325860 0.870460
vt 0.325461 0.869640
vt 0.326063 0.869621
vt 0.198042 0.855418
vt 0.197523 0.856261
vt 0.197414 0.855408
vt 0.203616 0.855111
vt 0.319991 0.869014
vt 0.326425 0.870288
vt 0.196921 0.856137
vt 0.198123 0.856316
vt 0.325305 0.870530
vt 0.317632 0.868869
vt 0.318247 0.868565
vt 0.305777 0.871460
vt 0.306746 0.874432
vt 0.334974 0.871982
vt 0.205483 0.854884
vt 0.206264 0.855351
vt 0.327032 0.867223
vt 0.327589 0.866771
vt 0.196343 0.852668
vt 0.196747 0.853027
vt 0.196169 0.853325
vt 0.319320 0.866247
vt 0.318607 0.865456
vt 0.319511 0.865403
vt 0.204934 0.851781
vt 0.204314 0.852441
vt 0.204109 0.851591
vt 0.203289 0.851502
vt 0.202527 0.852429
vt 0.202476 0.851513
vt 0.321191 0.866407
vt 0.320407 0.865417
vt 0.321296 0.865497
vt 0.197390 0.851975
vt 0.197922 0.852715
vt 0.197332 0.852837
vt 0.325802 0.866957
vt 0.326457 0.866214
vt 0.326420 0.867073
vt 0.320257 0.866311
vt 0.203419 0.852402
vt 0.196862 0.852241
vt 0.327029 0.866439
vt 0.325875 0.866058
vt 0.197924 0.851812
vt 0.205768 0.852144
vt 0.205214 0.852549
vt 0.335447 0.863457
vt 0.334911 0.860536
vt 0.305997 0.862907
vt 0.317689 0.865624
vt 0.317431 0.866245
vt 0.318379 0.866217
vt 0.206413 0.854696
vt 0.317392 0.868191
vt 0.317315 0.866882
vt 0.206120 0.852771
vt 0.318121 0.869576
vt 0.334141 0.874745
vt 0.205984 0.856014
vt 0.333687 0.857534
vt 0.205166 0.851531
vt 0.307084 0.860173
vt 0.161610 0.816668
vt 0.156553 0.824491
vt 0.156188 0.816519
vt 0.216240 0.780514
vt 0.208194 0.785340
vt 0.208194 0.779741
vt 0.216240 0.818221
vt 0.208194 0.813242
vt 0.216240 0.812849
vt 0.129311 0.816668
vt 0.123203 0.824923
vt 0.123998 0.816936
vt 0.216240 0.791314
vt 0.208194 0.796515
vt 0.208194 0.790930
vt 0.150782 0.816431
vt 0.145369 0.824380
vt 0.145393 0.816412
vt 0.134655 0.816519
vt 0.139797 0.824401
vt 0.134244 0.824491
vt 0.216240 0.807472
vt 0.208194 0.802094
vt 0.216240 0.802090
vt 0.150952 0.824401
vt 0.216240 0.785918
vt 0.208194 0.807671
vt 0.128707 0.824646
vt 0.200147 0.776067
vt 0.200147 0.780514
vt 0.216240 0.827983
vt 0.208194 0.824364
vt 0.216240 0.823584
vt 0.366063 0.737094
vt 0.371246 0.728740
vt 0.371513 0.736857
vt 0.391176 0.674168
vt 0.386169 0.682597
vt 0.385739 0.674488
vt 0.380325 0.674684
vt 0.374977 0.682878
vt 0.374932 0.674759
vt 0.376935 0.736755
vt 0.382447 0.728666
vt 0.382329 0.736786
vt 0.367344 0.674750
vt 0.363568 0.682722
vt 0.363777 0.674610
vt 0.389913 0.736954
vt 0.393844 0.729074
vt 0.393472 0.737181
vt 0.376861 0.728634
vt 0.380562 0.682800
vt 0.359906 0.682446
vt 0.360241 0.674344
vt 0.397490 0.729452
vt 0.396993 0.737547
vt 0.390158 0.728838
vt 0.367262 0.682868
vt 0.216240 0.796704
vt 0.140015 0.816431
vt 0.167821 0.824923
vt 0.162171 0.824646
vt 0.208194 0.818808
vt 0.397471 0.681714
vt 0.391800 0.682266
vt 0.359906 0.729472
vt 0.365601 0.728986
vt 0.370295 0.753998
vt 0.362509 0.745803
vt 0.367478 0.745374
vt 0.381935 0.753772
vt 0.389411 0.745247
vt 0.388505 0.753909
vt 0.391051 0.754073
vt 0.395806 0.745788
vt 0.393570 0.754338
vt 0.378075 0.753751
vt 0.372402 0.745157
vt 0.377300 0.745063
vt 0.392626 0.745455
vt 0.382172 0.745090
vt 0.374196 0.753825
vt 0.184054 0.783212
vt 0.192101 0.782365
vt 0.184054 0.786432
vt 0.161596 0.832733
vt 0.155279 0.840779
vt 0.156173 0.832584
vt 0.200147 0.785918
vt 0.200147 0.812849
vt 0.192101 0.816815
vt 0.192101 0.811906
vt 0.123984 0.833001
vt 0.130723 0.840914
vt 0.125868 0.841156
vt 0.200147 0.796704
vt 0.192101 0.792231
vt 0.200147 0.791314
vt 0.145378 0.832477
vt 0.150340 0.840700
vt 0.145417 0.840682
vt 0.134640 0.832584
vt 0.140503 0.840700
vt 0.135606 0.840779
vt 0.200147 0.802090
vt 0.192101 0.806994
vt 0.192101 0.802076
vt 0.150767 0.832496
vt 0.192101 0.787302
vt 0.200147 0.807472
vt 0.129296 0.832733
vt 0.200147 0.823584
vt 0.192101 0.825734
vt 0.192101 0.821715
vt 0.385874 0.690484
vt 0.389862 0.697924
vt 0.384950 0.698216
vt 0.375067 0.690755
vt 0.380058 0.698395
vt 0.375187 0.698463
vt 0.363911 0.690605
vt 0.367944 0.698456
vt 0.364722 0.698328
vt 0.380459 0.690680
vt 0.360376 0.690339
vt 0.361529 0.698084
vt 0.367478 0.690746
vt 0.192101 0.797156
vt 0.140000 0.832496
vt 0.167050 0.833001
vt 0.160233 0.840914
vt 0.200147 0.818221
vt 0.391311 0.690164
vt 0.394809 0.697438
vt 0.386591 0.657411
vt 0.394540 0.665447
vt 0.389593 0.665933
vt 0.232333 0.817611
vt 0.224287 0.816815
vt 0.232333 0.813729
vt 0.220619 0.841181
vt 0.220957 0.832796
vt 0.225338 0.837473
vt 0.141649 0.800870
vt 0.145446 0.808552
vt 0.140533 0.808570
vt 0.232333 0.798152
vt 0.224287 0.802076
vt 0.224287 0.797156
vt 0.374967 0.657838
vt 0.367675 0.666465
vt 0.368394 0.657838
vt 0.365842 0.657736
vt 0.361260 0.666093
vt 0.363313 0.657543
vt 0.378826 0.657784
vt 0.384681 0.666225
vt 0.379789 0.666404
vt 0.364453 0.666337
vt 0.374918 0.666472
vt 0.382700 0.657642
vt 0.232333 0.820796
vt 0.224287 0.821715
vt 0.133899 0.801039
vt 0.135635 0.808649
vt 0.130752 0.808784
vt 0.232333 0.809839
vt 0.224287 0.806994
vt 0.232333 0.805947
vt 0.232333 0.790344
vt 0.224287 0.792231
vt 0.224287 0.787302
vt 0.153357 0.800933
vt 0.150369 0.808570
vt 0.149443 0.800870
vt 0.232333 0.802050
vt 0.137768 0.800933
vt 0.145542 0.800856
vt 0.232333 0.794249
vt 0.393846 0.656578
vt 0.390510 0.657026
vt 0.224287 0.811906
vt 0.232333 0.786432
vt 0.224287 0.782365
vt 0.157282 0.801039
vt 0.155308 0.808649
vt 0.224287 0.778302
vt 0.371693 0.720882
vt 0.367837 0.713423
vt 0.372761 0.713206
vt 0.382509 0.720810
vt 0.377659 0.713112
vt 0.382532 0.713139
vt 0.393652 0.721206
vt 0.389771 0.713296
vt 0.392986 0.713504
vt 0.377115 0.720780
vt 0.397173 0.721571
vt 0.396166 0.713837
vt 0.390093 0.720978
vt 0.366243 0.721119
vt 0.362869 0.713852
vt 0.216240 0.776067
vt 0.160262 0.808784
vt 0.167064 0.816936
vt 0.224287 0.825734
vt 0.125898 0.809026
vt 0.200147 0.827983
vt 0.192101 0.778302
vt 0.215551 0.844815
vt 0.222647 0.844968
vt 0.217010 0.847579
vt 0.185536 0.843133
vt 0.187488 0.839125
vt 0.190159 0.863299
vt 0.185413 0.862636
vt 0.189133 0.860511
vt 0.216499 0.861834
vt 0.218882 0.868572
vt 0.214319 0.864801
vt 0.188501 0.849165
vt 0.184054 0.851014
vt 0.184546 0.847087
vt 0.217932 0.850373
vt 0.224381 0.852670
vt 0.218261 0.853200
vt 0.218248 0.856046
vt 0.223513 0.860516
vt 0.217642 0.858925
vt 0.188466 0.857703
vt 0.184112 0.854910
vt 0.188194 0.854873
vt 0.223926 0.848796
vt 0.189210 0.846280
vt 0.184488 0.858788
vt 0.221919 0.864504
vt 0.193847 0.868277
vt 0.189221 0.870223
vt 0.191875 0.866049
vt 0.211688 0.867351
vt 0.211475 0.874174
vt 0.208999 0.868883
vt 0.206278 0.869821
vt 0.203854 0.875952
vt 0.203524 0.870176
vt 0.197657 0.870235
vt 0.194632 0.875027
vt 0.195767 0.869559
vt 0.207687 0.875462
vt 0.191963 0.873273
vt 0.197262 0.875952
vt 0.188150 0.852030
vt 0.224360 0.856570
vt 0.217149 0.837475
vt 0.186836 0.866456
vt 0.215217 0.872071
vt 0.232333 0.783212
vt 0.374735 0.705899
vt 0.378615 0.705824
vt 0.382475 0.705845
vt 0.389045 0.705982
vt 0.391591 0.706147
vt 0.394109 0.706411
vt 0.213118 0.834404
vt 0.215868 0.828921
vt 0.332122 0.855004
vt 0.337012 0.853878
vt 0.314384 0.852882
vt 0.315754 0.846200
vt 0.317294 0.851830
vt 0.320135 0.851369
vt 0.323566 0.845744
vt 0.322909 0.851487
vt 0.328701 0.852427
vt 0.332496 0.848223
vt 0.330449 0.853414
vt 0.319706 0.845575
vt 0.334829 0.850405
vt 0.330062 0.846865
vt 0.307502 0.850460
vt 0.311708 0.847636
vt 0.157238 0.849235
vt 0.153313 0.849128
vt 0.184054 0.813729
vt 0.184054 0.809839
vt 0.133855 0.849235
vt 0.130009 0.849427
vt 0.184054 0.794249
vt 0.149399 0.849065
vt 0.145498 0.849051
vt 0.137724 0.849128
vt 0.184054 0.805947
vt 0.184054 0.802050
vt 0.184054 0.790344
vt 0.184054 0.820796
vt 0.184054 0.817611
vt 0.383104 0.705629
vt 0.379229 0.705770
vt 0.375371 0.705824
vt 0.368798 0.705824
vt 0.366246 0.705722
vt 0.363716 0.705530
vt 0.184054 0.798152
vt 0.141605 0.849065
vt 0.165215 0.841156
vt 0.299374 0.885370
vt 0.307372 0.885109
vt 0.303730 0.890054
vt 0.206418 0.854049
vt 0.209165 0.832730
vt 0.201394 0.831809
vt 0.192332 0.833750
vt 0.205257 0.831870
vt 0.189874 0.835789
vt 0.194843 0.832540
vt 0.301568 0.857611
vt 0.338722 0.857995
vt 0.337685 0.877470
vt 0.303922 0.881398
vt 0.339732 0.865950
vt 0.339475 0.862001
vt 0.299379 0.865196
vt 0.299779 0.873080
vt 0.339443 0.869835
vt 0.300063 0.861356
vt 0.338837 0.873684
vt 0.301133 0.877156
vt 0.333432 0.884815
vt 0.310983 0.887431
vt 0.318484 0.889660
vt 0.327745 0.889288
vt 0.314688 0.888943
vt 0.330514 0.887697
vt 0.325065 0.890054
vt 0.299169 0.869090
vt 0.303818 0.853952
vt 0.336037 0.881198
vt 0.367850 0.781688
vt 0.369395 0.766892
vt 0.373678 0.766892
vt 0.384477 0.863575
vt 0.386845 0.860432
vt 0.387523 0.863575
vt 0.378897 0.882526
vt 0.380420 0.873004
vt 0.384703 0.873005
vt 0.306989 0.623749
vt 0.310096 0.625344
vt 0.306962 0.625289
vt 0.287822 0.685713
vt 0.297546 0.691368
vt 0.283028 0.685713
vt 0.287647 0.697352
vt 0.297310 0.691368
vt 0.297282 0.692906
vt 0.286859 0.867831
vt 0.289530 0.866248
vt 0.289548 0.867829
vt 0.268253 0.732533
vt 0.272400 0.727934
vt 0.273046 0.732528
vt 0.254005 0.866290
vt 0.286753 0.866262
vt 0.081485 0.875972
vt 0.111982 0.874427
vt 0.111823 0.875978
vt 0.081752 0.884873
vt 0.085187 0.883476
vt 0.085779 0.884888
vt 0.271995 0.640226
vt 0.275849 0.641754
vt 0.271055 0.641754
vt 0.271895 0.743130
vt 0.275759 0.741659
vt 0.276688 0.743125
vt 0.258801 0.854230
vt 0.255189 0.852711
vt 0.259515 0.852696
vt 0.256156 0.885503
vt 0.259630 0.883888
vt 0.260182 0.885514
vt 0.275216 0.711970
vt 0.270965 0.710321
vt 0.275759 0.710317
vt 0.275296 0.671589
vt 0.271055 0.673198
vt 0.270502 0.671589
vt 0.084378 0.853908
vt 0.080792 0.852257
vt 0.085119 0.852245
vt 0.282854 0.753650
vt 0.281149 0.749219
vt 0.287647 0.753645
vt 0.283028 0.629239
vt 0.281288 0.633906
vt 0.276494 0.633906
vt 0.367214 0.882896
vt 0.367246 0.889671
vt 0.363048 0.882895
vt 0.262375 0.846995
vt 0.259392 0.845584
vt 0.263119 0.845563
vt 0.168720 0.876257
vt 0.168770 0.882583
vt 0.164554 0.876258
vt 0.280007 0.703865
vt 0.276355 0.702237
vt 0.281149 0.702233
vt 0.280136 0.679463
vt 0.276494 0.681046
vt 0.275342 0.679463
vt 0.088178 0.845551
vt 0.085249 0.843870
vt 0.088976 0.843853
vt 0.077044 0.875966
vt 0.080874 0.874422
vt 0.077842 0.877445
vt 0.082227 0.877454
vt 0.268985 0.648034
vt 0.273301 0.649571
vt 0.268507 0.649571
vt 0.268937 0.735566
vt 0.273263 0.734070
vt 0.273730 0.735561
vt 0.272400 0.724738
vt 0.268253 0.719975
vt 0.273046 0.719970
vt 0.076378 0.874417
vt 0.079442 0.869833
vt 0.112185 0.866646
vt 0.080847 0.861909
vt 0.111955 0.861910
vt 0.252368 0.877394
vt 0.256030 0.875810
vt 0.256752 0.877400
vt 0.361521 0.872984
vt 0.357238 0.872983
vt 0.297546 0.623583
vt 0.287822 0.629239
vt 0.297310 0.758940
vt 0.297282 0.757403
vt 0.363634 0.788458
vt 0.363684 0.781689
vt 0.163008 0.862000
vt 0.158725 0.862001
vt 0.282854 0.697356
vt 0.281288 0.681046
vt 0.374701 0.888857
vt 0.374731 0.882525
vt 0.393883 0.888857
vt 0.390784 0.882526
vt 0.152667 0.876258
vt 0.156584 0.862001
vt 0.382815 0.788459
vt 0.379737 0.781688
vt 0.351161 0.882896
vt 0.355097 0.872983
vt 0.286365 0.875788
vt 0.286121 0.877380
vt 0.112192 0.869838
vt 0.111598 0.877462
vt 0.273075 0.651162
vt 0.268281 0.651162
vt 0.108760 0.845545
vt 0.108153 0.843846
vt 0.149589 0.882583
vt 0.282955 0.846970
vt 0.282295 0.845539
vt 0.348065 0.889672
vt 0.111056 0.853906
vt 0.110821 0.852242
vt 0.285330 0.883873
vt 0.284870 0.885502
vt 0.285477 0.854203
vt 0.285215 0.852669
vt 0.110889 0.883485
vt 0.110468 0.884898
vt 0.114687 0.876001
vt 0.114803 0.874444
vt 0.112280 0.868264
vt 0.079435 0.866644
vt 0.373452 0.757477
vt 0.369395 0.754339
vt 0.373678 0.754338
vt 0.386845 0.873006
vt 0.306773 0.691644
vt 0.309859 0.693114
vt 0.306746 0.693182
vt 0.375819 0.766891
vt 0.377961 0.766891
vt 0.382178 0.781688
vt 0.357462 0.863569
vt 0.355093 0.860431
vt 0.357235 0.860431
vt 0.388986 0.873006
vt 0.393225 0.882526
vt 0.376498 0.757476
vt 0.377961 0.754338
vt 0.379544 0.757476
vt 0.272206 0.726362
vt 0.267607 0.724742
vt 0.286532 0.874187
vt 0.113376 0.884906
vt 0.113840 0.883491
vt 0.288166 0.852661
vt 0.288406 0.854191
vt 0.287778 0.885507
vt 0.288280 0.883877
vt 0.113771 0.852237
vt 0.113985 0.853896
vt 0.348720 0.882895
vt 0.345199 0.889671
vt 0.285159 0.845528
vt 0.285841 0.846959
vt 0.150226 0.876258
vt 0.146723 0.882583
vt 0.111018 0.843838
vt 0.111647 0.845537
vt 0.289307 0.861666
vt 0.114505 0.877476
vt 0.272407 0.655859
vt 0.267613 0.655859
vt 0.289029 0.877392
vt 0.289230 0.875808
vt 0.352955 0.872982
vt 0.385681 0.788459
vt 0.154442 0.862002
vt 0.396748 0.888857
vt 0.286486 0.861685
vt 0.289172 0.860114
vt 0.339829 0.633761
vt 0.341069 0.609064
vt 0.341069 0.633759
vt 0.289353 0.874202
vt 0.286765 0.869449
vt 0.289541 0.869458
vt 0.255972 0.860166
vt 0.286308 0.860138
vt 0.255380 0.861712
vt 0.251531 0.860175
vt 0.253694 0.867858
vt 0.249454 0.866296
vt 0.250930 0.874209
vt 0.254017 0.869474
vt 0.255426 0.874210
vt 0.114969 0.869849
vt 0.114653 0.860287
vt 0.114775 0.861893
vt 0.251589 0.875808
vt 0.081451 0.860309
vt 0.111789 0.860309
vt 0.268469 0.718355
vt 0.273263 0.718351
vt 0.273075 0.663789
vt 0.268507 0.665380
vt 0.268281 0.663789
vt 0.077010 0.860314
vt 0.114962 0.866635
vt 0.268469 0.734074
vt 0.130985 0.677083
vt 0.132559 0.672361
vt 0.132559 0.677079
vt 0.250884 0.861720
vt 0.114969 0.868264
vt 0.074890 0.869829
vt 0.079113 0.868260
vt 0.272206 0.657476
vt 0.267412 0.657476
vt 0.267607 0.727939
vt 0.076350 0.861913
vt 0.272407 0.659092
vt 0.267613 0.659092
vt 0.074883 0.866647
vt 0.249465 0.869475
vt 0.288509 0.882213
vt 0.114464 0.858707
vt 0.082186 0.858722
vt 0.111557 0.858720
vt 0.126262 0.672361
vt 0.124689 0.677253
vt 0.124689 0.672369
vt 0.254549 0.882215
vt 0.258904 0.882222
vt 0.077802 0.858730
vt 0.273301 0.665380
vt 0.268985 0.666918
vt 0.268937 0.716770
vt 0.273730 0.716766
vt 0.114046 0.881953
vt 0.288960 0.858646
vt 0.256683 0.858690
vt 0.286052 0.858662
vt 0.084439 0.881935
vt 0.111117 0.881943
vt 0.270422 0.740100
vt 0.275216 0.740096
vt 0.270502 0.643363
vt 0.273779 0.648034
vt 0.080084 0.881924
vt 0.252299 0.858703
vt 0.080860 0.883464
vt 0.275296 0.643363
vt 0.270965 0.741663
vt 0.341068 0.654349
vt 0.339829 0.674938
vt 0.339829 0.654351
vt 0.254446 0.854244
vt 0.255303 0.883880
vt 0.285580 0.882205
vt 0.080022 0.853918
vt 0.273779 0.666918
vt 0.270422 0.711974
vt 0.287652 0.851258
vt 0.111742 0.889247
vt 0.088273 0.889228
vt 0.108856 0.889239
vt 0.260056 0.851295
vt 0.284744 0.851268
vt 0.256030 0.851313
vt 0.275213 0.747703
vt 0.280007 0.747698
vt 0.275342 0.635489
vt 0.276789 0.640226
vt 0.084397 0.889211
vt 0.113301 0.850615
vt 0.286002 0.890616
vt 0.181211 0.723896
vt 0.182757 0.691139
vt 0.182757 0.723896
vt 0.085704 0.850627
vt 0.110394 0.850622
vt 0.081678 0.850641
vt 0.275849 0.673198
vt 0.271995 0.674725
vt 0.271895 0.708750
vt 0.276688 0.708746
vt 0.258658 0.890605
vt 0.262535 0.890618
vt 0.085351 0.890655
vt 0.089078 0.890673
vt 0.280136 0.635489
vt 0.276355 0.749224
vt 0.108255 0.890684
vt 0.111120 0.890693
vt 0.121540 0.677300
vt 0.119966 0.672361
vt 0.121540 0.672361
vt 0.258498 0.847014
vt 0.259564 0.892311
vt 0.263291 0.892326
vt 0.283116 0.890610
vt 0.282467 0.892319
vt 0.285332 0.892326
vt 0.084301 0.845567
vt 0.276789 0.674725
vt 0.275213 0.703870
vt 0.177562 0.797795
vt 0.176034 0.793525
vt 0.177562 0.793513
vt 0.181211 0.728178
vt 0.182745 0.723902
vt 0.182745 0.728184
vt 0.181211 0.730319
vt 0.182745 0.730325
vt 0.176034 0.791384
vt 0.177562 0.791372
vt 0.176034 0.789243
vt 0.177562 0.789230
vt 0.181211 0.732460
vt 0.182745 0.732466
vt 0.361518 0.860432
vt 0.363554 0.863570
vt 0.306773 0.758887
vt 0.309859 0.757171
vt 0.309886 0.758709
vt 0.380420 0.860430
vt 0.384703 0.860431
vt 0.354416 0.863569
vt 0.352952 0.860430
vt 0.155904 0.852571
vt 0.154441 0.849428
vt 0.156582 0.849428
vt 0.158950 0.852571
vt 0.163007 0.849427
vt 0.165043 0.852570
vt 0.388986 0.860432
vt 0.390569 0.863576
vt 0.375820 0.754338
vt 0.306989 0.691203
vt 0.310096 0.689608
vt 0.310123 0.691148
vt 0.158724 0.849427
vt 0.376507 0.763753
vt 0.373356 0.760615
vt 0.376784 0.760615
vt 0.351351 0.869844
vt 0.354130 0.866707
vt 0.354409 0.869845
vt 0.300486 0.759004
vt 0.303616 0.757457
vt 0.303643 0.758995
vt 0.363582 0.869846
vt 0.357558 0.866707
vt 0.364414 0.866708
vt 0.379565 0.763753
vt 0.380212 0.760614
vt 0.357467 0.869845
vt 0.367333 0.763754
vt 0.373449 0.763753
vt 0.300701 0.623638
vt 0.303822 0.625234
vt 0.300674 0.625179
vt 0.155896 0.858858
vt 0.159046 0.855714
vt 0.158954 0.858858
vt 0.300701 0.691313
vt 0.303822 0.689718
vt 0.303850 0.691258
vt 0.390590 0.869863
vt 0.387810 0.866719
vt 0.391237 0.866719
vt 0.165070 0.858857
vt 0.165902 0.855713
vt 0.152838 0.858859
vt 0.155618 0.855715
vt 0.378358 0.869861
vt 0.384382 0.866718
vt 0.384474 0.869862
vt 0.300486 0.691542
vt 0.303616 0.693180
vt 0.300459 0.693079
vt 0.387532 0.869862
vt 0.351370 0.863568
vt 0.306746 0.757349
vt 0.367360 0.757478
vt 0.303850 0.623694
vt 0.306962 0.689663
vt 0.152858 0.852572
vt 0.378385 0.863574
vt 0.303643 0.691643
vt 0.300674 0.689773
vt 0.297518 0.625124
vt 0.300459 0.757466
vt 0.739195 0.810500
vt 0.743932 0.841842
vt 0.739194 0.841606
vt 0.682267 0.874381
vt 0.677691 0.905750
vt 0.677690 0.874644
vt 0.736056 0.882002
vt 0.740879 0.909222
vt 0.736055 0.908678
vt 0.745338 0.879853
vt 0.740880 0.907100
vt 0.740879 0.880424
vt 0.861385 0.893121
vt 0.866490 0.915458
vt 0.861383 0.913701
vt 0.870790 0.890771
vt 0.866492 0.913135
vt 0.866490 0.892555
vt 0.182728 0.775134
vt 0.184054 0.799830
vt 0.182728 0.799828
vt 0.122066 0.787137
vt 0.120595 0.813822
vt 0.120595 0.787138
vt 0.206468 0.774644
vt 0.204894 0.768831
vt 0.206468 0.768828
vt 0.176473 0.708443
vt 0.174906 0.677328
vt 0.176473 0.677328
vt 0.341155 0.654349
vt 0.341155 0.633763
vt 0.127836 0.677105
vt 0.126262 0.677105
vt 0.204894 0.774722
vt 0.203320 0.768836
vt 0.204894 0.768828
vt 0.181211 0.658381
vt 0.182778 0.691139
vt 0.181211 0.691138
vt 0.208042 0.768831
vt 0.119546 0.742614
vt 0.121065 0.771993
vt 0.119546 0.771992
vt 0.122537 0.742614
vt 0.122537 0.771992
vt 0.123114 0.672365
vt 0.121540 0.677281
vt 0.130985 0.672364
vt 0.129411 0.677100
vt 0.129411 0.672361
vt 0.124689 0.677281
vt 0.124689 0.672361
vt 0.173360 0.708443
vt 0.173360 0.677328
vt 0.208042 0.774590
vt 0.209615 0.768828
vt 0.209615 0.774565
vt 0.127836 0.672364
vt 0.309587 0.785688
vt 0.308069 0.759004
vt 0.309587 0.759005
vt 0.208194 0.775134
vt 0.208194 0.828921
vt 0.396652 0.673636
vt 0.360564 0.737563
vt 0.366360 0.754338
vt 0.396787 0.689632
vt 0.398751 0.664882
vt 0.360744 0.721588
vt 0.165244 0.809026
vt 0.370835 0.706071
vt 0.386995 0.705397
vt 0.161185 0.849427
vt 0.310123 0.623804
vt 0.297518 0.689828
vt 0.370974 0.889672
vt 0.172498 0.882582
vt 0.359906 0.788459
vt 0.370974 0.888857
vt 0.309886 0.691576
vt 0.267412 0.726366
vt 0.339829 0.609066
vt 0.249032 0.867862
vt 0.130985 0.672365
vt 0.074450 0.868260
vt 0.126262 0.677244
vt 0.341068 0.674936
vt 0.181211 0.691139
vt 0.119966 0.677300
vt 0.176034 0.797807
vt 0.350702 0.866706
vt 0.366501 0.760616
vt 0.152190 0.855715
vt 0.377526 0.866717
vt 0.743932 0.809094
vt 0.682267 0.907129
vt 0.740879 0.879853
vt 0.745338 0.909222
vt 0.866490 0.890771
vt 0.870790 0.915458
vt 0.184054 0.775135
vt 0.122066 0.813821
vt 0.204894 0.774647
vt 0.174906 0.708442
vt 0.339829 0.654347
vt 0.127836 0.672361
vt 0.203320 0.774730
vt 0.182778 0.658382
vt 0.208042 0.774647
vt 0.121065 0.742615
vt 0.123114 0.677286
vt 0.130985 0.677103
vt 0.208042 0.768852
vt 0.127836 0.677103
vt 0.308069 0.785687
s 1
usemtl マテリアル.006
f 387/1/1 44/2/2 394/3/3
f 134/4/4 8/5/4 45/6/4
f 420/7/5 46/8/6 428/9/7
f 152/10/8 2/11/8 43/12/8
f 439/13/9 5/14/10 128/15/11
f 442/16/12 146/17/13 441/18/14
f 421/19/15 92/20/16 435/21/17
f 422/22/18 110/23/19 437/24/20
f 92/20/8 47/25/8 98/26/8
f 109/27/4 48/28/4 116/29/4
f 114/30/4 18/31/4 36/32/4
f 96/33/8 17/34/8 35/35/8
f 147/36/8 31/37/8 150/38/8
f 423/39/21 34/40/22 426/41/23
f 129/42/4 33/43/4 132/44/4
f 389/45/24 32/46/25 392/47/26
f 395/48/27 19/49/28 49/50/29
f 130/51/4 50/52/4 135/53/4
f 429/54/30 21/55/31 51/56/32
f 148/57/8 54/58/8 153/59/8
f 99/60/8 22/61/8 52/62/8
f 117/63/4 23/64/4 53/65/4
f 113/66/4 41/67/4 115/68/4
f 95/69/8 40/70/8 97/71/8
f 151/72/8 25/73/8 42/74/8
f 425/75/33 39/76/34 427/77/35
f 133/78/4 27/79/4 38/80/4
f 391/81/36 37/82/37 393/83/38
f 390/84/39 32/46/40 19/49/41
f 132/44/4 20/85/4 130/51/4
f 424/86/42 34/40/43 21/55/44
f 150/38/8 24/87/8 148/57/8
f 94/88/8 35/35/8 22/61/8
f 112/89/4 36/32/4 23/64/4
f 389/45/45 37/82/46 14/90/47
f 129/42/4 38/80/4 15/91/4
f 423/39/48 39/76/49 16/92/50
f 147/36/8 42/74/8 13/93/8
f 97/71/8 17/34/8 93/94/8
f 115/68/4 18/31/4 111/95/4
f 116/29/4 30/96/4 113/66/4
f 98/26/8 29/97/8 95/69/8
f 149/98/8 43/12/8 25/73/8
f 428/9/51 28/99/52 425/75/53
f 131/100/4 45/6/4 27/79/4
f 394/3/54 26/101/55 391/81/56
f 118/102/4 53/65/4 9/103/4
f 101/104/8 52/62/8 11/105/8
f 153/59/8 1/106/8 155/107/8
f 443/108/57 51/56/58 5/14/59
f 135/53/4 7/109/4 136/110/4
f 396/111/60 49/50/61 3/112/62
f 108/113/4 57/114/4 91/115/4
f 128/15/8 71/116/8 56/117/8
f 104/118/4 70/119/4 64/120/4
f 143/121/8 63/122/8 140/123/8
f 142/124/8 59/125/8 138/126/8
f 102/127/4 67/128/4 60/129/4
f 139/130/8 66/131/8 62/132/8
f 105/133/4 61/134/4 103/135/4
f 106/136/4 64/120/4 67/128/4
f 140/123/8 68/137/8 142/124/8
f 144/138/8 62/132/8 71/116/8
f 103/135/4 72/139/4 108/113/4
f 102/127/4 65/140/4 105/133/4
f 141/141/8 59/125/8 66/131/8
f 137/142/8 69/143/8 143/121/8
f 430/144/63 137/142/64 438/145/65
f 434/146/66 56/117/67 101/104/68
f 107/147/4 55/148/4 70/119/4
f 126/149/8 76/150/8 110/23/8
f 145/151/4 89/152/4 73/153/4
f 122/154/8 88/155/8 82/156/8
f 161/157/4 81/158/4 158/159/4
f 160/160/4 77/161/4 156/162/4
f 120/163/8 85/164/8 78/165/8
f 157/166/4 84/167/4 80/168/4
f 123/169/8 79/170/8 121/171/8
f 124/172/8 82/156/8 85/164/8
f 158/159/4 86/173/4 160/160/4
f 162/174/4 80/168/4 89/152/4
f 121/171/8 90/175/8 126/149/8
f 120/163/8 83/176/8 123/169/8
f 159/177/4 77/161/4 84/167/4
f 154/178/4 87/179/4 161/157/4
f 432/180/69 155/107/70 440/181/71
f 436/182/72 74/183/73 119/184/74
f 125/185/8 74/183/8 88/155/8
f 48/28/4 100/186/4 107/147/4
f 422/22/75 101/104/76 11/105/77
f 18/31/4 105/133/4 36/32/4
f 23/64/4 108/113/4 53/65/4
f 41/67/4 104/118/4 106/136/4
f 36/32/4 103/135/4 23/64/4
f 18/31/4 106/136/4 102/127/4
f 30/96/4 107/147/4 104/118/4
f 53/65/4 91/115/4 9/103/4
f 56/117/8 99/60/8 101/104/8
f 69/143/8 95/69/8 63/122/8
f 68/137/8 93/94/8 59/125/8
f 62/132/8 96/33/8 94/88/8
f 63/122/8 97/71/8 68/137/8
f 71/116/8 94/88/8 99/60/8
f 66/131/8 93/94/8 96/33/8
f 58/187/8 98/26/8 69/143/8
f 435/21/78 58/187/79 430/144/80
f 47/25/8 119/184/8 125/185/8
f 421/19/81 119/184/82 12/188/83
f 17/34/8 123/169/8 35/35/8
f 22/61/8 126/149/8 52/62/8
f 40/70/8 122/154/8 124/172/8
f 35/35/8 121/171/8 22/61/8
f 17/34/8 124/172/8 120/163/8
f 29/97/8 125/185/8 122/154/8
f 52/62/8 110/23/8 11/105/8
f 73/153/4 117/63/4 118/102/4
f 87/179/4 113/66/4 81/158/4
f 86/173/4 111/95/4 77/161/4
f 80/168/4 114/30/4 112/89/4
f 81/158/4 115/68/4 86/173/4
f 89/152/4 112/89/4 117/63/4
f 84/167/4 111/95/4 114/30/4
f 75/189/4 116/29/4 87/179/4
f 437/24/84 76/150/85 432/180/86
f 420/7/87 137/142/88 6/190/89
f 6/190/8 143/121/8 46/8/8
f 34/40/8 138/126/8 141/141/8
f 51/56/8 139/130/8 144/138/8
f 28/99/8 142/124/8 39/76/8
f 21/55/8 141/141/8 139/130/8
f 39/76/8 138/126/8 16/92/8
f 46/8/8 140/123/8 28/99/8
f 5/14/8 144/138/8 128/15/8
f 72/139/4 136/110/4 57/114/4
f 64/120/4 134/4/4 131/100/4
f 60/129/4 133/78/4 129/42/4
f 65/140/4 130/51/4 61/134/4
f 67/128/4 131/100/4 133/78/4
f 61/134/4 135/53/4 72/139/4
f 60/129/4 132/44/4 65/140/4
f 431/191/90 128/15/91 56/117/92
f 70/119/4 127/192/4 134/4/4
f 440/181/93 1/106/94 419/193/95
f 4/194/4 161/157/4 44/2/4
f 32/46/4 156/162/4 159/177/4
f 49/50/4 157/166/4 162/174/4
f 26/101/4 160/160/4 37/82/4
f 19/49/4 159/177/4 157/166/4
f 37/82/4 156/162/4 14/90/4
f 44/2/4 158/159/4 26/101/4
f 3/112/4 162/174/4 145/151/4
f 90/175/8 155/107/8 76/150/8
f 82/156/8 152/10/8 149/98/8
f 78/165/8 151/72/8 147/36/8
f 83/176/8 148/57/8 79/170/8
f 85/164/8 149/98/8 151/72/8
f 79/170/8 153/59/8 90/175/8
f 78/165/8 150/38/8 83/176/8
f 433/195/96 146/17/97 74/183/98
f 88/155/8 146/17/8 152/10/8
f 281/196/99 186/197/99 273/198/100
f 259/199/101 193/200/102 163/201/103
f 279/202/104 184/203/105 271/204/106
f 278/205/107 166/206/107 260/207/108
f 272/208/109 190/209/109 185/210/109
f 276/211/110 167/212/110 261/213/110
f 270/214/111 188/215/111 183/216/111
f 274/217/112 168/218/112 262/219/112
f 273/198/113 189/220/113 276/211/114
f 280/221/115 185/210/116 193/200/116
f 271/204/117 187/222/117 274/217/118
f 278/205/119 183/216/119 191/223/119
f 299/224/120 163/201/121 300/225/122
f 269/226/123 165/227/124 283/228/125
f 298/229/126 174/230/126 295/231/127
f 268/232/128 173/233/128 265/234/129
f 267/235/130 169/236/130 263/237/130
f 297/238/131 170/239/131 293/240/131
f 266/241/132 172/242/133 264/243/134
f 296/244/135 171/245/136 294/246/137
f 297/238/138 174/230/138 177/247/139
f 267/235/140 173/233/140 178/248/141
f 264/243/142 181/249/143 269/250/144
f 294/246/145 182/251/146 299/252/147
f 293/240/148 175/253/148 296/244/149
f 263/237/150 176/254/150 266/241/151
f 277/255/152 168/218/152 190/209/152
f 275/256/153 167/212/153 188/215/153
f 281/196/154 164/257/154 194/258/155
f 283/228/156 192/259/157 279/202/158
f 268/232/159 166/260/159 179/261/160
f 298/229/161 164/262/161 180/263/162
f 385/264/163 218/265/163 225/266/163
f 380/267/164 223/268/165 383/269/166
f 381/270/167 226/271/167 386/272/168
f 384/273/169 222/274/169 224/275/169
f 383/269/170 221/276/171 381/270/170
f 384/273/172 220/277/172 380/267/172
f 382/278/173 225/266/173 222/274/174
f 386/279/175 195/280/176 355/281/177
f 322/282/178 209/283/179 314/284/180
f 321/285/181 195/280/182 300/225/183
f 312/286/184 215/287/185 207/288/186
f 301/289/187 214/290/188 196/291/189
f 318/292/190 208/293/191 313/294/192
f 302/295/193 212/296/194 197/297/195
f 311/298/196 211/299/197 206/300/198
f 303/301/199 210/302/200 198/303/201
f 314/284/202 212/296/203 317/304/204
f 313/294/205 216/305/206 321/285/207
f 315/306/208 207/288/209 210/302/210
f 319/307/211 206/300/212 214/290/213
f 292/308/214 205/309/215 219/310/216
f 306/311/217 204/312/218 201/313/219
f 304/314/220 203/315/221 199/316/222
f 305/317/223 202/318/224 200/319/225
f 308/320/226 201/313/227 203/315/228
f 310/321/229 200/319/230 205/322/231
f 304/314/232 202/318/233 307/323/234
f 303/301/235 213/324/236 318/292/237
f 302/295/238 211/299/239 316/325/239
f 291/326/240 217/327/241 322/282/242
f 320/328/243 219/310/244 215/287/245
f 309/329/246 196/330/247 204/312/248
f 341/331/249 237/332/249 245/333/249
f 324/334/250 256/335/251 352/336/250
f 354/337/252 227/338/252 258/339/253
f 348/340/254 238/341/254 252/342/254
f 350/343/255 239/344/255 254/345/255
f 336/346/256 243/347/257 339/348/258
f 337/349/259 246/350/259 342/351/260
f 340/352/261 242/353/261 244/354/261
f 339/348/262 241/355/263 337/349/262
f 340/352/264 240/356/264 336/346/264
f 338/357/265 245/333/265 242/353/266
f 342/358/267 228/359/268 324/334/269
f 351/360/270 247/361/270 255/362/270
f 344/363/271 251/364/271 347/365/271
f 353/366/272 249/367/272 257/368/272
f 346/369/273 253/370/274 349/371/273
f 347/365/275 239/344/275 335/372/275
f 343/373/276 252/342/277 247/361/278
f 349/371/279 238/341/279 334/374/279
f 345/375/280 254/345/280 249/367/281
f 351/376/282 237/332/282 333/377/282
f 352/336/283 248/378/283 344/363/283
f 332/379/284 257/368/285 236/380/285
f 354/381/286 250/382/286 346/369/287
f 259/199/288 235/383/289 236/380/290
f 286/384/291 234/385/292 231/386/293
f 284/387/294 233/388/295 229/389/296
f 285/390/297 232/391/298 230/392/299
f 288/393/300 231/386/301 233/388/302
f 290/394/303 230/392/304 235/395/305
f 284/387/306 232/391/307 287/396/308
f 289/397/309 227/398/310 234/385/311
f 164/262/312 289/397/312 180/263/313
f 175/253/314 284/387/314 287/396/315
f 182/251/316 285/390/317 290/394/318
f 174/230/319 288/393/319 177/247/320
f 171/245/321 287/396/322 285/390/323
f 170/239/324 288/393/324 284/387/324
f 174/230/325 289/397/325 286/384/326
f 163/201/327 290/399/328 259/199/329
f 237/332/330 268/232/331 245/333/332
f 228/359/333 279/202/334 256/335/335
f 258/400/336 282/401/337 281/196/338
f 252/342/339 261/213/340 275/256/341
f 254/345/342 262/219/343 277/255/344
f 243/347/345 263/237/346 266/241/347
f 241/355/348 269/250/349 246/350/350
f 242/353/351 267/235/352 244/354/353
f 243/347/354 264/243/355 241/355/356
f 244/354/357 263/237/358 240/356/359
f 245/333/360 265/234/361 242/353/362
f 246/402/363 283/228/364 228/359/365
f 247/361/366 278/205/367 255/362/368
f 248/378/369 274/217/370 251/364/371
f 257/368/372 272/208/373 280/221/374
f 253/370/375 273/198/376 276/211/377
f 251/364/378 262/219/379 239/344/380
f 252/342/381 270/214/382 247/361/383
f 253/370/384 261/213/385 238/341/386
f 249/367/387 277/255/388 272/208/389
f 255/362/390 260/207/391 237/403/392
f 256/335/393 271/204/394 248/378/395
f 236/380/396 280/221/397 259/199/398
f 250/382/399 281/196/400 273/198/401
f 166/260/402 309/329/402 179/261/403
f 192/259/404 292/308/405 320/328/406
f 164/257/407 322/282/407 194/258/408
f 167/212/409 316/325/409 188/215/409
f 168/218/410 318/292/410 190/209/410
f 176/254/411 304/314/411 307/323/412
f 181/249/413 305/317/414 310/321/415
f 173/233/416 308/320/416 178/248/417
f 172/242/418 307/323/419 305/317/420
f 169/236/421 308/320/421 304/314/421
f 173/233/422 309/329/422 306/311/423
f 165/227/424 310/404/425 292/308/426
f 183/216/427 319/307/427 191/223/427
f 187/222/428 312/286/428 315/306/429
f 185/210/430 321/285/431 193/200/430
f 189/220/432 314/284/432 317/304/433
f 168/218/434 315/306/434 303/301/434
f 188/215/435 311/298/435 183/216/435
f 167/212/436 317/304/436 302/295/436
f 190/209/437 313/294/437 185/210/437
f 166/206/438 319/307/438 301/289/439
f 184/203/440 320/328/441 312/286/442
f 193/200/443 300/225/444 163/201/445
f 186/197/446 322/282/446 314/284/447
f 218/265/448 298/229/449 225/266/450
f 223/268/451 293/240/452 296/244/453
f 221/276/454 299/252/455 226/271/456
f 222/274/457 297/238/458 224/275/459
f 223/268/460 294/246/461 221/276/462
f 224/275/463 293/240/464 220/277/465
f 225/266/466 295/231/467 222/274/468
f 226/405/469 300/225/470 195/280/471
f 418/406/472 346/407/473 410/408/474
f 396/111/475 353/409/476 332/410/477
f 416/411/478 344/412/479 408/413/480
f 415/414/481 333/415/482 397/416/483
f 409/417/484 350/418/485 345/419/486
f 413/420/487 334/421/488 398/422/489
f 412/423/490 343/424/491 407/425/492
f 411/426/493 335/427/494 399/428/495
f 413/420/496 346/407/497 349/429/498
f 417/430/499 345/419/500 353/409/501
f 408/413/502 347/431/503 411/426/504
f 415/414/505 343/424/506 351/432/507
f 406/433/508 324/434/509 388/435/510
f 405/436/511 338/437/512 402/438/513
f 404/439/514 336/440/515 400/441/516
f 403/442/517 337/443/518 401/444/519
f 402/438/520 340/445/521 404/439/522
f 401/444/523 342/446/524 406/433/525
f 403/442/526 336/440/527 339/447/528
f 414/448/529 335/427/530 350/418/531
f 412/423/532 334/421/532 348/449/533
f 418/406/534 323/450/535 354/337/536
f 388/435/537 352/451/538 416/411/539
f 405/436/540 333/415/541 341/452/542
f 236/380/543 331/453/544 332/379/545
f 234/385/546 327/454/546 231/386/547
f 229/389/548 329/455/548 325/456/548
f 230/392/549 328/457/550 326/458/550
f 231/386/551 329/455/551 233/388/551
f 235/395/552 326/458/552 331/459/553
f 232/391/554 325/456/555 328/457/556
f 227/338/557 330/460/557 234/461/557
f 450/462/558 355/463/559 419/193/560
f 449/464/561 382/465/562 446/466/563
f 448/467/564 380/468/565 444/469/566
f 447/470/567 381/471/568 445/472/569
f 446/466/570 384/473/571 448/467/572
f 445/472/573 386/474/574 450/462/575
f 447/470/576 380/468/577 383/475/578
f 449/464/579 378/476/580 385/477/581
f 209/283/582 377/478/582 369/479/583
f 216/305/584 355/281/585 195/280/584
f 207/288/586 375/480/586 367/481/586
f 196/291/587 374/482/587 356/483/587
f 213/324/588 368/484/588 208/293/589
f 197/297/590 372/485/590 357/486/590
f 211/299/591 366/487/592 206/300/593
f 198/303/594 370/488/594 358/489/594
f 212/296/595 369/479/596 372/485/596
f 208/293/597 376/490/597 216/305/597
f 210/302/598 367/481/598 370/488/598
f 206/300/599 374/482/599 214/290/599
f 219/310/600 365/491/601 379/492/602
f 204/312/603 361/493/603 201/313/604
f 199/316/605 363/494/605 359/495/605
f 200/319/606 362/496/607 360/497/608
f 201/313/609 363/494/609 203/315/609
f 205/322/610 360/497/610 365/498/611
f 202/318/612 359/495/613 362/496/614
f 198/303/615 373/499/615 213/324/615
f 197/297/616 371/500/616 211/299/616
f 218/501/617 377/478/617 217/327/618
f 215/287/619 379/492/620 375/480/620
f 196/502/621 364/503/621 204/504/621
f 45/6/622 397/416/623 405/436/624
f 7/109/625 416/411/626 136/110/627
f 154/178/628 387/1/629 418/406/630
f 100/186/631 398/422/632 412/423/633
f 118/102/634 399/428/635 414/448/636
f 33/43/637 400/441/638 403/442/639
f 20/85/640 406/433/641 50/52/642
f 38/80/643 402/438/644 404/439/645
f 33/43/646 401/444/647 20/85/648
f 38/80/649 400/441/650 15/91/651
f 27/79/652 405/436/653 402/438/654
f 50/52/655 388/435/656 7/109/657
f 127/192/658 407/425/659 415/414/660
f 57/114/661 411/426/662 91/115/663
f 145/151/664 409/417/665 417/430/666
f 75/189/667 413/420/668 109/27/669
f 91/115/670 399/428/671 9/103/672
f 55/148/673 412/423/674 407/425/675
f 109/27/676 398/422/677 10/505/678
f 73/153/679 414/448/680 409/417/681
f 127/192/682 397/416/683 8/5/684
f 136/110/685 408/413/686 57/114/687
f 3/112/688 417/430/689 396/111/690
f 154/178/691 410/408/692 75/189/693
f 332/410/694 395/48/695 396/111/696
f 327/506/697 394/3/698 391/81/699
f 325/507/700 393/83/701 389/45/702
f 326/508/703 392/47/704 390/84/705
f 329/509/706 391/81/707 393/83/708
f 331/510/709 390/84/710 395/48/711
f 325/507/712 392/47/713 328/511/714
f 323/450/715 394/3/716 330/460/717
f 43/12/718 442/16/719 449/464/720
f 31/37/721 444/469/722 447/470/723
f 24/87/724 450/462/725 54/58/726
f 42/74/727 446/466/728 448/467/729
f 31/37/730 445/472/731 24/87/732
f 42/74/733 444/469/734 13/93/735
f 25/73/736 449/464/737 446/466/738
f 54/58/739 419/193/740 1/106/741
f 369/512/742 441/18/743 433/195/744
f 376/513/745 419/193/746 355/463/747
f 367/514/748 439/13/749 431/191/750
f 356/515/751 438/145/752 420/7/753
f 373/516/754 432/180/755 368/517/756
f 357/518/757 436/182/758 421/19/759
f 366/519/760 435/21/761 430/144/762
f 358/520/763 434/146/764 422/22/765
f 369/512/766 436/182/767 372/521/768
f 368/517/769 440/181/770 376/513/771
f 370/522/772 431/191/773 434/146/774
f 366/519/775 438/145/776 374/523/777
f 379/524/778 429/54/779 443/108/780
f 361/525/781 428/9/782 425/75/783
f 359/526/784 427/77/785 423/39/786
f 360/527/787 426/41/788 424/86/789
f 363/528/790 425/75/791 427/77/792
f 365/529/793 424/86/794 429/54/795
f 359/526/796 426/41/797 362/530/798
f 358/520/799 437/24/800 373/516/801
f 357/518/802 435/21/803 371/531/803
f 378/476/804 441/18/805 377/532/806
f 375/533/807 443/108/808 439/13/809
f 356/515/810 428/9/811 364/503/812
f 514/534/813 454/535/814 496/536/815
f 676/537/816 649/538/817 680/539/818
f 516/540/819 456/541/820 498/542/821
f 671/543/822 641/544/822 673/545/822
f 494/546/823 451/547/824 491/548/825
f 492/549/826 452/550/826 456/551/826
f 521/552/827 569/553/828 459/554/829
f 543/555/830 551/556/830 541/557/830
f 521/552/827 540/558/831 557/559/832
f 510/560/833 539/561/834 531/562/835
f 604/563/836 501/564/837 608/565/838
f 603/566/839 464/567/839 465/568/839
f 605/569/840 466/570/840 604/571/840
f 589/572/841 463/573/842 502/574/843
f 611/575/844 503/576/845 616/577/846
f 596/578/847 469/579/847 468/580/847
f 600/581/848 467/582/848 595/583/848
f 597/584/849 468/585/850 504/586/851
f 487/587/852 474/588/852 490/589/852
f 489/590/853 472/591/854 473/592/854
f 490/593/855 505/594/856 513/595/857
f 621/596/858 471/597/859 506/598/860
f 493/599/861 507/600/862 515/601/863
f 628/602/864 477/603/864 476/604/864
f 632/605/865 475/606/865 627/607/865
f 629/608/866 476/609/867 508/610/868
f 480/611/869 546/612/870 510/560/833
f 582/613/871 510/560/872 583/614/873
f 581/615/874 482/616/874 479/617/874
f 579/618/875 480/619/875 582/620/875
f 542/621/876 562/622/876 553/623/876
f 541/624/877 544/625/878 546/612/870
f 548/626/879 567/627/880 566/628/881
f 573/629/882 512/630/883 575/631/884
f 458/632/885 513/595/886 497/633/887
f 453/634/888 488/635/889 489/590/853
f 454/636/890 490/589/890 458/637/890
f 506/638/891 487/639/892 514/534/893
f 452/640/894 515/601/895 495/641/896
f 476/604/897 493/642/897 492/549/897
f 478/643/898 491/548/825 475/606/898
f 508/644/899 492/645/900 516/540/901
f 529/646/902 516/540/901 537/647/903
f 495/641/896 536/648/904 538/649/905
f 527/650/906 514/534/893 535/651/907
f 497/633/887 534/652/908 518/653/909
f 575/631/884 533/654/910 578/655/911
f 546/612/870 568/656/912 539/561/834
f 583/614/873 531/562/913 586/657/914
f 479/617/915 559/658/915 563/659/915
f 630/660/916 508/610/917 529/661/918
f 515/601/863 528/662/919 536/648/920
f 622/663/921 506/598/860 527/664/922
f 513/595/857 526/665/923 534/652/924
f 598/666/925 504/586/851 525/667/926
f 616/577/846 524/668/927 617/669/928
f 590/670/929 502/574/843 523/671/930
f 608/565/838 522/672/931 609/673/932
f 482/674/933 539/561/834 559/675/934
f 520/676/935 564/677/936 548/626/937
f 672/678/938 638/679/939 644/680/940
f 537/647/941 498/542/821 519/681/942
f 675/682/943 640/683/943 679/684/943
f 535/651/944 496/536/815 517/685/945
f 535/651/944 453/686/946 489/687/947
f 670/688/948 648/689/949 645/690/950
f 537/647/941 455/691/951 494/692/952
f 668/693/953 637/694/954 671/695/955
f 462/696/956 554/697/956 542/621/956
f 512/630/957 555/698/958 533/654/959
f 606/699/960 522/672/931 464/700/961
f 590/670/929 465/701/962 591/702/963
f 613/703/964 524/668/927 467/704/965
f 598/666/925 470/705/966 600/706/967
f 488/707/968 526/665/923 472/708/969
f 622/663/921 473/709/970 623/710/971
f 491/711/972 528/662/919 475/712/973
f 630/660/974 478/713/974 632/714/974
f 557/559/975 563/715/976 569/553/977
f 580/716/978 531/562/913 482/674/979
f 563/659/980 550/717/980 569/718/980
f 571/719/981 533/654/910 485/720/982
f 457/721/983 534/652/908 488/707/984
f 527/650/906 489/687/985 473/722/986
f 451/723/987 536/648/904 491/711/988
f 529/646/902 494/692/989 478/724/990
f 561/725/991 479/726/992 563/715/976
f 610/727/993 715/728/993 716/729/993
f 549/730/994 545/731/995 570/732/996
f 561/725/991 509/733/997 530/734/998
f 565/735/999 481/736/1000 509/733/997
f 500/737/1001 556/738/1002 540/558/831
f 562/739/1003 560/740/1004 552/741/1003
f 559/675/934 568/656/912 550/742/1005
f 566/628/881 484/743/1006 547/744/1007
f 485/720/1008 555/698/958 549/730/994
f 483/745/1009 552/741/1003 512/630/957
f 566/628/881 511/746/1010 532/747/1011
f 553/623/1012 483/748/1012 486/749/1012
f 547/750/1013 485/751/1013 549/752/1013
f 567/627/880 486/753/1014 511/746/1010
f 548/626/879 547/744/1007 558/754/1015
f 481/755/1016 541/557/1016 480/619/1016
f 545/756/1017 706/757/1017 705/758/1017
f 540/558/1018 543/759/999 565/735/999
f 550/742/1019 520/676/1020 461/760/1021
f 544/625/1022 520/676/1020 568/656/1023
f 551/761/1024 499/762/1025 544/625/1022
f 569/718/1026 461/763/1027 459/764/1027
f 556/765/1028 462/696/1028 551/556/1028
f 564/677/1029 553/766/1030 567/627/880
f 520/676/935 558/754/1031 461/760/1032
f 558/767/1033 549/752/1033 570/768/1033
f 461/763/1027 570/768/1034 459/764/1027
f 499/762/1035 542/769/1036 564/677/936
f 570/732/1037 521/552/1038 459/554/1039
f 560/740/1040 521/552/1038 545/731/1041
f 554/770/1042 500/737/1043 560/740/1040
f 595/771/1044 578/655/911 571/719/981
f 532/747/1045 574/772/1046 484/743/1047
f 532/747/1045 576/773/1048 577/774/1049
f 578/775/1050 709/776/1050 710/777/1050
f 599/778/1051 575/631/884 601/779/1051
f 511/746/1052 572/780/1053 576/773/1048
f 484/781/1054 571/782/1054 485/751/1054
f 486/749/1055 573/783/1055 572/784/1055
f 588/785/1056 586/657/914 580/716/978
f 530/734/1057 581/786/1058 479/726/1059
f 530/734/1057 584/787/1060 585/788/1061
f 593/789/1062 586/657/914 594/790/1063
f 587/791/1064 582/620/1065 592/792/1066
f 591/793/1067 580/794/1067 581/615/1067
f 592/795/1068 583/614/873 593/789/1062
f 509/733/1069 579/796/1070 584/787/1060
f 466/797/1071 593/789/1072 501/564/1073
f 465/568/1074 588/798/1074 591/793/1074
f 463/799/1075 592/792/1066 466/570/1075
f 501/564/1073 594/790/1076 522/672/1077
f 464/700/1078 594/790/1076 588/785/1079
f 585/788/1061 591/702/1080 581/786/1058
f 621/800/1081 722/801/1081 721/802/1081
f 584/787/1060 587/803/1082 589/572/1082
f 469/804/1083 601/779/1084 503/576/1085
f 503/576/1085 602/805/1086 524/668/1087
f 467/704/1088 602/805/1086 595/771/1089
f 577/774/1049 600/706/1090 574/772/1046
f 577/774/1049 597/584/1091 598/666/1092
f 576/773/1048 596/806/1093 597/584/1091
f 574/807/1094 595/583/1094 571/782/1094
f 572/784/1095 599/808/1096 596/578/847
f 523/671/1097 603/809/1098 465/701/1099
f 620/810/1100 609/673/1101 606/699/1102
f 625/811/1103 609/673/1101 626/812/1104
f 523/671/1097 607/813/1105 610/814/1106
f 502/574/1107 605/815/1108 607/813/1105
f 619/816/1109 604/571/1109 624/817/1109
f 623/818/1110 606/819/1110 603/566/1110
f 624/820/1111 608/565/1112 625/811/1103
f 525/667/1113 612/821/1114 470/705/1115
f 627/822/1116 617/669/1117 613/703/1117
f 557/823/1118 701/824/1118 702/825/1118
f 525/667/1113 615/826/1119 618/827/1120
f 504/586/1121 614/828/1122 615/826/1119
f 470/829/1123 613/830/1123 467/582/1123
f 468/580/1124 611/831/1124 614/832/1124
f 631/833/1125 616/577/1126 633/834/1127
f 474/835/1128 625/811/1129 505/836/1130
f 473/592/1131 620/837/1131 623/818/1131
f 471/838/1132 624/817/1132 474/588/1132
f 505/836/1130 626/812/1133 526/839/1134
f 472/840/1135 626/812/1133 620/810/1136
f 610/814/1137 623/710/1138 603/809/1137
f 585/841/1139 714/842/1139 590/843/1139
f 607/813/1140 619/844/1141 621/596/1142
f 477/845/1143 633/834/1144 507/846/1145
f 507/846/1145 634/847/1146 528/848/1147
f 475/849/1148 634/847/1146 627/822/1149
f 618/827/1150 632/714/1151 612/821/1152
f 618/827/1150 629/608/1153 630/660/1154
f 615/826/1155 628/850/1156 629/608/1153
f 612/851/1157 627/607/1157 613/830/1157
f 614/832/1158 631/852/1158 628/602/1158
f 638/853/1159 645/854/1159 644/855/1159
f 646/856/1160 636/857/1160 643/858/1160
f 649/859/1160 643/858/1160 650/860/1160
f 644/855/1159 648/861/1159 647/862/1159
f 647/862/1159 641/863/1159 637/864/1159
f 639/865/1160 650/860/1160 635/866/1160
f 670/688/948 642/867/1161 674/868/1162
f 669/869/1163 642/870/1163 638/871/1163
f 676/537/816 640/872/1164 646/873/1165
f 667/874/1166 641/875/1167 648/689/949
f 681/876/1168 635/877/1169 650/878/1170
f 678/879/1171 636/880/1172 675/881/1173
f 680/539/818 639/882/1174 682/883/1175
f 672/678/938 647/884/1176 668/693/953
f 677/885/1177 639/886/1177 635/887/1177
f 678/879/1171 650/878/1170 643/888/1178
f 697/889/1179 656/890/1180 654/891/1181
f 694/892/1182 652/893/1183 696/894/1184
f 698/895/1185 658/896/1185 655/897/1185
f 695/898/1186 651/899/1187 658/900/1188
f 692/901/1189 654/891/1181 653/902/1190
f 696/894/1184 651/899/1187 691/903/1191
f 698/904/1192 656/890/1180 693/905/1193
f 692/906/1194 657/907/1194 694/908/1194
f 685/909/1195 665/910/1196 690/911/1197
f 689/912/1198 666/913/1198 663/914/1198
f 686/915/1199 662/916/1200 666/917/1201
f 687/918/1202 665/910/1196 659/919/1203
f 689/920/1204 664/921/1205 685/909/1195
f 683/922/1206 661/923/1207 688/924/1208
f 687/925/1209 660/926/1209 683/927/1209
f 684/928/1210 661/923/1207 662/916/1200
f 656/890/1180 668/693/953 654/891/1181
f 652/893/1183 673/929/1211 667/874/1166
f 655/897/1212 674/930/1212 669/869/1212
f 651/899/1187 674/868/1162 658/900/1188
f 654/891/1181 671/695/955 653/902/1190
f 651/899/1187 667/874/1166 670/688/948
f 656/890/1180 669/931/1213 672/678/938
f 653/932/1214 673/545/1214 657/907/1214
f 665/910/1196 681/876/1168 678/879/1171
f 663/914/1215 682/933/1215 677/885/1215
f 662/916/1200 682/883/1175 666/917/1201
f 665/910/1196 675/881/1173 659/919/1203
f 664/921/1205 677/934/1216 681/876/1168
f 661/923/1207 679/935/1217 676/537/816
f 659/936/1218 679/684/1218 660/926/1218
f 661/923/1207 680/539/818 662/916/1200
f 519/681/1219 688/924/1208 684/928/1210
f 452/550/1220 683/927/1220 456/551/1220
f 456/541/1221 688/924/1208 498/542/1222
f 451/723/1223 685/909/1195 538/649/1224
f 452/640/1225 690/911/1197 687/918/1202
f 455/691/1226 684/928/1210 686/915/1199
f 451/547/1227 686/937/1227 689/912/1227
f 538/649/1224 690/911/1197 495/641/1228
f 453/634/1229 694/908/1229 457/938/1229
f 454/535/1230 693/905/1193 496/536/1231
f 518/653/1232 691/903/1191 497/633/1233
f 453/686/1234 697/889/1179 692/901/1189
f 458/632/1235 691/903/1191 695/898/1186
f 454/636/1236 695/939/1236 698/895/1236
f 457/721/1237 696/894/1184 518/653/1232
f 517/685/1238 693/905/1193 697/889/1179
f 703/940/1239 705/941/1239 706/942/1239
f 702/943/1240 699/944/1240 700/945/1240
f 707/946/1241 710/947/1242 709/948/1243
f 712/949/1244 713/950/1245 714/951/1246
f 717/952/1247 720/953/1248 719/954/1249
f 716/955/1250 721/956/1251 722/957/1252
f 617/958/1253 718/959/1253 616/960/1253
f 589/961/1254 714/962/1254 713/963/1254
f 621/964/1255 715/965/1255 607/966/1255
f 552/967/1256 706/968/1256 555/969/1256
f 633/970/1257 719/727/1257 634/971/1257
f 557/775/1258 700/972/1258 561/973/1258
f 610/974/1259 722/975/1259 622/976/1259
f 545/977/1260 704/978/1260 560/979/1260
f 633/980/1261 718/964/1261 717/966/1261
f 578/981/1262 708/982/1262 575/983/1262
f 585/982/1263 711/984/1263 712/985/1263
f 601/986/1264 708/987/1264 707/843/1264
f 552/988/1265 704/989/1265 703/990/1265
f 589/991/1266 711/986/1266 584/992/1266
f 565/968/1267 700/993/1267 699/994/1267
f 617/995/1268 719/996/1268 720/997/1268
f 565/989/1269 701/998/1269 540/990/1269
f 601/999/1270 709/1000/1270 602/1001/1270
f 387/1/1 4/194/1271 44/2/2
f 134/4/4 127/192/4 8/5/4
f 420/7/5 6/190/1272 46/8/6
f 152/10/8 146/17/8 2/11/8
f 439/13/9 443/108/1273 5/14/10
f 442/16/12 2/11/1274 146/17/13
f 421/19/15 12/188/1275 92/20/16
f 422/22/18 11/105/1276 110/23/19
f 92/20/8 12/188/8 47/25/8
f 109/27/4 10/505/4 48/28/4
f 114/30/4 111/95/4 18/31/4
f 96/33/8 93/94/8 17/34/8
f 147/36/8 13/93/8 31/37/8
f 423/39/21 16/92/1277 34/40/22
f 129/42/4 15/91/4 33/43/4
f 389/45/24 14/90/1278 32/46/25
f 395/48/27 390/84/1279 19/49/28
f 130/51/4 20/85/4 50/52/4
f 429/54/30 424/86/1280 21/55/31
f 148/57/8 24/87/8 54/58/8
f 99/60/8 94/88/8 22/61/8
f 117/63/4 112/89/4 23/64/4
f 113/66/4 30/96/4 41/67/4
f 95/69/8 29/97/8 40/70/8
f 151/72/8 149/98/8 25/73/8
f 425/75/33 28/99/1281 39/76/34
f 133/78/4 131/100/4 27/79/4
f 391/81/36 26/101/1282 37/82/37
f 390/84/39 392/47/1283 32/46/40
f 132/44/4 33/43/4 20/85/4
f 424/86/42 426/41/1284 34/40/43
f 150/38/8 31/37/8 24/87/8
f 94/88/8 96/33/8 35/35/8
f 112/89/4 114/30/4 36/32/4
f 389/45/45 393/83/1285 37/82/46
f 129/42/4 133/78/4 38/80/4
f 423/39/48 427/77/1286 39/76/49
f 147/36/8 151/72/8 42/74/8
f 97/71/8 40/70/8 17/34/8
f 115/68/4 41/67/4 18/31/4
f 116/29/4 48/28/4 30/96/4
f 98/26/8 47/25/8 29/97/8
f 149/98/8 152/10/8 43/12/8
f 428/9/51 46/8/1287 28/99/52
f 131/100/4 134/4/4 45/6/4
f 394/3/54 44/2/1288 26/101/55
f 118/102/4 117/63/4 53/65/4
f 101/104/8 99/60/8 52/62/8
f 153/59/8 54/58/8 1/106/8
f 443/108/57 429/54/1289 51/56/58
f 135/53/4 50/52/4 7/109/4
f 396/111/60 395/48/1290 49/50/61
f 108/113/4 72/139/4 57/114/4
f 128/15/8 144/138/8 71/116/8
f 104/118/4 107/147/4 70/119/4
f 143/121/8 69/143/8 63/122/8
f 142/124/8 68/137/8 59/125/8
f 102/127/4 106/136/4 67/128/4
f 139/130/8 141/141/8 66/131/8
f 105/133/4 65/140/4 61/134/4
f 106/136/4 104/118/4 64/120/4
f 140/123/8 63/122/8 68/137/8
f 144/138/8 139/130/8 62/132/8
f 103/135/4 61/134/4 72/139/4
f 102/127/4 60/129/4 65/140/4
f 141/141/8 138/126/8 59/125/8
f 137/142/8 58/187/8 69/143/8
f 430/144/63 58/187/1291 137/142/64
f 434/146/66 431/191/1292 56/117/67
f 107/147/4 100/186/4 55/148/4
f 126/149/8 90/175/8 76/150/8
f 145/151/4 162/174/4 89/152/4
f 122/154/8 125/185/8 88/155/8
f 161/157/4 87/179/4 81/158/4
f 160/160/4 86/173/4 77/161/4
f 120/163/8 124/172/8 85/164/8
f 157/166/4 159/177/4 84/167/4
f 123/169/8 83/176/8 79/170/8
f 124/172/8 122/154/8 82/156/8
f 158/159/4 81/158/4 86/173/4
f 162/174/4 157/166/4 80/168/4
f 121/171/8 79/170/8 90/175/8
f 120/163/8 78/165/8 83/176/8
f 159/177/4 156/162/4 77/161/4
f 154/178/4 75/189/4 87/179/4
f 432/180/69 76/150/1293 155/107/70
f 436/182/72 433/195/1294 74/183/73
f 125/185/8 119/184/8 74/183/8
f 48/28/4 10/505/4 100/186/4
f 422/22/75 434/146/1295 101/104/76
f 18/31/4 102/127/4 105/133/4
f 23/64/4 103/135/4 108/113/4
f 41/67/4 30/96/4 104/118/4
f 36/32/4 105/133/4 103/135/4
f 18/31/4 41/67/4 106/136/4
f 30/96/4 48/28/4 107/147/4
f 53/65/4 108/113/4 91/115/4
f 56/117/8 71/116/8 99/60/8
f 69/143/8 98/26/8 95/69/8
f 68/137/8 97/71/8 93/94/8
f 62/132/8 66/131/8 96/33/8
f 63/122/8 95/69/8 97/71/8
f 71/116/8 62/132/8 94/88/8
f 66/131/8 59/125/8 93/94/8
f 58/187/8 92/20/8 98/26/8
f 435/21/78 92/20/1296 58/187/79
f 47/25/8 12/188/8 119/184/8
f 421/19/81 436/182/1297 119/184/82
f 17/34/8 120/163/8 123/169/8
f 22/61/8 121/171/8 126/149/8
f 40/70/8 29/97/8 122/154/8
f 35/35/8 123/169/8 121/171/8
f 17/34/8 40/70/8 124/172/8
f 29/97/8 47/25/8 125/185/8
f 52/62/8 126/149/8 110/23/8
f 73/153/4 89/152/4 117/63/4
f 87/179/4 116/29/4 113/66/4
f 86/173/4 115/68/4 111/95/4
f 80/168/4 84/167/4 114/30/4
f 81/158/4 113/66/4 115/68/4
f 89/152/4 80/168/4 112/89/4
f 84/167/4 77/161/4 111/95/4
f 75/189/4 109/27/4 116/29/4
f 437/24/84 110/23/1298 76/150/85
f 420/7/87 438/145/1299 137/142/88
f 6/190/8 137/142/8 143/121/8
f 34/40/8 16/92/8 138/126/8
f 51/56/8 21/55/8 139/130/8
f 28/99/8 140/123/8 142/124/8
f 21/55/8 34/40/8 141/141/8
f 39/76/8 142/124/8 138/126/8
f 46/8/8 143/121/8 140/123/8
f 5/14/8 51/56/8 144/138/8
f 72/139/4 135/53/4 136/110/4
f 64/120/4 70/119/4 134/4/4
f 60/129/4 67/128/4 133/78/4
f 65/140/4 132/44/4 130/51/4
f 67/128/4 64/120/4 131/100/4
f 61/134/4 130/51/4 135/53/4
f 60/129/4 129/42/4 132/44/4
f 431/191/90 439/13/1300 128/15/91
f 70/119/4 55/148/4 127/192/4
f 440/181/93 155/107/1301 1/106/94
f 4/194/4 154/178/4 161/157/4
f 32/46/4 14/90/4 156/162/4
f 49/50/4 19/49/4 157/166/4
f 26/101/4 158/159/4 160/160/4
f 19/49/4 32/46/4 159/177/4
f 37/82/4 160/160/4 156/162/4
f 44/2/4 161/157/4 158/159/4
f 3/112/4 49/50/4 162/174/4
f 90/175/8 153/59/8 155/107/8
f 82/156/8 88/155/8 152/10/8
f 78/165/8 85/164/8 151/72/8
f 83/176/8 150/38/8 148/57/8
f 85/164/8 82/156/8 149/98/8
f 79/170/8 148/57/8 153/59/8
f 78/165/8 147/36/8 150/38/8
f 433/195/96 441/18/1302 146/17/97
f 88/155/8 74/183/8 146/17/8
f 281/196/99 194/258/99 186/197/99
f 259/199/101 280/221/1303 193/200/102
f 279/202/104 192/259/105 184/203/105
f 278/205/107 191/223/1304 166/206/107
f 272/208/109 277/255/1305 190/209/109
f 276/211/110 189/220/110 167/212/110
f 270/214/111 275/256/1306 188/215/111
f 274/217/112 187/222/112 168/218/112
f 273/198/113 186/197/113 189/220/113
f 280/221/115 272/208/1307 185/210/116
f 271/204/117 184/203/117 187/222/117
f 278/205/119 270/214/1308 183/216/119
f 299/224/120 182/1002/1309 163/201/121
f 269/226/123 181/1003/1310 165/227/124
f 298/229/126 180/263/1311 174/230/126
f 268/232/128 179/261/1312 173/233/128
f 267/235/130 178/248/1313 169/236/130
f 297/238/131 177/247/1314 170/239/131
f 266/241/132 176/254/133 172/242/133
f 296/244/135 175/253/136 171/245/136
f 297/238/138 295/231/1315 174/230/138
f 267/235/140 265/234/1316 173/233/140
f 264/243/142 172/242/1317 181/249/143
f 294/246/145 171/245/1318 182/251/146
f 293/240/148 170/239/1319 175/253/148
f 263/237/150 169/236/1320 176/254/150
f 277/255/152 262/219/152 168/218/152
f 275/256/153 261/213/153 167/212/153
f 281/196/154 282/401/1321 164/257/154
f 283/228/156 165/227/1322 192/259/157
f 268/232/159 260/1004/1323 166/260/159
f 298/229/161 291/1005/1324 164/262/161
f 385/264/163 378/1006/1325 218/265/163
f 380/267/164 220/277/1326 223/268/165
f 381/270/167 221/276/167 226/271/167
f 384/273/169 382/278/169 222/274/169
f 383/269/170 223/268/171 221/276/171
f 384/273/172 224/275/172 220/277/172
f 382/278/173 385/264/1327 225/266/173
f 386/279/175 226/405/1328 195/280/176
f 322/282/178 217/327/1329 209/283/179
f 321/285/181 216/305/1330 195/280/182
f 312/286/184 320/328/1331 215/287/185
f 301/289/187 319/307/1332 214/290/188
f 318/292/190 213/324/1333 208/293/191
f 302/295/193 317/304/1334 212/296/194
f 311/298/196 316/325/1335 211/299/197
f 303/301/199 315/306/1336 210/302/200
f 314/284/202 209/283/1337 212/296/203
f 313/294/205 208/293/1338 216/305/206
f 315/306/208 312/286/1339 207/288/209
f 319/307/211 311/298/1340 206/300/212
f 292/308/214 310/404/1341 205/309/215
f 306/311/217 309/329/1342 204/312/218
f 304/314/220 308/320/1343 203/315/221
f 305/317/223 307/323/1344 202/318/224
f 308/320/226 306/311/1345 201/313/227
f 310/321/229 305/317/1346 200/319/230
f 304/314/232 199/316/1347 202/318/233
f 303/301/235 198/303/1348 213/324/236
f 302/295/238 197/297/1349 211/299/239
f 291/326/240 218/501/1350 217/327/241
f 320/328/243 292/308/1351 219/310/244
f 309/329/246 301/1007/1352 196/330/247
f 341/331/249 333/377/1353 237/332/249
f 324/334/250 228/359/251 256/335/251
f 354/337/252 323/450/252 227/338/252
f 348/340/254 334/374/254 238/341/254
f 350/343/255 335/372/255 239/344/255
f 336/346/256 240/356/1354 243/347/257
f 337/349/259 241/355/259 246/350/259
f 340/352/261 338/357/261 242/353/261
f 339/348/262 243/347/263 241/355/263
f 340/352/264 244/354/264 240/356/264
f 338/357/265 341/331/1355 245/333/265
f 342/358/267 246/402/1356 228/359/268
f 351/360/270 343/373/1357 247/361/270
f 344/363/271 248/378/1358 251/364/271
f 353/366/272 345/375/272 249/367/272
f 346/369/273 250/382/1359 253/370/274
f 347/365/275 251/364/275 239/344/275
f 343/373/276 348/340/276 252/342/277
f 349/371/279 253/370/279 238/341/279
f 345/375/280 350/343/280 254/345/280
f 351/376/282 255/1008/1360 237/332/282
f 352/336/283 256/335/283 248/378/283
f 332/379/284 353/366/284 257/368/285
f 354/381/286 258/400/286 250/382/286
f 259/199/288 290/399/1361 235/383/289
f 286/384/291 289/397/1362 234/385/292
f 284/387/294 288/393/1363 233/388/295
f 285/390/297 287/396/1364 232/391/298
f 288/393/300 286/384/1365 231/386/301
f 290/394/303 285/390/1366 230/392/304
f 284/387/306 229/389/1367 232/391/307
f 289/397/309 282/1009/1368 227/398/310
f 164/262/312 282/1009/1369 289/397/312
f 175/253/314 170/239/1370 284/387/314
f 182/251/316 171/245/1371 285/390/317
f 174/230/319 286/384/1372 288/393/319
f 171/245/321 175/253/321 287/396/322
f 170/239/324 177/247/1373 288/393/324
f 174/230/325 180/263/1374 289/397/325
f 163/201/327 182/1002/1375 290/399/328
f 237/332/330 260/1004/1376 268/232/331
f 228/359/333 283/228/1377 279/202/334
f 258/400/336 227/1010/1378 282/401/337
f 252/342/339 238/341/1379 261/213/340
f 254/345/342 239/344/1380 262/219/343
f 243/347/345 240/356/1381 263/237/346
f 241/355/348 264/243/1382 269/250/349
f 242/353/351 265/234/1383 267/235/352
f 243/347/354 266/241/1384 264/243/355
f 244/354/357 267/235/1385 263/237/358
f 245/333/360 268/232/1386 265/234/361
f 246/402/363 269/226/1387 283/228/364
f 247/361/366 270/214/1388 278/205/367
f 248/378/369 271/204/1389 274/217/370
f 257/368/372 249/367/1390 272/208/373
f 253/370/375 250/382/1391 273/198/376
f 251/364/378 274/217/1392 262/219/379
f 252/342/381 275/256/1393 270/214/382
f 253/370/384 276/211/1394 261/213/385
f 249/367/387 254/345/1395 277/255/388
f 255/362/390 278/205/1396 260/207/391
f 256/335/393 279/202/1397 271/204/394
f 236/380/396 257/368/1398 280/221/397
f 250/382/399 258/400/1399 281/196/400
f 166/260/402 301/1007/1400 309/329/402
f 192/259/404 165/227/1401 292/308/405
f 164/257/407 291/326/1402 322/282/407
f 167/212/409 302/295/409 316/325/409
f 168/218/410 303/301/410 318/292/410
f 176/254/411 169/236/1403 304/314/411
f 181/249/413 172/242/1404 305/317/414
f 173/233/416 306/311/1405 308/320/416
f 172/242/418 176/254/418 307/323/419
f 169/236/421 178/248/1406 308/320/421
f 173/233/422 179/261/1407 309/329/422
f 165/227/424 181/1003/1408 310/404/425
f 183/216/427 311/298/1409 319/307/427
f 187/222/428 184/203/428 312/286/428
f 185/210/430 313/294/1410 321/285/431
f 189/220/432 186/197/432 314/284/432
f 168/218/434 187/222/434 315/306/434
f 188/215/435 316/325/1411 311/298/435
f 167/212/436 189/220/436 317/304/436
f 190/209/437 318/292/1412 313/294/437
f 166/206/438 191/223/1413 319/307/438
f 184/203/440 192/259/440 320/328/441
f 193/200/443 321/285/1414 300/225/444
f 186/197/446 194/258/446 322/282/446
f 218/265/448 291/1005/1415 298/229/449
f 223/268/451 220/277/1416 293/240/452
f 221/276/454 294/246/1417 299/252/455
f 222/274/457 295/231/1418 297/238/458
f 223/268/460 296/244/1419 294/246/461
f 224/275/463 297/238/1420 293/240/464
f 225/266/466 298/229/1421 295/231/467
f 226/405/469 299/224/1422 300/225/470
f 418/406/472 354/337/1423 346/407/473
f 396/111/475 417/430/1424 353/409/476
f 416/411/478 352/451/1425 344/412/479
f 415/414/481 351/432/1426 333/415/482
f 409/417/484 414/448/1427 350/418/485
f 413/420/487 349/429/487 334/421/488
f 412/423/490 348/449/1428 343/424/491
f 411/426/493 347/431/1429 335/427/494
f 413/420/496 410/408/1430 346/407/497
f 417/430/499 409/417/1431 345/419/500
f 408/413/502 344/412/1432 347/431/503
f 415/414/505 407/425/1433 343/424/506
f 406/433/508 342/446/1434 324/434/509
f 405/436/511 341/452/1435 338/437/512
f 404/439/514 340/445/514 336/440/515
f 403/442/517 339/447/1436 337/443/518
f 402/438/520 338/437/1437 340/445/521
f 401/444/523 337/443/1438 342/446/524
f 403/442/526 400/441/1439 336/440/527
f 414/448/529 399/428/1440 335/427/530
f 412/423/532 398/422/1441 334/421/532
f 418/406/534 387/1/1442 323/450/535
f 388/435/537 324/434/1443 352/451/538
f 405/436/540 397/416/1444 333/415/541
f 236/380/543 235/383/1445 331/453/544
f 234/385/546 330/1011/1446 327/454/546
f 229/389/548 233/388/548 329/455/548
f 230/392/549 232/391/549 328/457/550
f 231/386/551 327/454/551 329/455/551
f 235/395/552 230/392/552 326/458/552
f 232/391/554 229/389/1447 325/456/555
f 227/338/557 323/450/1448 330/460/557
f 450/462/558 386/474/1449 355/463/559
f 449/464/561 385/477/1450 382/465/562
f 448/467/564 384/473/1451 380/468/565
f 447/470/567 383/475/1452 381/471/568
f 446/466/570 382/465/1453 384/473/571
f 445/472/573 381/471/1454 386/474/574
f 447/470/576 444/469/1455 380/468/577
f 449/464/579 442/16/1456 378/476/580
f 209/283/582 217/327/582 377/478/582
f 216/305/584 376/490/585 355/281/585
f 207/288/586 215/287/586 375/480/586
f 196/291/587 214/290/1457 374/482/587
f 213/324/588 373/499/588 368/484/588
f 197/297/590 212/296/590 372/485/590
f 211/299/591 371/500/592 366/487/592
f 198/303/594 210/302/594 370/488/594
f 212/296/595 209/283/1458 369/479/596
f 208/293/597 368/484/597 376/490/597
f 210/302/598 207/288/1459 367/481/598
f 206/300/599 366/487/1460 374/482/599
f 219/310/600 205/309/1461 365/491/601
f 204/312/603 364/1012/1462 361/493/603
f 199/316/605 203/315/605 363/494/605
f 200/319/606 202/318/606 362/496/607
f 201/313/609 361/493/609 363/494/609
f 205/322/610 200/319/610 360/497/610
f 202/318/612 199/316/1463 359/495/613
f 198/303/615 358/489/615 373/499/615
f 197/297/616 357/486/616 371/500/616
f 218/501/617 378/1013/1464 377/478/617
f 215/287/619 219/310/619 379/492/620
f 196/502/621 356/515/1465 364/503/621
f 45/6/622 8/5/1466 397/416/623
f 7/109/625 388/435/1467 416/411/626
f 154/178/628 4/194/1468 387/1/629
f 100/186/631 10/505/1469 398/422/632
f 118/102/634 9/103/1470 399/428/635
f 33/43/637 15/91/1471 400/441/638
f 20/85/640 401/444/1472 406/433/641
f 38/80/643 27/79/1473 402/438/644
f 33/43/646 403/442/1474 401/444/647
f 38/80/649 404/439/1475 400/441/650
f 27/79/652 45/6/1476 405/436/653
f 50/52/655 406/433/1477 388/435/656
f 127/192/658 55/148/1478 407/425/659
f 57/114/661 408/413/1479 411/426/662
f 145/151/664 73/153/1480 409/417/665
f 75/189/667 410/408/1481 413/420/668
f 91/115/670 411/426/1482 399/428/671
f 55/148/673 100/186/1483 412/423/674
f 109/27/676 413/420/1484 398/422/677
f 73/153/679 118/102/1485 414/448/680
f 127/192/682 415/414/1486 397/416/683
f 136/110/685 416/411/1487 408/413/686
f 3/112/688 145/151/1488 417/430/689
f 154/178/691 418/406/1489 410/408/692
f 332/410/694 331/510/1490 395/48/695
f 327/506/697 330/460/1491 394/3/698
f 325/507/700 329/509/1492 393/83/701
f 326/508/703 328/511/1493 392/47/704
f 329/509/706 327/506/1494 391/81/707
f 331/510/709 326/508/1495 390/84/710
f 325/507/712 389/45/1496 392/47/713
f 323/450/715 387/1/1497 394/3/716
f 43/12/718 2/11/1498 442/16/719
f 31/37/721 13/93/1499 444/469/722
f 24/87/724 445/472/1500 450/462/725
f 42/74/727 25/73/1501 446/466/728
f 31/37/730 447/470/1502 445/472/731
f 42/74/733 448/467/1503 444/469/734
f 25/73/736 43/12/1504 449/464/737
f 54/58/739 450/462/1505 419/193/740
f 369/512/742 377/532/1506 441/18/743
f 376/513/745 440/181/1507 419/193/746
f 367/514/748 375/533/1508 439/13/749
f 356/515/751 374/523/1509 438/145/752
f 373/516/754 437/24/1510 432/180/755
f 357/518/757 372/521/758 436/182/758
f 366/519/760 371/531/1511 435/21/761
f 358/520/763 370/522/1512 434/146/764
f 369/512/766 433/195/1513 436/182/767
f 368/517/769 432/180/1514 440/181/770
f 370/522/772 367/514/1515 431/191/773
f 366/519/775 430/144/1516 438/145/776
f 379/524/778 365/529/1517 429/54/779
f 361/525/781 364/503/1518 428/9/782
f 359/526/784 363/528/1519 427/77/785
f 360/527/787 362/530/1520 426/41/788
f 363/528/790 361/525/1521 425/75/791
f 365/529/793 360/527/1522 424/86/794
f 359/526/796 423/39/1523 426/41/797
f 358/520/799 422/22/1524 437/24/800
f 357/518/802 421/19/1525 435/21/803
f 378/476/804 442/16/1526 441/18/805
f 375/533/807 379/524/1527 443/108/808
f 356/515/810 420/7/1528 428/9/811
f 514/534/813 487/639/814 454/535/814
f 676/537/816 646/873/1165 649/538/817
f 516/540/819 492/645/1529 456/541/820
f 671/543/822 637/1014/822 641/544/822
f 494/546/1530 455/1015/1530 451/547/1530
f 492/549/1531 493/642/1531 452/550/1531
f 521/552/827 557/559/832 569/553/828
f 543/555/830 556/765/830 551/556/830
f 521/552/827 500/737/1001 540/558/831
f 510/560/833 546/612/870 539/561/834
f 604/563/836 466/797/1532 501/564/837
f 603/566/839 606/819/839 464/567/839
f 605/569/840 463/799/840 466/570/840
f 589/572/841 587/803/1533 463/573/842
f 611/575/844 469/804/1534 503/576/845
f 596/578/847 599/808/1096 469/579/847
f 600/581/848 470/829/848 467/582/848
f 597/584/849 596/806/1535 468/585/850
f 487/587/852 471/838/852 474/588/852
f 489/590/853 488/635/889 472/591/854
f 490/593/855 474/1016/1536 505/594/856
f 621/596/858 619/844/1537 471/597/859
f 493/599/861 477/1017/1538 507/600/862
f 628/602/864 631/852/864 477/603/864
f 632/605/865 478/643/865 475/606/865
f 629/608/866 628/850/1539 476/609/867
f 480/611/869 541/624/877 546/612/870
f 582/613/871 480/611/1540 510/560/872
f 581/615/874 580/794/874 482/616/874
f 579/618/875 481/755/875 480/619/875
f 542/621/876 554/697/876 562/622/876
f 541/624/877 551/761/878 544/625/878
f 548/626/879 564/677/1029 567/627/880
f 573/629/882 483/745/1541 512/630/883
f 458/632/885 490/593/1542 513/595/886
f 453/634/1543 457/938/1543 488/635/1543
f 454/636/1544 487/587/1544 490/589/1544
f 506/638/891 471/1018/1545 487/639/892
f 452/640/894 493/599/894 515/601/895
f 476/604/897 477/603/897 493/642/897
f 478/643/898 494/546/823 491/548/825
f 508/644/899 476/1019/1546 492/645/900
f 529/646/902 508/644/899 516/540/901
f 495/641/896 515/601/895 536/648/904
f 527/650/906 506/638/891 514/534/893
f 497/633/887 513/595/886 534/652/908
f 575/631/884 512/630/883 533/654/910
f 546/612/870 544/625/878 568/656/912
f 583/614/873 510/560/872 531/562/913
f 479/617/915 482/616/915 559/658/915
f 630/660/916 629/608/1547 508/610/917
f 515/601/863 507/600/862 528/662/919
f 622/663/921 621/596/858 506/598/860
f 513/595/857 505/594/856 526/665/923
f 598/666/925 597/584/849 504/586/851
f 616/577/846 503/576/845 524/668/927
f 590/670/929 589/572/841 502/574/843
f 608/565/838 501/564/837 522/672/931
f 482/674/933 531/562/835 539/561/834
f 520/676/935 499/762/1035 564/677/936
f 672/678/938 669/931/1213 638/679/939
f 537/647/941 516/540/819 498/542/821
f 675/682/943 636/1020/943 640/683/943
f 535/651/944 514/534/813 496/536/815
f 535/651/944 517/685/945 453/686/946
f 670/688/948 667/874/1166 648/689/949
f 537/647/941 519/681/942 455/691/951
f 668/693/953 647/884/1176 637/694/954
f 462/696/956 460/1021/956 554/697/956
f 512/630/957 552/741/1003 555/698/958
f 606/699/960 609/673/932 522/672/931
f 590/670/929 523/671/930 465/701/962
f 613/703/964 617/669/928 524/668/927
f 598/666/925 525/667/926 470/705/966
f 488/707/968 534/652/924 526/665/923
f 622/663/921 527/664/922 473/709/970
f 491/711/972 536/648/920 528/662/919
f 630/660/916 529/661/918 478/713/1548
f 557/559/975 561/725/991 563/715/976
f 580/716/978 586/657/914 531/562/913
f 563/659/980 559/658/980 550/717/980
f 571/719/981 578/655/911 533/654/910
f 457/721/983 518/653/909 534/652/908
f 527/650/906 535/651/907 489/687/985
f 451/723/987 538/649/905 536/648/904
f 529/646/902 537/647/903 494/692/989
f 561/725/991 530/734/998 479/726/992
f 610/727/993 607/1022/993 715/728/993
f 549/730/994 555/698/958 545/731/995
f 561/725/991 565/735/999 509/733/997
f 565/735/999 543/759/999 481/736/1000
f 500/737/1001 460/1023/1549 556/738/1002
f 562/739/1003 554/770/1004 560/740/1004
f 559/675/934 539/561/834 568/656/912
f 566/628/881 532/747/1011 484/743/1006
f 485/720/1008 533/654/959 555/698/958
f 483/745/1009 562/739/1003 552/741/1003
f 566/628/881 567/627/880 511/746/1010
f 553/623/1012 562/622/1012 483/748/1012
f 547/750/1013 484/781/1013 485/751/1013
f 567/627/880 553/766/1030 486/753/1014
f 548/626/879 566/628/881 547/744/1007
f 481/755/1016 543/555/1016 541/557/1016
f 545/756/1017 555/1024/1017 706/757/1017
f 540/558/1018 556/738/1018 543/759/999
f 550/742/1019 568/656/1023 520/676/1020
f 544/625/1022 499/762/1025 520/676/1020
f 551/761/1024 462/1025/1550 499/762/1025
f 569/718/1026 550/717/1026 461/763/1027
f 556/765/1028 460/1021/1028 462/696/1028
f 564/677/1029 542/769/1029 553/766/1030
f 520/676/935 548/626/937 558/754/1031
f 558/767/1033 547/750/1033 549/752/1033
f 461/763/1027 558/767/1034 570/768/1034
f 499/762/1035 462/1025/1551 542/769/1036
f 570/732/1037 545/731/1041 521/552/1038
f 560/740/1040 500/737/1043 521/552/1038
f 554/770/1042 460/1023/1552 500/737/1043
f 595/771/1044 602/805/1553 578/655/911
f 532/747/1045 577/774/1049 574/772/1046
f 532/747/1045 511/746/1052 576/773/1048
f 578/775/1050 602/1026/1050 709/776/1050
f 599/778/1051 573/629/882 575/631/884
f 511/746/1052 486/753/1554 572/780/1053
f 484/781/1054 574/807/1054 571/782/1054
f 486/749/1055 483/748/1055 573/783/1055
f 588/785/1056 594/790/1063 586/657/914
f 530/734/1057 585/788/1061 581/786/1058
f 530/734/1057 509/733/1069 584/787/1060
f 593/789/1062 583/614/873 586/657/914
f 587/791/1064 579/618/1065 582/620/1065
f 591/793/1067 588/798/1067 580/794/1067
f 592/795/1068 582/613/871 583/614/873
f 509/733/1069 481/736/1555 579/796/1070
f 466/797/1071 592/795/1556 593/789/1072
f 465/568/1074 464/567/1074 588/798/1074
f 463/799/1075 587/791/1064 592/792/1066
f 501/564/1073 593/789/1072 594/790/1076
f 464/700/1078 522/672/1077 594/790/1076
f 585/788/1061 590/670/1557 591/702/1080
f 621/800/1081 622/1027/1081 722/801/1081
f 584/787/1060 579/796/1070 587/803/1082
f 469/804/1083 599/778/1558 601/779/1084
f 503/576/1085 601/779/1084 602/805/1086
f 467/704/1088 524/668/1087 602/805/1086
f 577/774/1049 598/666/1092 600/706/1090
f 577/774/1049 576/773/1048 597/584/1091
f 576/773/1048 572/780/1053 596/806/1093
f 574/807/1094 600/581/1094 595/583/1094
f 572/784/1095 573/783/1095 599/808/1096
f 523/671/1097 610/814/1106 603/809/1098
f 620/810/1100 626/812/1104 609/673/1101
f 625/811/1103 608/565/1112 609/673/1101
f 523/671/1097 502/574/1107 607/813/1105
f 502/574/1107 463/573/1559 605/815/1108
f 619/816/1109 605/569/1109 604/571/1109
f 623/818/1110 620/837/1110 606/819/1110
f 624/820/1111 604/563/1560 608/565/1112
f 525/667/1113 618/827/1120 612/821/1114
f 627/822/1116 634/847/1116 617/669/1117
f 557/823/1118 540/1028/1118 701/824/1118
f 525/667/1113 504/586/1121 615/826/1119
f 504/586/1121 468/585/1561 614/828/1122
f 470/829/1123 612/851/1123 613/830/1123
f 468/580/1124 469/579/1124 611/831/1124
f 631/833/1125 611/575/1562 616/577/1126
f 474/835/1128 624/820/1563 625/811/1129
f 473/592/1131 472/591/1131 620/837/1131
f 471/838/1132 619/816/1132 624/817/1132
f 505/836/1130 625/811/1129 626/812/1133
f 472/840/1135 526/839/1134 626/812/1133
f 610/814/1137 622/663/1138 623/710/1138
f 585/841/1139 712/1029/1139 714/842/1139
f 607/813/1140 605/815/1564 619/844/1141
f 477/845/1143 631/833/1565 633/834/1144
f 507/846/1145 633/834/1144 634/847/1146
f 475/849/1148 528/848/1147 634/847/1146
f 618/827/1150 630/660/1154 632/714/1151
f 618/827/1150 615/826/1155 629/608/1153
f 615/826/1155 614/828/1566 628/850/1156
f 612/851/1157 632/605/1157 627/607/1157
f 614/832/1158 611/831/1158 631/852/1158
f 638/853/1159 642/1030/1159 645/854/1159
f 646/856/1160 640/823/1160 636/857/1160
f 649/859/1160 646/856/1160 643/858/1160
f 644/855/1159 645/854/1159 648/861/1159
f 647/862/1159 648/861/1159 641/863/1159
f 639/865/1160 649/859/1160 650/860/1160
f 670/688/948 645/690/950 642/867/1161
f 669/869/1163 674/930/1163 642/870/1163
f 676/537/816 679/935/1217 640/872/1164
f 667/874/1166 673/929/1211 641/875/1167
f 681/876/1168 677/934/1216 635/877/1169
f 678/879/1171 643/888/1178 636/880/1172
f 680/539/818 649/538/817 639/882/1174
f 672/678/938 644/680/940 647/884/1176
f 677/885/1177 682/933/1177 639/886/1177
f 678/879/1171 681/876/1168 650/878/1170
f 697/889/1179 693/905/1193 656/890/1180
f 694/892/1182 657/1031/1188 652/893/1183
f 698/895/1185 695/939/1185 658/896/1185
f 695/898/1186 691/903/1191 651/899/1187
f 692/901/1189 697/889/1179 654/891/1181
f 696/894/1184 652/893/1183 651/899/1187
f 698/904/1192 655/1032/1190 656/890/1180
f 692/906/1194 653/932/1194 657/907/1194
f 685/909/1195 664/921/1205 665/910/1196
f 689/912/1198 686/937/1198 666/913/1198
f 686/915/1199 684/928/1210 662/916/1200
f 687/918/1202 690/911/1197 665/910/1196
f 689/920/1204 663/1033/1203 664/921/1205
f 683/922/1206 660/1034/1201 661/923/1207
f 687/925/1209 659/936/1209 660/926/1209
f 684/928/1210 688/924/1208 661/923/1207
f 656/890/1180 672/678/938 668/693/953
f 652/893/1183 657/1031/1188 673/929/1211
f 655/897/1212 658/896/1212 674/930/1212
f 651/899/1187 670/688/948 674/868/1162
f 654/891/1181 668/693/953 671/695/955
f 651/899/1187 652/893/1183 667/874/1166
f 656/890/1180 655/1032/1190 669/931/1213
f 653/932/1214 671/543/1214 673/545/1214
f 665/910/1196 664/921/1205 681/876/1168
f 663/914/1215 666/913/1215 682/933/1215
f 662/916/1200 680/539/818 682/883/1175
f 665/910/1196 678/879/1171 675/881/1173
f 664/921/1205 663/1033/1203 677/934/1216
f 661/923/1207 660/1034/1201 679/935/1217
f 659/936/1218 675/682/1218 679/684/1218
f 661/923/1207 676/537/816 680/539/818
f 519/681/1219 498/542/1222 688/924/1208
f 452/550/1220 687/925/1220 683/927/1220
f 456/541/1221 683/922/1206 688/924/1208
f 451/723/1223 689/920/1204 685/909/1195
f 452/640/1225 495/641/1228 690/911/1197
f 455/691/1226 519/681/1219 684/928/1210
f 451/547/1227 455/1015/1227 686/937/1227
f 538/649/1224 685/909/1195 690/911/1197
f 453/634/1229 692/906/1229 694/908/1229
f 454/535/1230 698/904/1192 693/905/1193
f 518/653/1232 696/894/1184 691/903/1191
f 453/686/1234 517/685/1238 697/889/1179
f 458/632/1235 497/633/1233 691/903/1191
f 454/636/1236 458/637/1236 695/939/1236
f 457/721/1237 694/892/1182 696/894/1184
f 517/685/1238 496/536/1231 693/905/1193
f 703/940/1239 704/1035/1239 705/941/1239
f 702/943/1240 701/1036/1240 699/944/1240
f 707/946/1241 708/1037/1241 710/947/1242
f 712/949/1244 711/1038/1245 713/950/1245
f 717/952/1247 718/1039/1247 720/953/1248
f 716/955/1250 715/1040/1251 721/956/1251
f 617/958/1253 720/1041/1253 718/959/1253
f 589/961/1254 590/1042/1254 714/962/1254
f 621/964/1255 721/1043/1255 715/965/1255
f 552/967/1256 703/1044/1256 706/968/1256
f 633/970/1257 717/1045/1257 719/727/1257
f 557/775/1258 702/1046/1258 700/972/1258
f 610/974/1259 716/1047/1259 722/975/1259
f 545/977/1260 705/1048/1260 704/978/1260
f 633/980/1261 616/1049/1261 718/964/1261
f 578/981/1262 710/1050/1262 708/982/1262
f 585/982/1263 584/1050/1263 711/984/1263
f 601/986/1264 575/1051/1264 708/987/1264
f 552/988/1265 560/1052/1265 704/989/1265
f 589/991/1266 713/1051/1266 711/986/1266
f 565/968/1267 561/1044/1267 700/993/1267
f 617/995/1268 634/1053/1268 719/996/1268
f 565/989/1269 699/1054/1269 701/998/1269
f 601/999/1270 707/1055/1270 709/1000/1270
