# Blender 4.3.2
# www.blender.org
mtllib handLeft.mtl
o 腕_左_円柱.003
v 0.409074 -0.268913 -0.052051
v 0.306968 -0.300394 -0.148311
v 0.409074 -0.268913 -0.045816
v 0.432718 -0.255987 -0.046840
v 0.332270 -0.281849 -0.173108
v 0.306968 -0.300394 -0.169188
v 0.432718 -0.255987 -0.053222
v 0.335572 -0.255533 -0.169188
v 0.430167 -0.235831 -0.052051
v 0.340420 -0.247930 -0.148311
v 0.430167 -0.235831 -0.045816
v 0.345268 -0.240327 -0.127433
v 0.430167 -0.235831 -0.039581
v 0.432718 -0.255987 -0.040459
v 0.432718 -0.255987 -0.027696
v 0.409074 -0.268913 -0.039581
v 0.409074 -0.268913 -0.027110
v 0.306968 -0.300394 -0.085679
v 0.306968 -0.300394 -0.127433
v 0.204862 -0.331876 -0.120623
v 0.204862 -0.331876 -0.179849
v 0.033629 -0.343118 -0.140966
v 0.033629 -0.343118 -0.210364
v 0.204862 -0.331876 -0.209462
v 0.033629 -0.343118 -0.245063
v 0.204862 -0.331876 -0.239076
v 0.226238 -0.316469 -0.244636
v 0.050694 -0.328432 -0.286277
v 0.033629 -0.343118 -0.279762
v -0.112871 -0.315569 -0.265432
v -0.099422 -0.300515 -0.310103
v -0.112871 -0.315569 -0.303042
v -0.236286 -0.251814 -0.320075
v -0.236286 -0.251814 -0.280337
v -0.228380 -0.239415 -0.327536
v -0.332512 -0.139377 -0.327536
v -0.216288 -0.220450 -0.320075
v -0.316245 -0.119904 -0.320075
v -0.397439 0.010068 -0.302208
v -0.137479 0.160465 -0.280337
v -0.279976 0.194292 -0.264703
v -0.214146 0.297538 -0.227198
v -0.387878 0.282378 -0.189284
v -0.422589 0.227938 -0.220469
v -0.489901 0.251025 -0.173228
v -0.477040 0.271196 -0.148791
v -0.470977 0.152047 -0.251655
v -0.502762 0.230854 -0.197665
v -0.491397 0.138139 -0.257510
v -0.522743 0.220654 -0.202254
v -0.538505 0.303453 -0.039833
v -0.556225 0.299818 -0.035899
v -0.556225 0.299818 -0.040717
v -0.538505 0.303453 -0.035125
v -0.556225 0.299818 -0.031080
v -0.538505 0.303453 -0.030417
v -0.538505 0.303453 -0.021001
v -0.451317 0.311539 -0.099917
v -0.556225 0.299818 -0.021443
v -0.554503 0.278362 -0.030417
v -0.556225 0.299818 -0.002169
v -0.554503 0.278362 -0.021001
v -0.554503 0.278362 -0.002169
v -0.525169 0.195711 -0.002169
v -0.525169 0.195711 -0.099917
v -0.495835 0.113061 -0.126912
v -0.525169 0.195711 -0.148791
v -0.495835 0.113061 -0.002169
v -0.422414 -0.029103 -0.002169
v -0.525169 0.195711 0.095578
v -0.495835 0.113061 0.122573
v -0.422414 -0.029103 0.147850
v -0.525169 0.195711 0.144452
v -0.495835 0.113061 0.184945
v -0.525169 0.195711 0.168889
v -0.495835 0.113061 0.216130
v -0.422414 -0.029103 0.222859
v -0.340024 -0.157200 0.156783
v -0.340024 -0.157200 0.236260
v -0.422414 -0.029103 0.260364
v -0.422414 -0.029103 0.297869
v -0.340024 -0.157200 0.275998
v -0.495835 0.113061 0.247316
v -0.525169 0.195711 0.193327
v -0.491397 0.138139 0.253172
v -0.416190 -0.007262 0.304911
v -0.470977 0.152047 0.247316
v -0.397439 0.010068 0.297869
v -0.332512 -0.139377 0.323197
v -0.316245 -0.119904 0.315736
v -0.236286 -0.251814 0.315736
v -0.228380 -0.239415 0.323197
v -0.340024 -0.157200 0.315736
v -0.236286 -0.251814 0.275998
v -0.112871 -0.315569 0.298703
v -0.112871 -0.315569 0.261094
v -0.236286 -0.251814 0.236260
v -0.236286 -0.251814 0.156783
v -0.112871 -0.315569 0.223485
v 0.033629 -0.343118 0.206025
v 0.033629 -0.343118 0.240724
v -0.112871 -0.315569 0.148267
v -0.112871 -0.315569 -0.002169
v -0.236286 -0.251814 -0.002169
v 0.033629 -0.343118 0.136627
v 0.204862 -0.331876 0.175510
v 0.204862 -0.331876 0.116284
v 0.033629 -0.343118 -0.002169
v 0.204862 -0.331876 -0.002169
v 0.306968 -0.300394 0.081340
v 0.306968 -0.300394 -0.002169
v 0.409074 -0.268913 0.022771
v 0.409074 -0.268913 -0.002169
v 0.432718 -0.255987 -0.002169
v 0.430167 -0.235831 0.022771
v 0.430167 -0.235831 -0.027110
v 0.432718 -0.255987 0.023357
v 0.430167 -0.235831 -0.002169
v 0.374354 -0.194709 -0.002169
v 0.327984 -0.138777 -0.002169
v 0.354963 -0.225121 0.081340
v 0.354963 -0.225121 -0.085679
v 0.308622 -0.169143 -0.120623
v 0.248860 -0.005558 -0.140966
v 0.283874 -0.207958 -0.179849
v 0.269391 0.026642 -0.002169
v 0.308622 -0.169143 0.116284
v 0.248860 -0.005558 0.136627
v 0.193003 0.164152 -0.002169
v 0.175726 0.137056 0.148267
v 0.175726 0.137056 -0.152605
v 0.097927 0.272353 -0.002169
v 0.082350 0.247923 0.156783
v 0.082350 0.247923 -0.161122
v -0.020233 0.344349 -0.002169
v -0.172595 0.362705 -0.002169
v -0.036784 0.318390 0.156783
v -0.036784 0.318391 -0.161122
v -0.188617 0.337576 -0.152188
v 0.057293 0.208623 -0.240599
v -0.065391 0.273524 -0.240599
v -0.013850 0.097047 -0.280337
v -0.087971 -0.276516 -0.303042
v 0.082954 -0.008445 -0.265433
v 0.154430 -0.153659 -0.245063
v 0.058859 -0.303549 -0.279762
v 0.149935 0.096606 -0.227824
v 0.217177 -0.055248 -0.210364
v 0.257253 -0.249708 -0.209462
v 0.230633 -0.291459 -0.239076
v -0.334052 0.366795 -0.002169
v -0.348467 0.344187 -0.126912
v -0.436279 0.335124 -0.002169
v -0.538505 0.303453 -0.002169
v -0.538505 0.303453 0.016663
v -0.348467 0.344187 0.122573
v -0.451317 0.311539 0.095579
v -0.387878 0.282378 0.184945
v -0.477040 0.271196 0.144453
v -0.538505 0.303453 0.026079
v -0.556225 0.299818 0.017105
v -0.556225 0.299818 0.026742
v -0.538505 0.303453 0.030787
v -0.538505 0.303453 0.035495
v -0.556225 0.299818 0.031560
v -0.489901 0.251025 0.168890
v -0.502762 0.230854 0.193327
v -0.422589 0.227938 0.216131
v -0.279976 0.194292 0.260364
v -0.137479 0.160465 0.275998
v -0.214146 0.297538 0.222859
v -0.188617 0.337576 0.147850
v -0.065391 0.273524 0.236260
v 0.057293 0.208623 0.236260
v -0.013850 0.097047 0.275998
v 0.082954 -0.008445 0.261094
v -0.216288 -0.220450 0.315736
v -0.087971 -0.276516 0.298703
v 0.058859 -0.303549 0.275423
v 0.050694 -0.328432 0.281938
v -0.099422 -0.300515 0.305764
v 0.033629 -0.343118 0.275423
v 0.204862 -0.331876 0.234737
v 0.204862 -0.331876 0.205124
v 0.306968 -0.300394 0.164849
v 0.226238 -0.316469 0.240297
v 0.230633 -0.291459 0.234737
v 0.332270 -0.281849 0.168769
v 0.432718 -0.255987 0.048883
v 0.335572 -0.255533 0.164849
v 0.409074 -0.268913 0.047712
v 0.306968 -0.300394 0.143972
v 0.409074 -0.268913 0.041477
v 0.432718 -0.255987 0.042501
v 0.430167 -0.235831 0.041477
v 0.430167 -0.235831 0.047712
v 0.432718 -0.255987 0.036120
v 0.430167 -0.235831 0.035242
v 0.409074 -0.268913 0.035242
v 0.306968 -0.300394 0.123094
v 0.345268 -0.240327 0.123094
v 0.283874 -0.207958 0.175510
v 0.340420 -0.247930 0.143972
v 0.257253 -0.249708 0.205124
v 0.217177 -0.055248 0.206025
v 0.154430 -0.153659 0.240724
v 0.149935 0.096606 0.223485
v -0.522743 0.220654 0.197915
v -0.554503 0.278362 0.035495
v -0.556225 0.299818 0.036379
v -0.554503 0.278362 0.030787
v -0.554503 0.278362 0.026079
v -0.554503 0.278362 0.016663
v -0.340024 -0.157200 -0.002169
v -0.340024 -0.157200 -0.161122
v -0.236286 -0.251814 -0.161122
v -0.112871 -0.315569 -0.152605
v -0.112871 -0.315569 -0.227823
v -0.236286 -0.251814 -0.240599
v -0.340024 -0.157200 -0.240599
v -0.422414 -0.029103 -0.264703
v -0.340024 -0.157200 -0.280337
v -0.422414 -0.029103 -0.227198
v -0.495835 0.113061 -0.189283
v -0.495835 0.113061 -0.220469
v -0.422414 -0.029103 -0.152188
v -0.525169 0.195711 -0.173228
v -0.525169 0.195711 -0.197665
v -0.495835 0.113061 -0.251655
v -0.416190 -0.007262 -0.309250
v -0.422414 -0.029103 -0.302208
v -0.340024 -0.157200 -0.320075
v -0.554503 0.278362 -0.039833
v -0.554503 0.278362 -0.035125
v 0.204419 -0.968629 0.000791
v 0.088950 -0.425585 0.000791
v 0.201209 -0.968629 -0.031801
v 0.087959 -0.425585 -0.009274
v 0.191702 -0.968629 -0.063140
v 0.085023 -0.425585 -0.018952
v 0.176264 -0.968629 -0.092022
v 0.080256 -0.425585 -0.027871
v 0.155488 -0.968629 -0.117338
v 0.073840 -0.425585 -0.035689
v 0.130173 -0.968629 -0.138114
v 0.066022 -0.425585 -0.042105
v 0.101290 -0.968629 -0.153552
v 0.057103 -0.425585 -0.046873
v 0.069951 -0.968629 -0.163058
v 0.047425 -0.425585 -0.049808
v 0.037360 -0.968629 -0.166268
v 0.037360 -0.425585 -0.050800
v 0.004768 -0.968629 -0.163058
v 0.027295 -0.425585 -0.049808
v -0.026571 -0.968629 -0.153552
v 0.017617 -0.425585 -0.046873
v -0.055453 -0.968629 -0.138114
v 0.008698 -0.425585 -0.042105
v -0.080769 -0.968629 -0.117338
v 0.000880 -0.425585 -0.035689
v -0.101545 -0.968629 -0.092022
v -0.005536 -0.425585 -0.027871
v -0.116983 -0.968629 -0.063140
v -0.010304 -0.425585 -0.018952
v -0.126489 -0.968629 -0.031801
v -0.013239 -0.425585 -0.009274
v -0.129699 -0.968629 0.000791
v -0.014231 -0.425585 0.000791
v -0.126489 -0.968629 0.033382
v -0.013239 -0.425585 0.010856
v -0.116983 -0.968629 0.064721
v -0.010304 -0.425585 0.020534
v -0.101545 -0.968629 0.093604
v -0.005536 -0.425585 0.029453
v -0.080769 -0.968629 0.118919
v 0.000880 -0.425585 0.037271
v -0.055453 -0.968629 0.139695
v 0.008698 -0.425585 0.043687
v -0.026571 -0.968629 0.155133
v 0.017617 -0.425585 0.048454
v 0.004768 -0.968629 0.164640
v 0.027295 -0.425585 0.051390
v 0.037360 -0.968629 0.167850
v 0.037360 -0.425585 0.052381
v 0.069951 -0.968629 0.164640
v 0.047425 -0.425585 0.051390
v 0.101290 -0.968629 0.155133
v 0.057103 -0.425585 0.048454
v 0.130173 -0.968629 0.139695
v 0.066022 -0.425585 0.043687
v 0.155488 -0.968629 0.118919
v 0.073840 -0.425585 0.037271
v 0.176264 -0.968629 0.093604
v 0.080256 -0.425585 0.029453
v 0.191702 -0.968629 0.064721
v 0.085023 -0.425585 0.020534
v 0.201209 -0.968629 0.033382
v 0.087959 -0.425585 0.010856
v 0.187706 -0.659777 0.000791
v 0.184817 -0.659777 -0.028540
v 0.176262 -0.659777 -0.056744
v 0.162368 -0.659777 -0.082737
v 0.143671 -0.659777 -0.105520
v 0.120888 -0.659777 -0.124218
v 0.094895 -0.659777 -0.138111
v 0.066691 -0.659777 -0.146667
v 0.037360 -0.659777 -0.149556
v 0.008029 -0.659777 -0.146667
v -0.020175 -0.659777 -0.138111
v -0.046168 -0.659777 -0.124218
v -0.068951 -0.659777 -0.105520
v -0.087649 -0.659777 -0.082737
v -0.101542 -0.659777 -0.056744
v -0.110098 -0.659777 -0.028540
v -0.112986 -0.659777 0.000791
v -0.110098 -0.659777 0.030122
v -0.101542 -0.659777 0.058326
v -0.087649 -0.659777 0.084319
v -0.068951 -0.659777 0.107102
v -0.046168 -0.659777 0.125799
v -0.020175 -0.659777 0.139693
v 0.008029 -0.659777 0.148248
v 0.037360 -0.659777 0.151137
v 0.066691 -0.659777 0.148248
v 0.094895 -0.659777 0.139693
v 0.120888 -0.659777 0.125799
v 0.143671 -0.659777 0.107102
v 0.162368 -0.659777 0.084319
v 0.176262 -0.659777 0.058326
v 0.184817 -0.659777 0.030122
v 0.138328 -0.461812 0.000791
v 0.136388 -0.461812 -0.018907
v 0.130642 -0.461812 -0.037848
v 0.121312 -0.461812 -0.055304
v 0.108755 -0.461812 -0.070605
v 0.093455 -0.461812 -0.083161
v 0.075999 -0.461812 -0.092492
v 0.057058 -0.461812 -0.098238
v 0.037360 -0.461812 -0.100178
v 0.017662 -0.461812 -0.098238
v -0.001279 -0.461812 -0.092492
v -0.018735 -0.461812 -0.083161
v -0.034036 -0.461812 -0.070605
v -0.046592 -0.461812 -0.055304
v -0.055923 -0.461812 -0.037848
v -0.061668 -0.461812 -0.018907
v -0.063609 -0.461812 0.000791
v -0.061668 -0.461812 0.020489
v -0.055923 -0.461812 0.039430
v -0.046592 -0.461812 0.056886
v -0.034036 -0.461812 0.072186
v -0.018735 -0.461812 0.084743
v -0.001279 -0.461812 0.094073
v 0.017662 -0.461812 0.099819
v 0.037360 -0.461812 0.101759
v 0.057058 -0.461812 0.099819
v 0.075999 -0.461812 0.094073
v 0.093455 -0.461812 0.084743
v 0.108755 -0.461812 0.072186
v 0.121312 -0.461812 0.056886
v 0.130642 -0.461812 0.039430
v 0.136388 -0.461812 0.020489
v 0.173066 -0.560794 -0.026203
v 0.165193 -0.560794 -0.052159
v 0.152406 -0.560794 -0.076081
v 0.135199 -0.560794 -0.097048
v 0.114231 -0.560794 -0.114256
v 0.090310 -0.560794 -0.127042
v 0.064354 -0.560794 -0.134916
v 0.037360 -0.560794 -0.137575
v 0.010366 -0.560794 -0.134916
v -0.015590 -0.560794 -0.127042
v -0.039512 -0.560794 -0.114256
v -0.060479 -0.560794 -0.097048
v -0.077687 -0.560794 -0.076081
v -0.090473 -0.560794 -0.052159
v -0.098347 -0.560794 -0.026203
v -0.101005 -0.560794 0.000791
v -0.098347 -0.560794 0.027784
v -0.090473 -0.560794 0.053741
v -0.077687 -0.560794 0.077662
v -0.060479 -0.560794 0.098630
v -0.039512 -0.560794 0.115837
v -0.015590 -0.560794 0.128624
v 0.010366 -0.560794 0.136497
v 0.037360 -0.560794 0.139156
v 0.064354 -0.560794 0.136497
v 0.090310 -0.560794 0.128624
v 0.114231 -0.560794 0.115837
v 0.135199 -0.560794 0.098630
v 0.152406 -0.560794 0.077662
v 0.165193 -0.560794 0.053741
v 0.173066 -0.560794 0.027784
v 0.175725 -0.560794 0.000791
v 0.206994 -0.975426 0.000791
v 0.154206 -0.947210 0.000791
v 0.203734 -0.975426 -0.032303
v 0.249114 -1.013398 -0.041330
v 0.253263 -1.013398 0.000791
v 0.203734 -0.975426 0.033885
v 0.249114 -1.013398 0.042911
v 0.194081 -0.975426 0.065707
v 0.286357 -1.059667 0.050319
v 0.236828 -1.013398 0.083413
v 0.271910 -1.059667 0.097944
v 0.248449 -1.059667 0.141836
v 0.314030 -1.112455 0.055824
v 0.297978 -1.112455 0.108742
v 0.314030 -1.169734 0.115391
v 0.271910 -1.112455 0.157512
v 0.286357 -1.169734 0.167165
v 0.291235 -1.229301 0.170425
v 0.249114 -1.169734 0.212545
v 0.253263 -1.229301 0.216694
v 0.286357 -1.288869 0.167165
v 0.249114 -1.288869 0.212545
v 0.206994 -1.229301 0.254666
v 0.203734 -1.169734 0.249788
v 0.203734 -1.288869 0.249788
v 0.154206 -1.229301 0.282882
v 0.151961 -1.169734 0.277461
v 0.151961 -1.288869 0.277461
v 0.096927 -1.229301 0.300257
v 0.037360 -1.229301 0.306124
v 0.095783 -1.169734 0.294503
v 0.095783 -1.288869 0.294503
v 0.145311 -1.346147 0.261409
v 0.092393 -1.346147 0.277462
v 0.037360 -1.288869 0.300257
v -0.022208 -1.229301 0.300257
v 0.037360 -1.346147 0.282882
v -0.021063 -1.288869 0.294503
v -0.079486 -1.229301 0.282882
v -0.017673 -1.346147 0.277462
v -0.077241 -1.288869 0.277462
v -0.132274 -1.229301 0.254666
v -0.070592 -1.346147 0.261409
v -0.129015 -1.288869 0.249788
v -0.178543 -1.229301 0.216694
v -0.174395 -1.288869 0.212545
v -0.119362 -1.346147 0.235341
v -0.162109 -1.346147 0.200259
v -0.103686 -1.398935 0.211880
v -0.142157 -1.398935 0.180308
v -0.082590 -1.445204 0.180308
v -0.115307 -1.445204 0.153457
v -0.173730 -1.398935 0.141836
v -0.197190 -1.398935 0.097945
v -0.197190 -1.346147 0.157512
v -0.142157 -1.445204 0.120740
v -0.103686 -1.483176 0.095034
v -0.162109 -1.445204 0.083413
v -0.119362 -1.483176 0.065707
v -0.070592 -1.511392 0.045506
v -0.129015 -1.483176 0.033885
v -0.077241 -1.511392 0.023586
v -0.132274 -1.483176 0.000791
v -0.021063 -1.528767 0.012412
v -0.079486 -1.511392 0.000791
v -0.022208 -1.528767 0.000791
v -0.077241 -1.511392 -0.022005
v -0.021063 -1.528767 -0.010830
v -0.017673 -1.528767 -0.022005
v -0.070592 -1.511392 -0.043924
v 0.037360 -1.534634 0.000791
v 0.070454 -1.528767 -0.048738
v 0.060155 -1.528767 -0.054243
v 0.079480 -1.528767 -0.041330
v -0.012169 -1.528767 -0.032303
v 0.086888 -1.528767 -0.032303
v -0.004761 -1.528767 -0.041330
v -0.004761 -1.528767 0.042911
v 0.096927 -1.528767 0.000791
v 0.092393 -1.528767 -0.022005
v 0.004266 -1.528767 -0.048738
v -0.012169 -1.528767 0.033885
v 0.004266 -1.528767 0.050319
v 0.014564 -1.528767 0.055824
v 0.025739 -1.528767 0.059214
v 0.037360 -1.528767 0.060358
v 0.048981 -1.528767 0.059214
v 0.060155 -1.528767 0.055824
v 0.070454 -1.528767 0.050319
v 0.079480 -1.528767 0.042911
v 0.086888 -1.528767 0.033885
v 0.092393 -1.528767 0.023586
v 0.095783 -1.528767 0.012412
v 0.095783 -1.528767 -0.010830
v 0.014564 -1.528767 -0.054243
v -0.017673 -1.528767 0.023586
v 0.025739 -1.528767 -0.057632
v 0.037360 -1.528767 -0.058777
v 0.048981 -1.528767 -0.057632
v 0.060155 -1.511392 -0.113810
v 0.070454 -1.483176 -0.165584
v 0.037360 -1.483176 -0.168843
v 0.037360 -1.511392 -0.116055
v 0.082075 -1.511392 -0.107161
v 0.131603 -1.483176 -0.140255
v 0.102276 -1.483176 -0.155931
v 0.102276 -1.511392 -0.096363
v 0.119982 -1.511392 -0.081832
v 0.134514 -1.511392 -0.064125
v 0.157309 -1.483176 -0.119159
v 0.178405 -1.483176 -0.093453
v 0.190026 -1.445204 -0.151876
v 0.216877 -1.445204 -0.119159
v 0.236828 -1.445204 -0.081832
v 0.248449 -1.398935 -0.140255
v 0.216877 -1.398935 -0.178726
v 0.236828 -1.346147 -0.198678
v 0.271910 -1.346147 -0.155931
v 0.178405 -1.398935 -0.210299
v 0.194081 -1.346147 -0.233760
v 0.157309 -1.445204 -0.178726
v 0.134514 -1.398935 -0.233759
v 0.145311 -1.346147 -0.259828
v 0.119982 -1.445204 -0.198678
v 0.086888 -1.398935 -0.248206
v 0.092393 -1.346147 -0.275880
v 0.079480 -1.445204 -0.210964
v 0.037360 -1.398935 -0.253085
v 0.037360 -1.346147 -0.281300
v 0.037360 -1.445204 -0.215113
v -0.012169 -1.398935 -0.248206
v -0.017673 -1.346147 -0.275880
v -0.004761 -1.445204 -0.210964
v -0.059794 -1.398935 -0.233759
v -0.045263 -1.445204 -0.198678
v -0.103686 -1.398935 -0.210299
v -0.070592 -1.346147 -0.259828
v -0.077241 -1.288869 -0.275880
v -0.129015 -1.288869 -0.248207
v -0.119362 -1.346147 -0.233760
v -0.174395 -1.288869 -0.210964
v -0.162109 -1.346147 -0.198678
v -0.142157 -1.398935 -0.178726
v -0.082590 -1.445204 -0.178726
v -0.115307 -1.445204 -0.151876
v -0.173730 -1.398935 -0.140255
v -0.197190 -1.346147 -0.155931
v -0.142157 -1.445204 -0.119159
v -0.197190 -1.398935 -0.096363
v -0.223258 -1.346147 -0.107161
v -0.162109 -1.445204 -0.081832
v -0.211637 -1.398935 -0.048738
v -0.239311 -1.346147 -0.054243
v -0.174395 -1.445204 -0.041330
v -0.216515 -1.398935 0.000791
v -0.178543 -1.445204 0.000791
v -0.211637 -1.398935 0.050319
v -0.174395 -1.445204 0.042911
v -0.239311 -1.346147 0.055824
v -0.223258 -1.346147 0.108742
v -0.239311 -1.288869 0.115392
v -0.256352 -1.288869 0.059214
v -0.262106 -1.288869 0.000791
v -0.262106 -1.229301 0.060358
v -0.267973 -1.229301 0.000791
v -0.262106 -1.229301 -0.058777
v -0.256352 -1.288869 -0.057632
v -0.262106 -1.169734 0.000791
v -0.256352 -1.169734 -0.057632
v -0.256352 -1.169734 0.059214
v -0.239311 -1.112455 0.055824
v -0.223258 -1.112455 0.108742
v -0.239311 -1.169734 0.115392
v -0.244731 -1.229301 0.117637
v -0.197190 -1.112455 0.157512
v -0.211637 -1.169734 0.167165
v -0.216515 -1.229301 0.170425
v -0.162109 -1.112455 0.200259
v -0.174395 -1.169734 0.212545
v -0.119362 -1.112455 0.235341
v -0.129015 -1.169734 0.249788
v -0.070592 -1.112455 0.261409
v -0.077241 -1.169734 0.277462
v -0.017673 -1.112455 0.277462
v -0.021063 -1.169734 0.294503
v 0.037360 -1.112455 0.282882
v 0.037360 -1.169734 0.300257
v 0.092393 -1.112455 0.277462
v 0.086888 -1.059667 0.249788
v 0.037360 -1.059667 0.254666
v 0.145311 -1.112455 0.261409
v 0.134514 -1.059667 0.235341
v 0.194081 -1.112455 0.235341
v 0.178405 -1.059667 0.211880
v 0.236828 -1.112455 0.200259
v 0.216877 -1.059667 0.180308
v 0.190026 -1.013398 0.153457
v 0.216877 -1.013398 0.120740
v 0.178405 -0.975426 0.095034
v 0.157309 -0.975426 0.120740
v 0.131603 -0.975426 0.141836
v 0.119982 -0.947210 0.083413
v 0.134514 -0.947210 0.065707
v 0.086888 -0.929835 0.033885
v 0.079480 -0.929835 0.042911
v 0.145311 -0.947210 0.045506
v 0.092393 -0.929835 0.023586
v 0.095783 -0.929835 0.012412
v 0.151960 -0.947210 0.023586
v 0.096927 -0.929835 0.000791
v 0.037360 -0.923968 0.000791
v 0.095783 -0.929835 -0.010830
v 0.151960 -0.947210 -0.022005
v 0.145311 -0.947210 -0.043924
v 0.194081 -0.975426 -0.064125
v 0.236828 -1.013398 -0.081832
v 0.178405 -0.975426 -0.093453
v 0.134514 -0.947210 -0.064125
v 0.216877 -1.013398 -0.119159
v 0.157309 -0.975426 -0.119159
v 0.119982 -0.947210 -0.081832
v 0.190026 -1.013398 -0.151876
v 0.131603 -0.975426 -0.140255
v 0.102276 -0.947210 -0.096363
v 0.157309 -1.013398 -0.178726
v 0.102276 -0.975426 -0.155931
v 0.082075 -0.947210 -0.107161
v 0.119982 -1.013398 -0.198678
v 0.070454 -0.975426 -0.165584
v 0.060155 -0.947210 -0.113810
v 0.079480 -1.013398 -0.210964
v 0.037360 -0.975426 -0.168843
v 0.037360 -0.947210 -0.116055
v 0.037360 -1.013398 -0.215113
v 0.004266 -0.975426 -0.165584
v 0.014564 -0.947210 -0.113810
v -0.004761 -1.013398 -0.210964
v -0.027556 -0.975426 -0.155931
v -0.045263 -1.013398 -0.198678
v -0.056884 -0.975426 -0.140255
v -0.007355 -0.947210 -0.107161
v 0.014564 -0.929835 -0.054243
v 0.004266 -0.929835 -0.048738
v -0.027556 -0.947210 -0.096363
v -0.004761 -0.929835 -0.041330
v -0.045263 -0.947210 -0.081832
v -0.082589 -0.975426 -0.119159
v -0.082590 -1.013398 -0.178726
v -0.115307 -1.013398 -0.151876
v -0.103686 -0.975426 -0.093453
v -0.059794 -0.947210 -0.064125
v -0.142157 -1.013398 -0.119159
v -0.070592 -0.947210 -0.043924
v -0.119362 -0.975426 -0.064125
v -0.162109 -1.013398 -0.081832
v -0.077241 -0.947210 -0.022005
v -0.129015 -0.975426 -0.032303
v -0.174395 -1.013398 -0.041330
v -0.132274 -0.975426 0.000791
v -0.079486 -0.947210 0.000791
v -0.178543 -1.013398 0.000791
v -0.077241 -0.947210 0.023586
v -0.129015 -0.975426 0.033885
v -0.174395 -1.013398 0.042911
v -0.162109 -1.013398 0.083413
v -0.211637 -1.059667 0.050319
v -0.197190 -1.059667 0.097945
v -0.216515 -1.059667 0.000791
v -0.244731 -1.112455 0.000791
v -0.211637 -1.059667 -0.048738
v -0.239311 -1.112455 -0.054243
v -0.223258 -1.112455 -0.107161
v -0.197190 -1.112455 -0.155931
v -0.197190 -1.059667 -0.096363
v -0.239311 -1.169734 -0.113810
v -0.244731 -1.229301 -0.116055
v -0.211637 -1.169734 -0.165584
v -0.162109 -1.112455 -0.198678
v -0.216515 -1.229301 -0.168843
v -0.174395 -1.169734 -0.210964
v -0.119362 -1.112455 -0.233760
v -0.178543 -1.229301 -0.215112
v -0.129015 -1.169734 -0.248207
v -0.070592 -1.112455 -0.259828
v -0.132274 -1.229301 -0.253085
v -0.077241 -1.169734 -0.275880
v -0.017673 -1.112455 -0.275880
v -0.079486 -1.229301 -0.281300
v -0.021063 -1.169734 -0.292921
v 0.037360 -1.112455 -0.281300
v -0.022208 -1.229301 -0.298676
v 0.037360 -1.169734 -0.298676
v 0.092393 -1.112455 -0.275880
v 0.037360 -1.229301 -0.304542
v 0.095783 -1.169734 -0.292921
v 0.151960 -1.169734 -0.275880
v 0.145311 -1.112455 -0.259828
v 0.096927 -1.229301 -0.298675
v 0.095783 -1.288869 -0.292921
v 0.154206 -1.229301 -0.281300
v 0.151960 -1.288869 -0.275880
v 0.203734 -1.288869 -0.248206
v 0.206994 -1.229301 -0.253084
v 0.249114 -1.288869 -0.210964
v 0.253263 -1.229301 -0.215112
v 0.286357 -1.288869 -0.165584
v 0.291235 -1.229301 -0.168843
v 0.314030 -1.288869 -0.113810
v 0.297978 -1.346147 -0.107161
v 0.271910 -1.398935 -0.096363
v 0.314030 -1.346147 -0.054243
v 0.291235 -1.398935 0.000791
v 0.331072 -1.288869 -0.057632
v 0.319451 -1.346147 0.000791
v 0.286357 -1.398935 -0.048738
v 0.253263 -1.445204 0.000791
v 0.249114 -1.445204 -0.041330
v 0.194081 -1.483176 -0.064125
v 0.203734 -1.483176 -0.032303
v 0.206994 -1.483176 0.000791
v 0.154206 -1.511392 0.000791
v 0.151960 -1.511392 -0.022005
v 0.145311 -1.511392 -0.043924
v 0.203734 -1.483176 0.033885
v 0.151960 -1.511392 0.023586
v 0.145311 -1.511392 0.045506
v 0.194081 -1.483176 0.065707
v 0.178405 -1.483176 0.095034
v 0.236828 -1.445204 0.083413
v 0.249114 -1.445204 0.042911
v 0.286357 -1.398935 0.050319
v 0.271910 -1.398935 0.097944
v 0.297978 -1.346147 0.108742
v 0.314030 -1.346147 0.055824
v 0.248449 -1.398935 0.141836
v 0.271910 -1.346147 0.157512
v 0.216877 -1.445204 0.120740
v 0.216877 -1.398935 0.180308
v 0.178405 -1.398935 0.211880
v 0.236828 -1.346147 0.200259
v 0.190026 -1.445204 0.153457
v 0.157309 -1.483176 0.120740
v 0.157309 -1.445204 0.180308
v 0.131603 -1.483176 0.141836
v 0.119982 -1.511392 0.083413
v 0.102276 -1.511392 0.097945
v 0.102276 -1.483176 0.157512
v 0.119982 -1.445204 0.200259
v 0.082075 -1.511392 0.108742
v 0.070454 -1.483176 0.167165
v 0.079480 -1.445204 0.212545
v 0.060155 -1.511392 0.115392
v 0.037360 -1.483176 0.170425
v 0.037360 -1.445204 0.216694
v 0.037360 -1.511392 0.117637
v 0.004266 -1.483176 0.167165
v -0.004761 -1.445204 0.212545
v 0.014564 -1.511392 0.115392
v -0.027556 -1.483176 0.157512
v -0.056884 -1.483176 0.141836
v -0.045263 -1.445204 0.200259
v -0.007355 -1.511392 0.108742
v -0.027556 -1.511392 0.097945
v -0.082589 -1.483176 0.120740
v -0.045263 -1.511392 0.083413
v -0.059794 -1.511392 0.065707
v -0.059794 -1.398935 0.235341
v -0.012169 -1.398935 0.249788
v 0.037360 -1.398935 0.254666
v 0.086888 -1.398935 0.249788
v 0.134514 -1.398935 0.235341
v 0.194081 -1.346147 0.235341
v 0.134514 -1.511392 0.065707
v 0.331072 -1.288869 0.059214
v 0.314030 -1.288869 0.115391
v 0.319451 -1.229301 0.117636
v 0.331072 -1.169734 0.059214
v 0.336826 -1.229301 0.060358
v 0.336826 -1.169734 0.000791
v 0.342693 -1.229301 0.000791
v 0.336826 -1.288869 0.000791
v 0.336826 -1.229301 -0.058777
v 0.331072 -1.169734 -0.057632
v 0.319451 -1.229301 -0.116055
v 0.314030 -1.169734 -0.113810
v 0.297978 -1.112455 -0.107161
v 0.314030 -1.112455 -0.054243
v 0.286357 -1.169734 -0.165584
v 0.271910 -1.112455 -0.155931
v 0.249114 -1.169734 -0.210964
v 0.236828 -1.112455 -0.198678
v 0.203734 -1.169734 -0.248206
v 0.194081 -1.112455 -0.233760
v 0.178405 -1.059667 -0.210299
v 0.134514 -1.059667 -0.233759
v 0.086888 -1.059667 -0.248206
v 0.037360 -1.059667 -0.253085
v -0.012169 -1.059667 -0.248206
v -0.059794 -1.059667 -0.233759
v -0.103686 -1.059667 -0.210299
v -0.142157 -1.059667 -0.178726
v -0.173730 -1.059667 -0.140255
v 0.216877 -1.059667 -0.178726
v 0.248449 -1.059667 -0.140255
v 0.271910 -1.059667 -0.096363
v 0.286357 -1.059667 -0.048738
v 0.291235 -1.059667 0.000791
v 0.319451 -1.112455 0.000791
v 0.037360 -1.288869 -0.298676
v -0.021063 -1.288869 -0.292921
v -0.211637 -1.288869 -0.165584
v -0.239311 -1.288869 -0.113810
v -0.142157 -1.013398 0.120740
v -0.173730 -1.059667 0.141836
v -0.115307 -1.013398 0.153457
v -0.142157 -1.059667 0.180308
v -0.082590 -1.013398 0.180308
v -0.103686 -1.059667 0.211880
v -0.045263 -1.013398 0.200259
v -0.059794 -1.059667 0.235341
v -0.004761 -1.013398 0.212545
v -0.012169 -1.059667 0.249788
v 0.037360 -1.013398 0.216694
v 0.037360 -0.975426 0.170425
v 0.004266 -0.975426 0.167165
v 0.079480 -1.013398 0.212545
v 0.070454 -0.975426 0.167165
v 0.119982 -1.013398 0.200259
v 0.102276 -0.975426 0.157512
v 0.157309 -1.013398 0.180308
v 0.082075 -0.947210 0.108742
v 0.060155 -0.947210 0.115392
v 0.102276 -0.947210 0.097945
v 0.070454 -0.929835 0.050319
v 0.060155 -0.929835 0.055824
v 0.048981 -0.929835 0.059214
v 0.037360 -0.929835 0.060358
v 0.037360 -0.947210 0.117637
v 0.025739 -0.929835 0.059214
v 0.014564 -0.947210 0.115392
v 0.014564 -0.929835 0.055824
v -0.007355 -0.947210 0.108742
v 0.004266 -0.929835 0.050319
v -0.004761 -0.929835 0.042911
v -0.027556 -0.947210 0.097945
v -0.045263 -0.947210 0.083413
v -0.056884 -0.975426 0.141836
v -0.082589 -0.975426 0.120740
v -0.103686 -0.975426 0.095034
v -0.119362 -0.975426 0.065707
v -0.059794 -0.947210 0.065707
v -0.070592 -0.947210 0.045506
v -0.017673 -0.929835 0.023586
v -0.021063 -0.929835 0.012412
v -0.022208 -0.929835 0.000791
v -0.021063 -0.929835 -0.010830
v -0.017673 -0.929835 -0.022005
v -0.012169 -0.929835 -0.032303
v -0.012169 -0.929835 0.033885
v -0.027556 -0.975426 0.157512
v 0.025739 -0.929835 -0.057632
v 0.037360 -0.929835 -0.058777
v 0.048981 -0.929835 -0.057632
v 0.060155 -0.929835 -0.054243
v 0.070454 -0.929835 -0.048738
v 0.079480 -0.929835 -0.041330
v 0.086888 -0.929835 -0.032303
v 0.092393 -0.929835 -0.022005
v -0.211637 -1.288869 0.167165
v -0.244731 -1.346147 0.000791
v -0.129015 -1.483176 -0.032303
v -0.119362 -1.483176 -0.064125
v -0.103686 -1.483176 -0.093453
v -0.082589 -1.483176 -0.119159
v -0.045263 -1.511392 -0.081832
v -0.059794 -1.511392 -0.064125
v -0.027556 -1.511392 -0.096363
v -0.056884 -1.483176 -0.140255
v -0.007355 -1.511392 -0.107161
v -0.027556 -1.483176 -0.155931
v 0.014564 -1.511392 -0.113810
v 0.004266 -1.483176 -0.165584
vn 0.2946 -0.9556 -0.0000
vn 0.4797 -0.8774 -0.0000
vn 0.4622 -0.8637 -0.2010
vn 0.5443 -0.7976 -0.2601
vn 0.7666 -0.0005 -0.6422
vn 0.9921 0.1256 -0.0000
vn 0.7600 0.1331 -0.6361
vn -0.1336 0.9910 -0.0000
vn 0.2973 0.8729 -0.3869
vn -0.0529 0.9986 -0.0000
vn 0.3290 0.8602 -0.3896
vn 0.0655 -0.9979 -0.0000
vn 0.2236 -0.5931 -0.7735
vn 0.2241 -0.5907 -0.7751
vn 0.2226 -0.5969 -0.7708
vn 0.4862 -0.8008 -0.3497
vn 0.2221 -0.5993 -0.7691
vn -0.1848 -0.9828 -0.0000
vn 0.0551 -0.4595 -0.8865
vn 0.0556 -0.4582 -0.8871
vn 0.0541 -0.4616 -0.8854
vn 0.0536 -0.4629 -0.8848
vn -0.4590 -0.8885 -0.0000
vn -0.1146 -0.4575 -0.8818
vn -0.0564 -0.3822 -0.9223
vn -0.3184 -0.3314 -0.8881
vn 0.1959 0.2039 -0.9592
vn 0.2335 0.2235 -0.9463
vn 0.2337 0.2233 -0.9463
vn 0.2285 0.2268 -0.9468
vn 0.2283 0.2269 -0.9468
vn 0.1586 0.2316 -0.9598
vn 0.1614 0.2327 -0.9591
vn 0.1530 0.2294 -0.9612
vn 0.0516 0.1676 -0.9845
vn 0.0862 0.0857 -0.9926
vn -0.0648 0.1804 -0.9814
vn -0.2103 0.3220 -0.9231
vn -0.2275 0.4574 -0.8597
vn -0.0279 0.3475 -0.9373
vn -0.0195 0.3518 -0.9359
vn -0.0191 0.3521 -0.9358
vn -0.1254 0.5521 -0.8243
vn -0.1378 0.7982 -0.5864
vn -0.3850 0.6312 -0.6734
vn 0.0443 0.3554 -0.9337
vn -0.2222 0.4885 -0.8438
vn -0.3886 0.8005 -0.4562
vn -0.1187 0.5282 -0.8408
vn -0.0791 0.5337 -0.8419
vn -0.3199 0.8312 -0.4548
vn -0.2010 0.9796 -0.0000
vn -0.2009 0.9796 -0.0000
vn -0.1563 0.8738 -0.4606
vn 0.7334 0.6798 -0.0000
vn -0.4052 0.7983 -0.4456
vn 0.4647 0.8855 -0.0000
vn -0.0923 0.9957 -0.0000
vn -0.4209 0.7958 -0.4354
vn -0.9968 -0.0800 -0.0000
vn -0.9424 -0.3345 -0.0000
vn -0.8885 -0.4589 -0.0000
vn -0.8411 -0.5410 -0.0000
vn -0.6456 -0.0630 0.7611
vn -0.6449 -0.0623 0.7617
vn -0.6446 -0.0620 0.7620
vn -0.8571 0.0316 0.5141
vn -0.6459 -0.0634 0.7608
vn -0.4428 -0.1583 0.8825
vn 0.0304 0.3491 0.9366
vn 0.0294 0.3488 0.9367
vn 0.0303 0.3491 0.9366
vn 0.0308 0.3492 0.9366
vn 0.1531 0.2294 0.9612
vn 0.1586 0.2316 0.9598
vn 0.1503 0.2283 0.9619
vn 0.1614 0.2327 0.9591
vn 0.1959 0.2039 0.9592
vn -0.4573 -0.1725 0.8724
vn -0.3184 -0.3314 0.8881
vn -0.2552 -0.2799 0.9255
vn -0.6739 -0.7389 -0.0000
vn 0.5932 0.8051 -0.0000
vn 0.7120 0.5903 -0.3803
vn 0.7120 0.5903 0.3803
vn 0.4238 0.8150 0.3952
vn 0.4238 0.8150 -0.3952
vn 0.8175 0.5115 -0.2647
vn 0.8169 0.4545 -0.3552
vn 0.1410 0.9900 -0.0000
vn 0.3608 0.8463 -0.3920
vn 0.9167 0.3247 -0.2331
vn 0.8295 0.2403 -0.5041
vn 0.9265 0.3124 -0.2095
vn 0.7072 0.4186 -0.5698
vn 0.9167 0.3247 0.2331
vn 0.9265 0.3124 0.2095
vn 0.8497 0.4720 0.2352
vn 0.8497 0.4720 -0.2352
vn 0.8812 0.4372 0.1799
vn 0.7359 0.6466 0.2010
vn 0.8812 0.4372 -0.1799
vn 0.7359 0.6466 -0.2010
vn 0.7600 0.6270 0.1709
vn 0.5119 0.8401 0.1793
vn 0.7600 0.6270 -0.1708
vn 0.5119 0.8401 -0.1793
vn 0.1156 0.9780 -0.1739
vn 0.1178 0.9780 -0.1720
vn 0.1155 0.9780 -0.1739
vn 0.1155 0.9780 0.1739
vn 0.1178 0.9780 0.1720
vn 0.1132 0.9779 0.1756
vn 0.4998 0.8450 0.1900
vn 0.4998 0.8450 -0.1900
vn 0.1132 0.9779 -0.1759
vn 0.4392 0.7426 -0.5057
vn 0.0781 0.8559 -0.5113
vn 0.3890 0.7353 -0.5551
vn 0.1325 0.2544 -0.9580
vn 0.1349 0.2550 -0.9575
vn -0.0283 0.3475 -0.9373
vn 0.0951 0.8644 -0.4937
vn 0.1302 0.2538 -0.9584
vn 0.3025 0.1436 -0.9423
vn 0.3026 0.1436 -0.9423
vn 0.3015 0.1435 -0.9426
vn 0.1781 0.0245 -0.9837
vn 0.1450 0.0313 -0.9889
vn 0.0481 0.0938 -0.9944
vn 0.3036 0.1436 -0.9419
vn 0.1627 0.0346 -0.9861
vn 0.3125 0.0206 -0.9497
vn 0.3968 0.0702 -0.9152
vn 0.4021 0.0702 -0.9129
vn 0.4025 0.0701 -0.9127
vn 0.7017 0.5255 -0.4811
vn 0.6745 0.5285 -0.5155
vn 0.8323 0.3162 -0.4554
vn 0.3962 0.0702 -0.9155
vn 0.7438 0.3342 -0.5789
vn 0.8047 0.2432 -0.5416
vn 0.6406 0.1285 -0.7570
vn 0.3888 0.0759 -0.9182
vn 0.5174 0.2505 -0.8183
vn 0.2630 0.8853 -0.3835
vn 0.4534 0.3050 -0.8375
vn 0.5785 0.1932 -0.7924
vn 0.2152 0.1772 -0.9604
vn 0.2152 0.1757 -0.9606
vn 0.2153 0.1793 -0.9599
vn 0.2243 0.0818 -0.9711
vn 0.5397 0.0574 -0.8399
vn 0.5359 0.0924 -0.8392
vn 0.1882 0.1914 -0.9633
vn 0.1879 0.1906 -0.9635
vn 0.1886 0.1926 -0.9630
vn 0.2153 0.1806 -0.9597
vn 0.1888 0.1932 -0.9628
vn 0.2077 0.1836 -0.9608
vn 0.0250 0.9855 -0.1677
vn 0.0123 0.9836 -0.1797
vn -0.0362 0.8867 -0.4610
vn -0.3794 0.7658 -0.5192
vn -0.3386 0.9252 -0.1711
vn -0.2018 0.7565 -0.6221
vn -0.2931 0.9461 -0.1376
vn -0.2959 0.9552 -0.0000
vn -0.2587 0.9473 0.1888
vn -0.2931 0.9461 0.1376
vn -0.3386 0.9252 0.1711
vn -0.2587 0.9473 -0.1888
vn -0.3794 0.7658 0.5192
vn -0.3255 0.8062 0.4941
vn -0.4209 0.7958 0.4354
vn 0.7333 0.6799 -0.0000
vn -0.4052 0.7983 0.4456
vn -0.3886 0.8005 0.4562
vn -0.1378 0.7982 0.5864
vn -0.3850 0.6312 0.6734
vn -0.1254 0.5521 0.8243
vn -0.2103 0.3220 0.9231
vn -0.2222 0.4884 0.8438
vn 0.0443 0.3554 0.9337
vn -0.2275 0.4574 0.8597
vn -0.0648 0.1804 0.9814
vn 0.0516 0.1676 0.9845
vn -0.0195 0.3518 0.9359
vn -0.0279 0.3475 0.9373
vn -0.0191 0.3521 0.9358
vn -0.0362 0.8867 0.4610
vn 0.0951 0.8644 0.4937
vn -0.2018 0.7565 0.6221
vn -0.0283 0.3475 0.9373
vn 0.0781 0.8559 0.5113
vn 0.3890 0.7353 0.5551
vn 0.1325 0.2544 0.9580
vn 0.1349 0.2550 0.9575
vn 0.1302 0.2538 0.9584
vn 0.1781 0.0245 0.9837
vn 0.3026 0.1436 0.9423
vn 0.3025 0.1436 0.9423
vn 0.3015 0.1435 0.9426
vn 0.0481 0.0938 0.9944
vn 0.1450 0.0313 0.9889
vn 0.2077 0.1836 0.9608
vn 0.1887 0.1927 0.9629
vn 0.1879 0.1906 0.9635
vn 0.1882 0.1914 0.9633
vn 0.1627 0.0346 0.9861
vn 0.1888 0.1932 0.9628
vn 0.0541 -0.4616 0.8854
vn 0.0556 -0.4582 0.8871
vn 0.0551 -0.4594 0.8865
vn -0.0564 -0.3822 0.9223
vn 0.0536 -0.4629 0.8848
vn 0.2337 0.2233 0.9463
vn 0.2335 0.2234 0.9463
vn 0.2286 0.2268 0.9467
vn 0.2226 -0.5969 0.7708
vn 0.2235 -0.5931 0.7735
vn 0.2221 -0.5993 0.7691
vn 0.4862 -0.8008 0.3497
vn 0.2241 -0.5907 0.7751
vn 0.2153 0.1793 0.9599
vn 0.2152 0.1771 0.9604
vn 0.2153 0.1806 0.9597
vn 0.2152 0.1757 0.9606
vn 0.5359 0.0924 0.8392
vn 0.5082 -0.7734 0.3790
vn 0.5397 0.0574 0.8399
vn 0.4622 -0.8637 0.2010
vn 0.7666 -0.0005 0.6422
vn 0.5443 -0.7976 0.2601
vn 0.3608 0.8463 0.3920
vn 0.8169 0.4545 0.3552
vn 0.6664 0.6374 0.3869
vn 0.7072 0.4186 0.5698
vn 0.3290 0.8602 0.3896
vn 0.5785 0.1932 0.7924
vn 0.2631 0.8853 0.3835
vn 0.2973 0.8729 0.3869
vn 0.5173 0.2505 0.8183
vn 0.4534 0.3050 0.8375
vn 0.6406 0.1285 0.7570
vn 0.3888 0.0759 0.9182
vn 0.3901 0.0749 0.9177
vn 0.3992 0.0704 0.9142
vn 0.2243 0.0818 0.9711
vn 0.3967 0.0702 0.9153
vn 0.4025 0.0701 0.9127
vn 0.3125 0.0206 0.9497
vn 0.6745 0.5285 0.5155
vn 0.7017 0.5255 0.4811
vn 0.8323 0.3162 0.4554
vn 0.3036 0.1436 0.9419
vn 0.8047 0.2432 0.5415
vn 0.7438 0.3342 0.5789
vn 0.8295 0.2403 0.5041
vn 0.7600 0.1332 0.6361
vn 0.2283 0.2269 0.9468
vn 0.0862 0.0857 0.9926
vn 0.4392 0.7426 0.5057
vn 0.1132 0.9779 0.1759
vn 0.0123 0.9836 0.1797
vn 0.0250 0.9855 0.1677
vn -0.3199 0.8312 0.4548
vn -0.1186 0.5282 0.8408
vn -0.0791 0.5337 0.8419
vn -0.9831 -0.0856 0.1618
vn -0.9759 0.0562 0.2108
vn -0.1563 0.8738 0.4606
vn -0.8729 -0.0048 0.4879
vn 0.8175 0.5115 0.2647
vn 0.6664 0.6374 -0.3869
vn -0.8571 0.0316 -0.5141
vn -0.6449 -0.0623 -0.7617
vn -0.6459 -0.0633 -0.7608
vn -0.6454 -0.0629 -0.7612
vn -0.6446 -0.0620 -0.7620
vn -0.4573 -0.1725 -0.8724
vn -0.4428 -0.1583 -0.8825
vn -0.2552 -0.2798 -0.9255
vn 0.0298 0.3489 -0.9367
vn 0.0294 0.3488 -0.9367
vn 0.0300 0.3490 -0.9366
vn 0.1502 0.2283 -0.9619
vn 0.0307 0.3492 -0.9366
vn -0.8729 -0.0049 -0.4879
vn -0.9759 0.0561 -0.2108
vn -0.9831 -0.0856 -0.1618
vn -0.1146 -0.4575 0.8818
vn -0.3255 0.8062 -0.4941
vn 0.5082 -0.7734 -0.3790
vn 0.5905 0.8049 -0.0581
vn 0.5905 0.8049 -0.0582
vn 0.5678 0.8049 -0.1723
vn 0.5233 0.8049 -0.2797
vn 0.4587 0.8049 -0.3764
vn 0.3764 0.8049 -0.4587
vn 0.2798 0.8049 -0.5233
vn 0.2797 0.8049 -0.5233
vn 0.1722 0.8049 -0.5678
vn 0.1723 0.8049 -0.5678
vn 0.0582 0.8049 -0.5905
vn -0.0582 0.8049 -0.5905
vn -0.1723 0.8049 -0.5678
vn -0.1722 0.8049 -0.5678
vn -0.2797 0.8049 -0.5233
vn -0.2798 0.8049 -0.5233
vn -0.3764 0.8049 -0.4587
vn -0.4587 0.8049 -0.3764
vn -0.5233 0.8049 -0.2798
vn -0.5233 0.8049 -0.2797
vn -0.5679 0.8049 -0.1722
vn -0.5905 0.8049 -0.0582
vn -0.5905 0.8049 0.0582
vn -0.5679 0.8049 0.1722
vn -0.5233 0.8049 0.2797
vn -0.5233 0.8049 0.2798
vn -0.4587 0.8049 0.3764
vn -0.3764 0.8049 0.4587
vn -0.2797 0.8049 0.5233
vn -0.1723 0.8049 0.5678
vn -0.0582 0.8049 0.5905
vn -0.0581 0.8049 0.5905
vn 0.0581 0.8049 0.5905
vn 0.0582 0.8049 0.5905
vn 0.1723 0.8049 0.5678
vn 0.2797 0.8049 0.5233
vn 0.3765 0.8049 0.4587
vn 0.3764 0.8049 0.4587
vn 0.4587 0.8049 0.3765
vn 0.4587 0.8049 0.3764
vn 0.5233 0.8049 0.2797
vn -0.0000 1.0000 -0.0000
vn 0.5678 0.8049 0.1723
vn 0.5905 0.8049 0.0581
vn 0.5905 0.8049 0.0582
vn -0.0000 -1.0000 -0.0000
vn 0.9937 0.0538 0.0979
vn 0.9556 0.0538 0.2898
vn 0.9556 0.0538 0.2899
vn 0.8806 0.0538 0.4707
vn 0.7719 0.0538 0.6335
vn 0.6335 0.0538 0.7719
vn 0.4707 0.0538 0.8806
vn 0.2898 0.0538 0.9556
vn 0.2899 0.0538 0.9556
vn 0.0979 0.0538 0.9937
vn -0.0979 0.0538 0.9937
vn -0.2898 0.0538 0.9556
vn -0.2899 0.0538 0.9556
vn -0.4707 0.0538 0.8806
vn -0.6335 0.0538 0.7719
vn -0.7719 0.0538 0.6335
vn -0.8807 0.0538 0.4707
vn -0.8806 0.0538 0.4707
vn -0.9556 0.0538 0.2899
vn -0.9556 0.0538 0.2898
vn -0.9937 0.0538 0.0978
vn -0.9937 0.0538 0.0979
vn -0.9937 0.0538 -0.0978
vn -0.9937 0.0538 -0.0979
vn -0.9556 0.0538 -0.2899
vn -0.9556 0.0538 -0.2898
vn -0.8807 0.0538 -0.4707
vn -0.8806 0.0538 -0.4707
vn -0.7719 0.0538 -0.6335
vn -0.6335 0.0538 -0.7719
vn -0.4707 0.0538 -0.8806
vn -0.4707 0.0538 -0.8807
vn -0.2899 0.0538 -0.9556
vn -0.2898 0.0538 -0.9556
vn -0.0979 0.0538 -0.9937
vn 0.0979 0.0538 -0.9937
vn 0.2899 0.0538 -0.9556
vn 0.2898 0.0538 -0.9556
vn 0.4707 0.0538 -0.8807
vn 0.4707 0.0538 -0.8806
vn 0.6335 0.0538 -0.7719
vn 0.7719 0.0538 -0.6335
vn 0.8806 0.0538 -0.4707
vn 0.9556 0.0538 -0.2898
vn 0.9556 0.0538 -0.2899
vn 0.9937 0.0538 -0.0979
vn 0.9315 0.3519 0.0917
vn 0.9315 0.3519 0.0918
vn 0.8957 0.3519 0.2717
vn 0.8255 0.3519 0.4412
vn 0.8255 0.3519 0.4413
vn 0.7235 0.3519 0.5938
vn 0.7236 0.3519 0.5938
vn 0.5938 0.3519 0.7235
vn 0.5938 0.3519 0.7236
vn 0.4413 0.3519 0.8255
vn 0.4412 0.3519 0.8255
vn 0.2717 0.3519 0.8957
vn 0.0917 0.3519 0.9315
vn 0.0918 0.3519 0.9315
vn -0.0918 0.3519 0.9315
vn -0.0917 0.3519 0.9315
vn -0.2717 0.3519 0.8957
vn -0.4412 0.3519 0.8255
vn -0.5938 0.3519 0.7236
vn -0.7236 0.3519 0.5938
vn -0.8255 0.3519 0.4412
vn -0.8255 0.3519 0.4413
vn -0.8957 0.3519 0.2717
vn -0.9315 0.3519 0.0918
vn -0.9315 0.3519 0.0917
vn -0.9315 0.3519 -0.0917
vn -0.9315 0.3519 -0.0918
vn -0.8957 0.3519 -0.2717
vn -0.8255 0.3519 -0.4413
vn -0.8255 0.3519 -0.4412
vn -0.7235 0.3519 -0.5938
vn -0.7236 0.3519 -0.5938
vn -0.5938 0.3519 -0.7236
vn -0.5938 0.3519 -0.7235
vn -0.4412 0.3519 -0.8255
vn -0.4413 0.3519 -0.8255
vn -0.2717 0.3519 -0.8957
vn -0.0917 0.3519 -0.9315
vn -0.0918 0.3519 -0.9315
vn 0.0918 0.3519 -0.9315
vn 0.0917 0.3519 -0.9315
vn 0.2717 0.3519 -0.8957
vn 0.4413 0.3519 -0.8255
vn 0.4412 0.3519 -0.8255
vn 0.5938 0.3519 -0.7236
vn 0.7236 0.3519 -0.5938
vn 0.8255 0.3519 -0.4412
vn 0.8957 0.3519 -0.2717
vn 0.9315 0.3519 -0.0918
vn 0.9315 0.3519 -0.0917
vn 0.9880 0.1196 -0.0973
vn 0.9501 0.1196 -0.2882
vn 0.8756 0.1196 -0.4680
vn 0.7675 0.1196 -0.6298
vn 0.6298 0.1196 -0.7675
vn 0.4680 0.1196 -0.8756
vn 0.2882 0.1196 -0.9501
vn 0.0973 0.1196 -0.9880
vn -0.0973 0.1196 -0.9880
vn -0.2882 0.1196 -0.9501
vn -0.4680 0.1196 -0.8756
vn -0.6299 0.1196 -0.7674
vn -0.6298 0.1196 -0.7675
vn -0.6299 0.1196 -0.7675
vn -0.7675 0.1196 -0.6299
vn -0.7675 0.1196 -0.6298
vn -0.7674 0.1196 -0.6299
vn -0.8756 0.1196 -0.4680
vn -0.9501 0.1196 -0.2882
vn -0.9880 0.1196 -0.0973
vn -0.9880 0.1196 0.0973
vn -0.9501 0.1196 0.2882
vn -0.8756 0.1196 0.4680
vn -0.7675 0.1196 0.6298
vn -0.6298 0.1196 0.7675
vn -0.4680 0.1196 0.8756
vn -0.2882 0.1196 0.9501
vn -0.0973 0.1196 0.9880
vn 0.0973 0.1196 0.9880
vn 0.2882 0.1196 0.9501
vn 0.4680 0.1196 0.8756
vn 0.6298 0.1196 0.7675
vn 0.7675 0.1196 0.6298
vn 0.8756 0.1196 0.4680
vn 0.9501 0.1196 0.2882
vn 0.9880 0.1196 0.0973
vn -0.0000 1.0000 -0.0001
vn -0.0000 1.0000 0.0001
vn 0.4709 0.8810 0.0464
vn 0.4709 0.8810 -0.0464
vn 0.6332 0.7715 -0.0624
vn 0.6332 0.7715 0.0624
vn 0.6088 0.7715 0.1847
vn 0.7708 0.6326 0.0759
vn 0.7412 0.6326 0.2248
vn 0.7786 0.4696 0.4162
vn 0.6831 0.6326 0.3651
vn 0.8449 0.4696 0.2563
vn 0.9161 0.2890 0.2779
vn 0.8443 0.2890 0.4513
vn 0.7400 0.2890 0.6073
vn 0.8777 0.0976 0.4691
vn 0.7693 0.0976 0.6314
vn 0.6314 0.0976 0.7693
vn 0.7693 -0.0976 0.6314
vn 0.6314 -0.0976 0.7693
vn 0.4691 0.0976 0.8777
vn 0.4692 0.0976 0.8777
vn 0.4691 -0.0976 0.8777
vn 0.4692 -0.0976 0.8777
vn 0.2889 0.0976 0.9524
vn 0.2889 -0.0976 0.9524
vn 0.0975 -0.0975 0.9904
vn 0.0976 -0.0975 0.9904
vn 0.0975 0.0975 0.9904
vn 0.0976 0.0975 0.9904
vn 0.2889 0.0975 0.9524
vn 0.2889 -0.0975 0.9524
vn 0.0975 -0.0976 0.9904
vn 0.2779 -0.2890 0.9161
vn 0.0938 -0.2890 0.9527
vn -0.0975 -0.0975 0.9904
vn -0.0976 -0.0976 0.9904
vn -0.0938 -0.2890 0.9527
vn -0.2889 -0.0975 0.9524
vn -0.2779 -0.2890 0.9161
vn -0.4692 -0.0975 0.8777
vn -0.4513 -0.2890 0.8443
vn -0.6314 -0.0975 0.7693
vn -0.6073 -0.2890 0.7400
vn -0.5601 -0.4696 0.6825
vn -0.4162 -0.4696 0.7786
vn -0.6825 -0.4696 0.5601
vn -0.4913 -0.6326 0.5987
vn -0.4914 -0.6326 0.5987
vn -0.5987 -0.6326 0.4913
vn -0.6831 -0.6326 0.3651
vn -0.7786 -0.4696 0.4162
vn -0.4918 -0.7715 0.4036
vn -0.5611 -0.7715 0.2999
vn -0.6088 -0.7715 0.1847
vn -0.4173 -0.8810 0.2231
vn -0.4528 -0.8810 0.1373
vn -0.4528 -0.8810 0.1374
vn -0.4709 -0.8810 0.0464
vn -0.2790 -0.9566 0.0846
vn -0.2902 -0.9566 0.0286
vn -0.2902 -0.9565 0.0286
vn -0.4709 -0.8810 -0.0464
vn -0.2902 -0.9565 -0.0286
vn -0.2902 -0.9566 -0.0286
vn -0.0942 -0.9951 -0.0286
vn -0.2790 -0.9566 -0.0846
vn -0.0980 -0.9951 -0.0097
vn 0.0464 -0.9951 -0.0869
vn 0.0625 -0.9951 -0.0761
vn 0.0286 -0.9951 -0.0942
vn -0.0869 -0.9951 -0.0464
vn 0.0761 -0.9951 -0.0625
vn -0.0761 -0.9951 -0.0625
vn 0.0869 -0.9951 -0.0464
vn -0.0625 -0.9951 -0.0761
vn -0.0625 -0.9951 0.0761
vn -0.0761 -0.9951 0.0625
vn 0.0980 -0.9951 0.0096
vn 0.0980 -0.9951 -0.0096
vn 0.0942 -0.9951 -0.0286
vn -0.0464 -0.9951 -0.0868
vn -0.0869 -0.9951 0.0464
vn -0.0464 -0.9951 0.0868
vn -0.0286 -0.9951 0.0942
vn -0.0096 -0.9951 0.0980
vn 0.0096 -0.9951 0.0980
vn 0.0286 -0.9951 0.0942
vn 0.0464 -0.9951 0.0869
vn 0.0625 -0.9951 0.0761
vn 0.0761 -0.9951 0.0625
vn 0.0869 -0.9951 0.0464
vn 0.0942 -0.9951 0.0286
vn -0.0286 -0.9951 -0.0943
vn -0.0942 -0.9951 0.0286
vn -0.0097 -0.9951 -0.0980
vn -0.0980 -0.9951 0.0097
vn 0.0097 -0.9951 -0.0980
vn 0.0846 -0.9566 -0.2790
vn 0.0286 -0.9565 -0.2902
vn 0.0464 -0.8810 -0.4709
vn 0.1373 -0.8810 -0.4528
vn 0.1374 -0.8810 -0.4528
vn 0.2231 -0.8810 -0.4173
vn 0.1374 -0.9565 -0.2571
vn 0.1374 -0.9566 -0.2571
vn 0.1850 -0.9565 -0.2254
vn 0.1850 -0.9566 -0.2254
vn 0.3002 -0.8810 -0.3658
vn 0.2254 -0.9566 -0.1850
vn 0.3658 -0.8810 -0.3002
vn 0.4918 -0.7715 -0.4036
vn 0.4036 -0.7715 -0.4918
vn 0.5611 -0.7715 -0.2999
vn 0.6831 -0.6326 -0.3651
vn 0.5987 -0.6326 -0.4913
vn 0.5987 -0.6326 -0.4914
vn 0.6825 -0.4696 -0.5601
vn 0.5601 -0.4696 -0.6825
vn 0.4913 -0.6326 -0.5987
vn 0.4162 -0.4696 -0.7786
vn 0.3651 -0.6326 -0.6831
vn 0.2563 -0.4696 -0.8448
vn 0.2248 -0.6326 -0.7412
vn 0.0865 -0.4696 -0.8786
vn 0.0866 -0.4696 -0.8786
vn 0.0759 -0.6326 -0.7708
vn -0.0865 -0.4696 -0.8786
vn -0.0759 -0.6326 -0.7708
vn -0.2563 -0.4696 -0.8448
vn -0.2248 -0.6326 -0.7412
vn -0.3651 -0.6326 -0.6831
vn -0.4162 -0.4696 -0.7786
vn -0.2779 -0.2890 -0.9161
vn -0.4513 -0.2890 -0.8443
vn -0.6073 -0.2890 -0.7400
vn -0.5601 -0.4696 -0.6825
vn -0.4913 -0.6326 -0.5987
vn -0.6825 -0.4696 -0.5601
vn -0.5987 -0.6326 -0.4913
vn -0.5987 -0.6326 -0.4914
vn -0.7786 -0.4696 -0.4162
vn -0.6831 -0.6326 -0.3651
vn -0.8448 -0.4696 -0.2563
vn -0.7412 -0.6326 -0.2248
vn -0.8786 -0.4696 -0.0865
vn -0.7708 -0.6326 -0.0759
vn -0.7708 -0.6326 0.0759
vn -0.6332 -0.7715 0.0624
vn -0.6332 -0.7715 -0.0624
vn -0.7412 -0.6326 0.2248
vn -0.8448 -0.4696 0.2563
vn -0.8786 -0.4696 0.0865
vn -0.8449 -0.4696 0.2563
vn -0.9161 -0.2890 0.2779
vn -0.8443 -0.2890 0.4513
vn -0.9527 -0.2890 0.0938
vn -0.9904 -0.0975 0.0975
vn -0.9904 -0.0976 0.0975
vn -0.9904 -0.0975 0.0976
vn -0.9524 -0.0975 0.2889
vn -0.9904 -0.0975 -0.0975
vn -0.9904 -0.0975 -0.0976
vn -0.9904 0.0976 -0.0975
vn -0.9904 0.0975 -0.0976
vn -0.9904 -0.0976 -0.0975
vn -0.9904 0.0975 0.0975
vn -0.9904 0.0976 0.0975
vn -0.9904 0.0975 0.0976
vn -0.9161 0.2890 0.2779
vn -0.9527 0.2890 0.0938
vn -0.9524 0.0975 0.2889
vn -0.8443 0.2890 0.4513
vn -0.8777 0.0975 0.4692
vn -0.7400 0.2890 0.6073
vn -0.7693 0.0976 0.6314
vn -0.8777 0.0976 0.4692
vn -0.6073 0.2890 0.7400
vn -0.6314 0.0975 0.7693
vn -0.6314 0.0976 0.7693
vn -0.7693 0.0975 0.6314
vn -0.4513 0.2890 0.8443
vn -0.4692 0.0975 0.8777
vn -0.2779 0.2890 0.9161
vn -0.2889 0.0975 0.9524
vn -0.0975 0.0976 0.9904
vn -0.0975 0.0975 0.9904
vn -0.2889 0.0976 0.9524
vn -0.0938 0.2890 0.9527
vn -0.0976 0.0976 0.9904
vn 0.0938 0.2890 0.9527
vn 0.0975 0.0976 0.9904
vn 0.0865 0.4696 0.8786
vn 0.2563 0.4696 0.8448
vn 0.2779 0.2890 0.9161
vn 0.2563 0.4696 0.8449
vn 0.4162 0.4696 0.7786
vn 0.4513 0.2890 0.8443
vn 0.5601 0.4696 0.6825
vn 0.6073 0.2890 0.7400
vn 0.6825 0.4696 0.5601
vn 0.5987 0.6326 0.4913
vn 0.4913 0.6326 0.5987
vn 0.4918 0.7715 0.4036
vn 0.5611 0.7715 0.2999
vn 0.4036 0.7715 0.4918
vn 0.3002 0.8810 0.3658
vn 0.3658 0.8810 0.3002
vn 0.2254 0.9566 0.1850
vn 0.2571 0.9566 0.1374
vn 0.4173 0.8810 0.2231
vn 0.4173 0.8810 0.2230
vn 0.2790 0.9565 0.0846
vn 0.2790 0.9566 0.0846
vn 0.4528 0.8810 0.1374
vn 0.4528 0.8810 0.1373
vn 0.2902 0.9566 0.0286
vn 0.2902 0.9565 0.0286
vn 0.0980 0.9951 0.0097
vn 0.0980 0.9951 -0.0097
vn 0.2902 0.9565 -0.0286
vn 0.2902 0.9566 -0.0286
vn 0.2790 0.9566 -0.0846
vn 0.2790 0.9565 -0.0846
vn 0.4528 0.8810 -0.1374
vn 0.6088 0.7715 -0.1847
vn 0.4173 0.8810 -0.2230
vn 0.4173 0.8810 -0.2231
vn 0.5611 0.7715 -0.2999
vn 0.3658 0.8810 -0.3002
vn 0.4918 0.7715 -0.4036
vn 0.3002 0.8810 -0.3658
vn 0.4036 0.7715 -0.4918
vn 0.2231 0.8810 -0.4173
vn 0.2999 0.7715 -0.5611
vn 0.1373 0.8810 -0.4528
vn 0.1374 0.8810 -0.4528
vn 0.1847 0.7715 -0.6088
vn 0.0464 0.8810 -0.4709
vn 0.0624 0.7715 -0.6332
vn -0.0464 0.8810 -0.4709
vn -0.0624 0.7715 -0.6332
vn 0.0624 0.7715 -0.6331
vn -0.1374 0.8810 -0.4528
vn -0.1847 0.7715 -0.6088
vn -0.2999 0.7715 -0.5611
vn -0.2231 0.8810 -0.4173
vn -0.2230 0.8810 -0.4173
vn -0.0846 0.9565 -0.2790
vn -0.0846 0.9566 -0.2790
vn -0.1374 0.9565 -0.2571
vn -0.1375 0.9565 -0.2571
vn -0.1850 0.9566 -0.2254
vn -0.1850 0.9565 -0.2254
vn -0.3002 0.8810 -0.3658
vn -0.4036 0.7715 -0.4918
vn -0.3658 0.8810 -0.3002
vn -0.4918 0.7715 -0.4036
vn -0.4173 0.8810 -0.2231
vn -0.5611 0.7715 -0.2999
vn -0.4528 0.8810 -0.1374
vn -0.6088 0.7715 -0.1847
vn -0.4709 0.8810 -0.0464
vn -0.6332 0.7715 -0.0624
vn -0.6332 0.7715 -0.0623
vn -0.4709 0.8810 0.0464
vn -0.6332 0.7715 0.0624
vn -0.6332 0.7715 0.0623
vn -0.6088 0.7715 0.1847
vn -0.7412 0.6326 0.2248
vn -0.7708 0.6326 0.0759
vn -0.8448 0.4696 0.2563
vn -0.8449 0.4696 0.2563
vn -0.8786 0.4696 0.0865
vn -0.7708 0.6326 -0.0759
vn -0.8786 0.4696 -0.0865
vn -0.8448 0.4696 -0.2563
vn -0.9527 0.2890 -0.0938
vn -0.9161 0.2890 -0.2779
vn -0.8443 0.2890 -0.4513
vn -0.7786 0.4696 -0.4162
vn -0.9524 0.0975 -0.2889
vn -0.9524 0.0976 -0.2889
vn -0.8777 0.0975 -0.4692
vn -0.7400 0.2890 -0.6073
vn -0.7693 0.0975 -0.6314
vn -0.6073 0.2890 -0.7400
vn -0.6314 0.0975 -0.7693
vn -0.4513 0.2890 -0.8443
vn -0.4691 0.0975 -0.8777
vn -0.2779 0.2890 -0.9161
vn -0.2889 0.0976 -0.9524
vn -0.2889 0.0975 -0.9524
vn -0.0938 0.2890 -0.9527
vn -0.0975 0.0976 -0.9904
vn -0.0976 0.0976 -0.9904
vn 0.0938 0.2890 -0.9527
vn -0.0975 0.0975 -0.9904
vn 0.0976 0.0975 -0.9904
vn 0.2889 0.0975 -0.9524
vn 0.2779 0.2890 -0.9161
vn 0.0976 -0.0975 -0.9904
vn 0.2889 -0.0975 -0.9524
vn 0.4692 -0.0976 -0.8777
vn 0.4513 -0.2890 -0.8443
vn 0.2779 -0.2890 -0.9161
vn 0.6314 -0.0976 -0.7693
vn 0.6073 -0.2890 -0.7400
vn 0.6314 -0.0975 -0.7693
vn 0.7693 -0.0975 -0.6314
vn 0.7400 -0.2890 -0.6073
vn 0.8777 -0.0976 -0.4691
vn 0.8777 -0.0975 -0.4691
vn 0.8443 -0.2890 -0.4513
vn 0.9161 -0.2890 -0.2779
vn 0.7786 -0.4696 -0.4162
vn 0.8449 -0.4696 -0.2563
vn 0.8786 -0.4696 -0.0865
vn 0.9527 -0.2890 -0.0938
vn 0.7708 -0.6326 -0.0759
vn 0.7412 -0.6326 -0.2248
vn 0.6332 -0.7715 -0.0624
vn 0.6088 -0.7715 -0.1847
vn 0.4709 -0.8810 -0.0464
vn 0.4528 -0.8810 -0.1374
vn 0.2902 -0.9565 -0.0286
vn 0.2902 -0.9566 -0.0286
vn 0.2790 -0.9565 -0.0846
vn 0.4173 -0.8810 -0.2230
vn 0.2571 -0.9566 -0.1374
vn 0.2571 -0.9565 -0.1375
vn 0.2902 -0.9566 0.0286
vn 0.2902 -0.9565 0.0286
vn 0.4709 -0.8810 0.0464
vn 0.2790 -0.9565 0.0846
vn 0.2790 -0.9566 0.0846
vn 0.4528 -0.8810 0.1373
vn 0.4173 -0.8810 0.2231
vn 0.4173 -0.8810 0.2230
vn 0.5611 -0.7715 0.2999
vn 0.6088 -0.7715 0.1847
vn 0.7412 -0.6326 0.2248
vn 0.7708 -0.6326 0.0759
vn 0.6332 -0.7715 0.0624
vn 0.8449 -0.4696 0.2563
vn 0.7786 -0.4696 0.4162
vn 0.6831 -0.6326 0.3651
vn 0.6825 -0.4696 0.5601
vn 0.5987 -0.6326 0.4913
vn 0.4913 -0.6326 0.5987
vn 0.5601 -0.4696 0.6825
vn 0.4914 -0.6326 0.5987
vn 0.4918 -0.7715 0.4036
vn 0.4036 -0.7715 0.4918
vn 0.2999 -0.7715 0.5611
vn 0.3002 -0.8810 0.3658
vn 0.2231 -0.8810 0.4173
vn 0.2230 -0.8810 0.4173
vn 0.1847 -0.7715 0.6088
vn 0.1374 -0.8810 0.4528
vn 0.0624 -0.7715 0.6332
vn 0.0464 -0.8810 0.4709
vn -0.0624 -0.7715 0.6332
vn -0.0464 -0.8810 0.4709
vn -0.1847 -0.7715 0.6088
vn -0.1374 -0.8810 0.4528
vn -0.2230 -0.8810 0.4173
vn -0.2999 -0.7715 0.5611
vn -0.0846 -0.9566 0.2790
vn -0.0846 -0.9565 0.2790
vn -0.1375 -0.9566 0.2571
vn -0.1374 -0.9566 0.2571
vn -0.3002 -0.8810 0.3658
vn -0.1850 -0.9566 0.2254
vn -0.1850 -0.9565 0.2254
vn -0.3658 -0.8810 0.3002
vn -0.2254 -0.9566 0.1850
vn -0.2254 -0.9565 0.1850
vn -0.2571 -0.9565 0.1374
vn -0.2572 -0.9565 0.1374
vn -0.2571 -0.9566 0.1374
vn -0.4036 -0.7715 0.4918
vn -0.3651 -0.6326 0.6831
vn -0.2248 -0.6326 0.7412
vn -0.2563 -0.4696 0.8448
vn -0.0865 -0.4696 0.8786
vn -0.0759 -0.6326 0.7708
vn 0.0865 -0.4696 0.8786
vn 0.0759 -0.6326 0.7708
vn 0.2563 -0.4696 0.8448
vn 0.2248 -0.6326 0.7412
vn 0.2563 -0.4696 0.8449
vn 0.4162 -0.4696 0.7786
vn 0.3651 -0.6326 0.6831
vn 0.4513 -0.2890 0.8443
vn 0.6073 -0.2890 0.7400
vn -0.0286 -0.9566 0.2902
vn 0.0286 -0.9566 0.2902
vn 0.0846 -0.9566 0.2790
vn 0.1374 -0.9566 0.2571
vn 0.1374 -0.9565 0.2571
vn 0.1850 -0.9566 0.2254
vn 0.1850 -0.9565 0.2254
vn 0.3658 -0.8810 0.3002
vn 0.2254 -0.9566 0.1850
vn 0.2571 -0.9566 0.1374
vn 0.7400 -0.2890 0.6073
vn 0.8443 -0.2890 0.4513
vn 0.9161 -0.2890 0.2779
vn 0.9527 -0.2890 0.0938
vn 0.8786 -0.4696 0.0865
vn 0.8777 -0.0976 0.4691
vn 0.9524 -0.0976 0.2889
vn 0.9524 0.0976 0.2889
vn 0.9524 0.0975 0.2889
vn 0.9524 -0.0975 0.2889
vn 0.9904 0.0975 0.0975
vn 0.9904 -0.0975 0.0975
vn 0.9904 0.0976 0.0976
vn 0.9904 -0.0975 0.0976
vn 0.9904 -0.0975 -0.0975
vn 0.9904 -0.0976 -0.0976
vn 0.9904 0.0976 -0.0975
vn 0.9904 0.0975 -0.0975
vn 0.9904 0.0976 -0.0976
vn 0.9524 0.0976 -0.2889
vn 0.9524 0.0975 -0.2889
vn 0.9524 -0.0976 -0.2889
vn 0.9524 -0.0975 -0.2889
vn 0.8777 0.0976 -0.4691
vn 0.8777 0.0976 -0.4692
vn 0.8777 -0.0976 -0.4692
vn 0.9161 0.2890 -0.2779
vn 0.8443 0.2890 -0.4513
vn 0.8777 0.0975 -0.4691
vn 0.7400 0.2890 -0.6073
vn 0.7693 0.0975 -0.6314
vn 0.7693 0.0976 -0.6314
vn 0.6073 0.2890 -0.7400
vn 0.6314 0.0976 -0.7693
vn 0.6314 0.0975 -0.7693
vn 0.4692 0.0976 -0.8777
vn 0.4513 0.2890 -0.8443
vn 0.5601 0.4696 -0.6825
vn 0.4162 0.4696 -0.7786
vn 0.3651 0.6326 -0.6831
vn 0.2248 0.6326 -0.7412
vn 0.2563 0.4696 -0.8448
vn 0.0759 0.6326 -0.7708
vn 0.0865 0.4696 -0.8786
vn 0.0866 0.4696 -0.8786
vn -0.0759 0.6326 -0.7708
vn -0.0865 0.4696 -0.8786
vn -0.2248 0.6326 -0.7412
vn -0.2563 0.4696 -0.8448
vn -0.3651 0.6326 -0.6831
vn -0.4162 0.4696 -0.7786
vn -0.4913 0.6326 -0.5987
vn -0.5601 0.4696 -0.6825
vn -0.6825 0.4696 -0.5601
vn -0.5987 0.6326 -0.4913
vn -0.5987 0.6326 -0.4914
vn -0.6831 0.6326 -0.3651
vn 0.4913 0.6326 -0.5987
vn 0.6825 0.4696 -0.5601
vn 0.5987 0.6326 -0.4913
vn 0.6831 0.6326 -0.3651
vn 0.7786 0.4696 -0.4162
vn 0.7412 0.6326 -0.2248
vn 0.8449 0.4696 -0.2563
vn 0.8786 0.4696 -0.0865
vn 0.7708 0.6326 -0.0759
vn 0.8786 0.4696 0.0865
vn 0.9527 0.2890 0.0938
vn 0.9527 0.2890 -0.0938
vn 0.0938 -0.2890 -0.9527
vn -0.0938 -0.2890 -0.9527
vn -0.0975 -0.0975 -0.9904
vn -0.0976 -0.0976 -0.9904
vn -0.2889 -0.0976 -0.9524
vn -0.2889 -0.0975 -0.9524
vn -0.4691 -0.0975 -0.8777
vn -0.6314 -0.0975 -0.7693
vn -0.7693 -0.0975 -0.6314
vn -0.8777 -0.0975 -0.4692
vn -0.8443 -0.2890 -0.4513
vn -0.7400 -0.2890 -0.6073
vn -0.9524 -0.0975 -0.2889
vn -0.9161 -0.2890 -0.2779
vn -0.7412 0.6326 -0.2248
vn -0.6831 0.6326 0.3651
vn -0.7786 0.4696 0.4162
vn -0.5987 0.6326 0.4913
vn -0.6825 0.4696 0.5601
vn -0.4913 0.6326 0.5987
vn -0.4914 0.6326 0.5987
vn -0.5601 0.4696 0.6825
vn -0.3651 0.6326 0.6831
vn -0.4162 0.4696 0.7786
vn -0.2248 0.6326 0.7412
vn -0.2563 0.4696 0.8448
vn -0.0759 0.6326 0.7708
vn -0.0865 0.4696 0.8786
vn -0.0624 0.7715 0.6332
vn 0.0624 0.7715 0.6332
vn 0.0759 0.6326 0.7708
vn 0.1847 0.7715 0.6088
vn 0.2248 0.6326 0.7412
vn 0.2999 0.7715 0.5611
vn 0.3651 0.6326 0.6831
vn 0.4914 0.6326 0.5987
vn 0.2231 0.8810 0.4173
vn 0.2230 0.8810 0.4173
vn 0.1374 0.8810 0.4528
vn 0.1374 0.9566 0.2571
vn 0.1850 0.9565 0.2254
vn 0.1850 0.9566 0.2254
vn 0.0846 0.9566 0.2790
vn 0.0846 0.9565 0.2790
vn 0.0286 0.9951 0.0942
vn 0.0464 0.9951 0.0869
vn 0.0286 0.9566 0.2902
vn 0.0096 0.9951 0.0980
vn -0.0096 0.9951 0.0980
vn -0.0286 0.9566 0.2902
vn -0.0286 0.9951 0.0942
vn -0.0846 0.9566 0.2790
vn -0.0846 0.9565 0.2790
vn -0.0464 0.9951 0.0869
vn -0.1375 0.9565 0.2571
vn -0.1374 0.9566 0.2571
vn -0.0625 0.9951 0.0761
vn -0.1850 0.9566 0.2254
vn -0.3002 0.8810 0.3658
vn -0.2230 0.8810 0.4173
vn -0.3658 0.8810 0.3002
vn -0.4036 0.7715 0.4918
vn -0.4918 0.7715 0.4036
vn -0.5611 0.7715 0.2999
vn -0.4173 0.8810 0.2231
vn -0.4528 0.8810 0.1373
vn -0.4528 0.8810 0.1374
vn -0.2790 0.9566 0.0846
vn -0.2571 0.9565 0.1374
vn -0.2571 0.9566 0.1374
vn -0.2902 0.9566 0.0286
vn -0.2902 0.9565 0.0286
vn -0.0980 0.9951 0.0097
vn -0.0942 0.9951 0.0286
vn -0.2902 0.9565 -0.0286
vn -0.2902 0.9566 -0.0286
vn -0.0980 0.9951 -0.0097
vn -0.0942 0.9951 -0.0286
vn -0.2790 0.9566 -0.0846
vn -0.0869 0.9951 -0.0464
vn -0.2571 0.9566 -0.1374
vn -0.2571 0.9565 -0.1374
vn -0.0761 0.9951 -0.0625
vn -0.2254 0.9566 -0.1850
vn -0.0869 0.9951 0.0464
vn -0.2572 0.9565 0.1374
vn -0.0761 0.9951 0.0625
vn -0.2254 0.9566 0.1850
vn -0.2254 0.9565 0.1850
vn -0.2999 0.7715 0.5611
vn -0.1374 0.8810 0.4528
vn -0.1847 0.7715 0.6088
vn -0.0464 0.8810 0.4709
vn 0.0464 0.8810 0.4709
vn 0.0625 0.9951 0.0761
vn -0.0625 0.9951 -0.0761
vn -0.0464 0.9951 -0.0869
vn -0.0286 0.9951 -0.0942
vn -0.0286 0.9566 -0.2902
vn -0.0286 0.9565 -0.2902
vn -0.0097 0.9951 -0.0980
vn 0.0286 0.9565 -0.2902
vn 0.0286 0.9566 -0.2902
vn 0.0097 0.9951 -0.0980
vn 0.0286 0.9951 -0.0942
vn 0.0846 0.9566 -0.2790
vn 0.0464 0.9951 -0.0869
vn 0.1374 0.9566 -0.2571
vn 0.0625 0.9951 -0.0761
vn 0.1850 0.9565 -0.2254
vn 0.1850 0.9566 -0.2254
vn 0.0761 0.9951 -0.0625
vn 0.2254 0.9566 -0.1850
vn 0.0869 0.9951 -0.0464
vn 0.2571 0.9566 -0.1374
vn 0.2571 0.9565 -0.1375
vn 0.0942 0.9951 -0.0286
vn 0.0761 0.9951 0.0625
vn 0.0869 0.9951 0.0464
vn 0.0942 0.9951 0.0286
vn -0.7693 -0.0976 0.6314
vn -0.7693 -0.0975 0.6314
vn -0.8777 -0.0975 0.4692
vn -0.8777 -0.0976 0.4692
vn -0.7400 -0.2890 0.6073
vn -0.9527 -0.2890 -0.0938
vn -0.6088 -0.7715 -0.1847
vn -0.4528 -0.8810 -0.1374
vn -0.4528 -0.8810 -0.1373
vn -0.5611 -0.7715 -0.2999
vn -0.4173 -0.8810 -0.2231
vn -0.4173 -0.8810 -0.2230
vn -0.3658 -0.8810 -0.3002
vn -0.4918 -0.7715 -0.4036
vn -0.2571 -0.9566 -0.1374
vn -0.2571 -0.9565 -0.1374
vn -0.2254 -0.9565 -0.1850
vn -0.2254 -0.9566 -0.1850
vn -0.3002 -0.8810 -0.3658
vn -0.1850 -0.9565 -0.2254
vn -0.1850 -0.9566 -0.2254
vn -0.2231 -0.8810 -0.4173
vn -0.1374 -0.9566 -0.2571
vn -0.1375 -0.9566 -0.2571
vn -0.2230 -0.8810 -0.4173
vn -0.1374 -0.8810 -0.4528
vn -0.0846 -0.9565 -0.2790
vn -0.0846 -0.9566 -0.2790
vn -0.0464 -0.8810 -0.4709
vn -0.0286 -0.9566 -0.2902
vn -0.0286 -0.9565 -0.2902
vn -0.0624 -0.7715 -0.6332
vn -0.1847 -0.7715 -0.6088
vn -0.2999 -0.7715 -0.5611
vn -0.4036 -0.7715 -0.4918
vn 0.0624 -0.7715 -0.6332
vn 0.0624 -0.7715 -0.6331
vn 0.1847 -0.7715 -0.6088
vn 0.2999 -0.7715 -0.5611
vt 0.125614 0.567171
vt 0.123652 0.567171
vt 0.134661 0.557574
vt 0.135247 0.557574
vt 0.135151 0.555352
vt 0.134551 0.555352
vt 0.123284 0.564793
vt 0.199122 0.668799
vt 0.195282 0.658381
vt 0.200548 0.668784
vt 0.248894 0.775230
vt 0.247830 0.775720
vt 0.247830 0.775120
vt 0.194334 0.658874
vt 0.387913 0.610811
vt 0.379473 0.620444
vt 0.379473 0.619858
vt 0.388371 0.608849
vt 0.248894 0.775816
vt 0.387454 0.612774
vt 0.379473 0.621030
vt 0.248894 0.776402
vt 0.247830 0.776320
vt 0.247830 0.777519
vt 0.135833 0.557574
vt 0.135751 0.555352
vt 0.136950 0.555352
vt 0.137005 0.557574
vt 0.131501 0.567171
vt 0.127576 0.567171
vt 0.122650 0.576767
vt 0.128217 0.576767
vt 0.126305 0.592861
vt 0.119782 0.592861
vt 0.119867 0.576767
vt 0.116521 0.592861
vt 0.117084 0.576767
vt 0.113260 0.592861
vt 0.112647 0.591257
vt 0.116561 0.574758
vt 0.114606 0.606630
vt 0.111072 0.606630
vt 0.110408 0.605366
vt 0.113206 0.618229
vt 0.109471 0.618229
vt 0.213762 0.721695
vt 0.214457 0.709960
vt 0.214457 0.722114
vt 0.213495 0.709078
vt 0.211290 0.732382
vt 0.209847 0.731092
vt 0.212442 0.720771
vt 0.205119 0.739883
vt 0.192775 0.731427
vt 0.191296 0.718484
vt 0.193878 0.743946
vt 0.165463 0.732272
vt 0.169027 0.715938
vt 0.172551 0.722167
vt 0.185633 0.726439
vt 0.168394 0.735556
vt 0.161657 0.740656
vt 0.163954 0.741873
vt 0.166251 0.743090
vt 0.199176 0.747667
vt 0.171325 0.740135
vt 0.151417 0.746420
vt 0.171876 0.742060
vt 0.166682 0.744972
vt 0.151047 0.748086
vt 0.150975 0.746420
vt 0.151500 0.748086
vt 0.150532 0.746420
vt 0.150594 0.748086
vt 0.149689 0.748086
vt 0.149647 0.746420
vt 0.157064 0.738222
vt 0.147877 0.748086
vt 0.377609 0.819817
vt 0.377609 0.818922
vt 0.378723 0.818991
vt 0.378723 0.819865
vt 0.377609 0.821608
vt 0.383241 0.821965
vt 0.378723 0.821614
vt 0.383241 0.812886
vt 0.387758 0.810729
vt 0.383241 0.808346
vt 0.387758 0.822315
vt 0.395757 0.823246
vt 0.387758 0.833901
vt 0.383241 0.831044
vt 0.387758 0.839695
vt 0.395757 0.837180
vt 0.383241 0.835583
vt 0.383241 0.837853
vt 0.387758 0.842591
vt 0.395757 0.844147
vt 0.160499 0.635722
vt 0.153449 0.635722
vt 0.154289 0.627979
vt 0.161758 0.627979
vt 0.164024 0.635722
vt 0.395757 0.847630
vt 0.167549 0.635722
vt 0.165493 0.627979
vt 0.387758 0.845488
vt 0.395757 0.851114
vt 0.394702 0.851875
vt 0.386520 0.846116
vt 0.383241 0.840123
vt 0.316550 0.766968
vt 0.322696 0.775137
vt 0.321606 0.775455
vt 0.323826 0.773402
vt 0.330923 0.780151
vt 0.329964 0.782040
vt 0.317771 0.765466
vt 0.312423 0.756805
vt 0.315657 0.767421
vt 0.311803 0.757328
vt 0.169228 0.627979
vt 0.165493 0.618229
vt 0.169228 0.618229
vt 0.167627 0.606630
vt 0.164092 0.606630
vt 0.161758 0.618229
vt 0.160558 0.606630
vt 0.154289 0.618229
vt 0.158917 0.592861
vt 0.153488 0.606630
vt 0.162178 0.592861
vt 0.152394 0.592861
vt 0.139349 0.606630
vt 0.139349 0.618229
vt 0.139349 0.592861
vt 0.156049 0.576767
vt 0.150482 0.576767
vt 0.139349 0.576767
vt 0.147198 0.567171
vt 0.139349 0.567171
vt 0.141693 0.557574
vt 0.139349 0.557574
vt 0.139349 0.555352
vt 0.247830 0.779919
vt 0.248894 0.779919
vt 0.248894 0.782263
vt 0.247830 0.782318
vt 0.248894 0.777574
vt 0.141749 0.555352
vt 0.379473 0.626891
vt 0.379473 0.624546
vt 0.384702 0.624546
vt 0.379473 0.622202
vt 0.389037 0.624546
vt 0.386537 0.616698
vt 0.386537 0.632395
vt 0.390869 0.613414
vt 0.142372 0.881768
vt 0.146170 0.878483
vt 0.146723 0.882408
vt 0.131728 0.870635
vt 0.141268 0.870635
vt 0.132899 0.883680
vt 0.143783 0.887334
vt 0.142372 0.859502
vt 0.132899 0.857590
vt 0.123203 0.870635
vt 0.124188 0.856496
vt 0.133738 0.679362
vt 0.147877 0.677728
vt 0.147877 0.686619
vt 0.124188 0.884773
vt 0.162016 0.679362
vt 0.132938 0.688093
vt 0.147877 0.697694
vt 0.162816 0.688093
vt 0.147877 0.712006
vt 0.162816 0.699260
vt 0.132938 0.699260
vt 0.161977 0.713522
vt 0.170286 0.690464
vt 0.170286 0.701967
vt 0.183493 0.713042
vt 0.183798 0.701194
vt 0.191505 0.706572
vt 0.194216 0.696238
vt 0.211948 0.708287
vt 0.186956 0.691171
vt 0.209504 0.694466
vt 0.199404 0.687522
vt 0.169085 0.681803
vt 0.134706 0.890202
vt 0.125659 0.891843
vt 0.192610 0.682784
vt 0.198142 0.674236
vt 0.201226 0.676471
vt 0.204311 0.678706
vt 0.395730 0.605064
vt 0.398249 0.602281
vt 0.198350 0.668158
vt 0.205721 0.678831
vt 0.211010 0.694943
vt 0.147877 0.727179
vt 0.159601 0.728543
vt 0.147877 0.736799
vt 0.147877 0.746420
vt 0.146107 0.746420
vt 0.138690 0.738222
vt 0.136153 0.728543
vt 0.130291 0.732272
vt 0.134097 0.740656
vt 0.145222 0.746420
vt 0.146066 0.748086
vt 0.145160 0.748086
vt 0.144780 0.746420
vt 0.144337 0.746420
vt 0.144707 0.748086
vt 0.131800 0.741873
vt 0.129503 0.743090
vt 0.127360 0.735556
vt 0.123203 0.722167
vt 0.334682 0.763104
vt 0.335568 0.775640
vt 0.124429 0.740135
vt 0.126728 0.715938
vt 0.334101 0.750090
vt 0.340948 0.757052
vt 0.133777 0.713522
vt 0.125468 0.701967
vt 0.340948 0.743485
vt 0.125468 0.690464
vt 0.332016 0.738360
vt 0.338778 0.731833
vt 0.312099 0.743278
vt 0.327709 0.728583
vt 0.313581 0.755683
vt 0.310697 0.744303
vt 0.310921 0.729953
vt 0.312332 0.729244
vt 0.165439 0.592861
vt 0.166051 0.591257
vt 0.168291 0.605366
vt 0.309886 0.745326
vt 0.161615 0.576767
vt 0.158832 0.576767
vt 0.155047 0.567171
vt 0.162138 0.574758
vt 0.313602 0.713209
vt 0.314975 0.712863
vt 0.317125 0.702471
vt 0.155415 0.564793
vt 0.318536 0.702261
vt 0.144038 0.557574
vt 0.144148 0.555352
vt 0.320685 0.691368
vt 0.153085 0.567171
vt 0.143452 0.557574
vt 0.143548 0.555352
vt 0.247830 0.784117
vt 0.248894 0.784607
vt 0.247830 0.784717
vt 0.248894 0.784021
vt 0.247830 0.783517
vt 0.142948 0.555352
vt 0.248894 0.783435
vt 0.142866 0.557574
vt 0.151122 0.567171
vt 0.379473 0.628649
vt 0.379473 0.628063
vt 0.387454 0.636319
vt 0.146723 0.858862
vt 0.146170 0.862786
vt 0.319197 0.701507
vt 0.319858 0.700752
vt 0.320361 0.707476
vt 0.143783 0.853935
vt 0.387913 0.638282
vt 0.317668 0.710169
vt 0.379473 0.629235
vt 0.388371 0.640244
vt 0.395730 0.644029
vt 0.321211 0.720795
vt 0.398249 0.646812
vt 0.327172 0.715044
vt 0.334078 0.722434
vt 0.126669 0.681803
vt 0.134706 0.851067
vt 0.125659 0.849426
vt 0.321698 0.691705
vt 0.129072 0.744972
vt 0.123879 0.742060
vt 0.381989 0.840604
vt 0.377609 0.825188
vt 0.378723 0.825113
vt 0.144254 0.748086
vt 0.377609 0.824740
vt 0.378723 0.824675
vt 0.378723 0.824238
vt 0.377609 0.824293
vt 0.378723 0.823363
vt 0.377609 0.823398
vt 0.390869 0.635679
vt 0.197578 0.667518
vt 0.139349 0.627979
vt 0.124410 0.627979
vt 0.125211 0.606630
vt 0.124410 0.618229
vt 0.118141 0.606630
vt 0.116940 0.618229
vt 0.116940 0.627979
vt 0.113206 0.627979
vt 0.118200 0.635722
vt 0.114675 0.635722
vt 0.395757 0.802345
vt 0.387758 0.804936
vt 0.387758 0.802039
vt 0.395757 0.809312
vt 0.395757 0.798862
vt 0.125250 0.635722
vt 0.139349 0.635722
vt 0.383241 0.806077
vt 0.383241 0.803807
vt 0.387758 0.799143
vt 0.395757 0.795378
vt 0.386520 0.798683
vt 0.201681 0.749337
vt 0.200422 0.749381
vt 0.206510 0.741418
vt 0.207636 0.741561
vt 0.111150 0.635722
vt 0.109471 0.627979
vt 0.212243 0.732689
vt 0.378723 0.818116
vt 0.381989 0.803436
vt 0.378723 0.818553
vt 0.377609 0.818027
vt 0.377609 0.818475
vt 0.404726 0.844756
vt 0.404271 0.840138
vt 0.402446 0.840501
vt 0.403793 0.844942
vt 0.400727 0.841213
vt 0.399181 0.842246
vt 0.402125 0.845834
vt 0.397865 0.843562
vt 0.401453 0.846506
vt 0.396832 0.845109
vt 0.400925 0.847296
vt 0.396120 0.846827
vt 0.400561 0.848174
vt 0.395757 0.848652
vt 0.395757 0.850512
vt 0.400375 0.850057
vt 0.396120 0.852337
vt 0.396832 0.854055
vt 0.400925 0.851868
vt 0.397865 0.855602
vt 0.401453 0.852658
vt 0.399181 0.856917
vt 0.400728 0.857951
vt 0.402915 0.853858
vt 0.402446 0.858663
vt 0.403793 0.854222
vt 0.404271 0.859026
vt 0.406131 0.859026
vt 0.405676 0.854407
vt 0.407956 0.858663
vt 0.409674 0.857951
vt 0.407486 0.853858
vt 0.411221 0.856917
vt 0.408277 0.853330
vt 0.412536 0.855602
vt 0.408949 0.852658
vt 0.413570 0.854055
vt 0.409477 0.851868
vt 0.414282 0.852337
vt 0.409841 0.850989
vt 0.414645 0.850512
vt 0.414645 0.848652
vt 0.410026 0.849107
vt 0.414282 0.846827
vt 0.413570 0.845109
vt 0.409477 0.847296
vt 0.412536 0.843562
vt 0.408949 0.846506
vt 0.411221 0.842246
vt 0.408277 0.845834
vt 0.409674 0.841213
vt 0.407486 0.845306
vt 0.407955 0.840501
vt 0.402915 0.845306
vt 0.406131 0.840138
vt 0.405676 0.844756
vt 0.748487 0.391397
vt 0.747797 0.384393
vt 0.744641 0.388240
vt 0.231199 0.891106
vt 0.230753 0.907059
vt 0.233733 0.907121
vt 0.228702 0.890996
vt 0.227979 0.906935
vt 0.225518 0.906757
vt 0.223466 0.906529
vt 0.226488 0.890835
vt 0.418437 0.715812
vt 0.419694 0.731501
vt 0.421651 0.731713
vt 0.417311 0.731335
vt 0.413846 0.715559
vt 0.414593 0.731220
vt 0.411194 0.715507
vt 0.411646 0.731162
vt 0.408437 0.715507
vt 0.408582 0.731162
vt 0.405681 0.715559
vt 0.405520 0.731220
vt 0.403032 0.715663
vt 0.402577 0.731335
vt 0.400592 0.715812
vt 0.399865 0.731501
vt 0.398454 0.716003
vt 0.397490 0.731713
vt 0.313299 0.899149
vt 0.313900 0.914279
vt 0.316615 0.914611
vt 0.310648 0.898965
vt 0.310955 0.914075
vt 0.307892 0.898903
vt 0.307892 0.914006
vt 0.305135 0.898965
vt 0.304828 0.914075
vt 0.302484 0.899149
vt 0.301883 0.914279
vt 0.300041 0.899448
vt 0.299169 0.914611
vt 0.418530 0.580947
vt 0.420907 0.581136
vt 0.419793 0.565436
vt 0.415213 0.565139
vt 0.415817 0.580807
vt 0.412873 0.580720
vt 0.409806 0.565035
vt 0.409810 0.580691
vt 0.407050 0.565062
vt 0.406747 0.580720
vt 0.403800 0.580807
vt 0.401953 0.565266
vt 0.401084 0.580947
vt 0.399810 0.565436
vt 0.398702 0.581136
vt 0.244389 0.890835
vt 0.245409 0.906757
vt 0.247703 0.906529
vt 0.242004 0.890996
vt 0.242759 0.906935
vt 0.239390 0.891106
vt 0.239854 0.907059
vt 0.236647 0.891163
vt 0.236807 0.907121
vt 0.233881 0.891163
vt 0.232731 0.880518
vt 0.231555 0.885932
vt 0.234024 0.885984
vt 0.229258 0.885830
vt 0.229567 0.880335
vt 0.227220 0.885682
vt 0.228327 0.880198
vt 0.225520 0.885493
vt 0.415253 0.841332
vt 0.413451 0.839529
vt 0.415620 0.710693
vt 0.417594 0.710831
vt 0.415066 0.706029
vt 0.411984 0.705859
vt 0.413370 0.710598
vt 0.410203 0.705824
vt 0.410929 0.710550
vt 0.408391 0.710550
vt 0.405855 0.710598
vt 0.408351 0.705824
vt 0.404721 0.705929
vt 0.403417 0.710693
vt 0.403082 0.706029
vt 0.401171 0.710831
vt 0.401647 0.706157
vt 0.399204 0.711006
vt 0.312868 0.894432
vt 0.315116 0.894707
vt 0.313164 0.890419
vt 0.309743 0.890096
vt 0.310429 0.894263
vt 0.307892 0.890054
vt 0.307892 0.894206
vt 0.305355 0.894263
vt 0.302915 0.894432
vt 0.306040 0.890096
vt 0.302619 0.890419
vt 0.300667 0.894707
vt 0.417027 0.560290
vt 0.418996 0.560447
vt 0.416507 0.555621
vt 0.413431 0.555422
vt 0.414780 0.560174
vt 0.412341 0.560102
vt 0.409800 0.555352
vt 0.409805 0.560078
vt 0.407949 0.555370
vt 0.407267 0.560102
vt 0.404827 0.560174
vt 0.402577 0.560290
vt 0.406168 0.555422
vt 0.403087 0.555621
vt 0.400605 0.560447
vt 0.241589 0.880335
vt 0.243694 0.885682
vt 0.245594 0.885493
vt 0.239987 0.880443
vt 0.241499 0.885830
vt 0.239093 0.885932
vt 0.236390 0.880556
vt 0.236569 0.885984
vt 0.246453 0.890630
vt 0.404398 0.565139
vt 0.412563 0.565062
vt 0.417654 0.565266
vt 0.315742 0.899448
vt 0.416292 0.715663
vt 0.420198 0.716003
vt 0.419216 0.711006
vt 0.224641 0.890630
vt 0.400375 0.849107
vt 0.400561 0.850989
vt 0.402125 0.853330
vt 0.404726 0.854407
vt 0.406608 0.854222
vt 0.410026 0.850057
vt 0.409841 0.848174
vt 0.406608 0.844942
vt 0.751644 0.387550
vt 0.750862 0.390128
vt 0.751644 0.388240
vt 0.751510 0.388917
vt 0.751246 0.389554
vt 0.749801 0.390999
vt 0.750375 0.390615
vt 0.749164 0.391263
vt 0.747121 0.391263
vt 0.747797 0.391397
vt 0.745910 0.390615
vt 0.746484 0.390999
vt 0.745039 0.389554
vt 0.745422 0.390128
vt 0.744775 0.388917
vt 0.744775 0.386874
vt 0.744641 0.387550
vt 0.745422 0.385663
vt 0.745039 0.386236
vt 0.746484 0.384792
vt 0.745910 0.385175
vt 0.747121 0.384528
vt 0.749164 0.384528
vt 0.748487 0.384393
vt 0.750375 0.385175
vt 0.749801 0.384792
vt 0.750862 0.385663
vt 0.751246 0.386236
vt 0.751510 0.386874
vt 0.234532 0.880556
vt 0.231054 0.880443
vt 0.413626 0.705929
vt 0.406500 0.705859
vt 0.311523 0.890219
vt 0.304260 0.890219
vt 0.415070 0.555507
vt 0.411651 0.555370
vt 0.404526 0.555507
vt 0.242975 0.880198
vt 0.238232 0.880518
vt 0.714224 0.386823
vt 0.714087 0.387510
vt 0.715193 0.387619
vt 0.714087 0.388210
vt 0.713117 0.388306
vt 0.713117 0.387414
vt 0.713291 0.386540
vt 0.714492 0.386175
vt 0.713632 0.385716
vt 0.712526 0.386307
vt 0.712927 0.385339
vt 0.713509 0.384467
vt 0.712403 0.385059
vt 0.725729 0.396173
vt 0.725023 0.396918
vt 0.725688 0.397118
vt 0.725070 0.395868
vt 0.713050 0.384090
vt 0.724379 0.395682
vt 0.724451 0.394693
vt 0.725137 0.394937
vt 0.724543 0.393869
vt 0.723758 0.394614
vt 0.723852 0.393773
vt 0.775289 0.401640
vt 0.775187 0.402440
vt 0.775864 0.402344
vt 0.723086 0.394701
vt 0.723177 0.393877
vt 0.774498 0.402331
vt 0.775964 0.401560
vt 0.775375 0.400666
vt 0.774598 0.401546
vt 0.776049 0.400604
vt 0.775443 0.399554
vt 0.774683 0.400590
vt 0.775490 0.398347
vt 0.774749 0.399500
vt 0.776116 0.399513
vt 0.774795 0.398316
vt 0.773998 0.400381
vt 0.774061 0.399353
vt 0.775514 0.397092
vt 0.774819 0.397086
vt 0.774104 0.398239
vt 0.775514 0.395838
vt 0.774819 0.395855
vt 0.774127 0.397080
vt 0.775490 0.394631
vt 0.774795 0.394672
vt 0.774127 0.395921
vt 0.775443 0.393520
vt 0.774749 0.393582
vt 0.774104 0.394806
vt 0.774061 0.393779
vt 0.773405 0.394103
vt 0.773444 0.395028
vt 0.774703 0.384924
vt 0.774855 0.384114
vt 0.774166 0.383694
vt 0.748364 0.393151
vt 0.748727 0.394348
vt 0.749236 0.393733
vt 0.747986 0.393852
vt 0.747395 0.392750
vt 0.746367 0.392545
vt 0.747162 0.393511
vt 0.774590 0.385849
vt 0.773997 0.384594
vt 0.746878 0.394440
vt 0.746191 0.394304
vt 0.746288 0.393337
vt 0.745491 0.394304
vt 0.746081 0.395408
vt 0.745599 0.395408
vt 0.744804 0.394440
vt 0.745126 0.395502
vt 0.745717 0.396607
vt 0.744680 0.395687
vt 0.745475 0.396655
vt 0.745248 0.396749
vt 0.745839 0.397855
vt 0.745044 0.396886
vt 0.744279 0.395955
vt 0.744870 0.398652
vt 0.745044 0.398825
vt 0.745248 0.398962
vt 0.744733 0.398447
vt 0.744870 0.397060
vt 0.745475 0.399056
vt 0.744733 0.397264
vt 0.745717 0.399104
vt 0.744639 0.397491
vt 0.746636 0.396886
vt 0.746431 0.396749
vt 0.746204 0.396655
vt 0.746204 0.399056
vt 0.746431 0.398962
vt 0.745963 0.399104
vt 0.744591 0.397733
vt 0.745963 0.396607
vt 0.746809 0.397060
vt 0.746946 0.397264
vt 0.747040 0.397491
vt 0.747088 0.397733
vt 0.747088 0.397979
vt 0.747040 0.398220
vt 0.746946 0.398447
vt 0.746809 0.398652
vt 0.746636 0.398825
vt 0.744591 0.397979
vt 0.744639 0.398220
vt 0.743669 0.399017
vt 0.743937 0.399418
vt 0.742422 0.398897
vt 0.742690 0.399544
vt 0.743485 0.398572
vt 0.743574 0.400622
vt 0.743079 0.400126
vt 0.744279 0.399760
vt 0.744680 0.400028
vt 0.744156 0.401011
vt 0.745126 0.400212
vt 0.744803 0.401279
vt 0.744522 0.402215
vt 0.743698 0.401874
vt 0.745396 0.402389
vt 0.744291 0.402984
vt 0.743322 0.402583
vt 0.744119 0.403557
vt 0.743043 0.403112
vt 0.742451 0.402001
vt 0.742075 0.402465
vt 0.741709 0.401259
vt 0.742957 0.401378
vt 0.741251 0.401641
vt 0.741127 0.400388
vt 0.742326 0.400748
vt 0.740604 0.400672
vt 0.774283 0.410102
vt 0.773627 0.410335
vt 0.773666 0.411338
vt 0.741831 0.400007
vt 0.740726 0.399419
vt 0.774327 0.411217
vt 0.773686 0.412382
vt 0.741490 0.399183
vt 0.740521 0.398391
vt 0.774349 0.412376
vt 0.773686 0.413425
vt 0.741316 0.398309
vt 0.740521 0.397343
vt 0.774349 0.413535
vt 0.741316 0.397417
vt 0.740726 0.396315
vt 0.773666 0.414428
vt 0.775041 0.413600
vt 0.775018 0.414783
vt 0.774327 0.414650
vt 0.774972 0.415874
vt 0.774283 0.415677
vt 0.773627 0.415352
vt 0.741490 0.396543
vt 0.741127 0.395346
vt 0.741831 0.395719
vt 0.774166 0.392097
vt 0.774855 0.391676
vt 0.774703 0.390866
vt 0.741709 0.394475
vt 0.773997 0.391196
vt 0.774590 0.389942
vt 0.742326 0.394978
vt 0.742451 0.393733
vt 0.773872 0.390169
vt 0.774520 0.388938
vt 0.742957 0.394348
vt 0.743322 0.393151
vt 0.773794 0.389054
vt 0.774496 0.387895
vt 0.743698 0.393852
vt 0.744522 0.393511
vt 0.744291 0.392750
vt 0.745319 0.392545
vt 0.745396 0.393337
vt 0.774520 0.386852
vt 0.773872 0.385621
vt 0.773794 0.386736
vt 0.773070 0.386665
vt 0.773152 0.385481
vt 0.773042 0.387895
vt 0.772346 0.387895
vt 0.772374 0.386641
vt 0.773070 0.389126
vt 0.772374 0.389150
vt 0.771733 0.389126
vt 0.771733 0.386665
vt 0.771705 0.387895
vt 0.771250 0.385621
vt 0.771173 0.386736
vt 0.771815 0.385481
vt 0.771375 0.384594
vt 0.772457 0.385434
vt 0.771948 0.384391
vt 0.776049 0.392639
vt 0.776742 0.393805
vt 0.776679 0.392905
vt 0.775375 0.392545
vt 0.776116 0.393595
vt 0.772593 0.384322
vt 0.776785 0.394832
vt 0.776162 0.394685
vt 0.776807 0.395946
vt 0.776185 0.395869
vt 0.776807 0.397105
vt 0.776185 0.397099
vt 0.776162 0.398330
vt 0.776785 0.398265
vt 0.776742 0.399379
vt 0.718167 0.382538
vt 0.717060 0.381947
vt 0.717119 0.382538
vt 0.715918 0.382174
vt 0.718225 0.381947
vt 0.776679 0.400407
vt 0.716091 0.382743
vt 0.714842 0.382620
vt 0.776599 0.401307
vt 0.715122 0.383144
vt 0.713873 0.383267
vt 0.776504 0.402046
vt 0.714250 0.383726
vt 0.725223 0.394160
vt 0.714127 0.384975
vt 0.714758 0.384344
vt 0.715376 0.385098
vt 0.714881 0.385593
vt 0.715958 0.384709
vt 0.716081 0.385957
vt 0.715740 0.386298
vt 0.143397 0.770144
vt 0.138459 0.767504
vt 0.142621 0.770920
vt 0.137263 0.769294
vt 0.139982 0.765982
vt 0.715472 0.386700
vt 0.141591 0.772846
vt 0.142011 0.771832
vt 0.715288 0.387145
vt 0.136440 0.771283
vt 0.141377 0.773923
vt 0.136020 0.773395
vt 0.146949 0.774471
vt 0.141377 0.775020
vt 0.136020 0.775548
vt 0.136440 0.777659
vt 0.715193 0.388101
vt 0.714224 0.388897
vt 0.715288 0.388574
vt 0.713291 0.389180
vt 0.714492 0.389544
vt 0.713632 0.390004
vt 0.715472 0.389020
vt 0.714881 0.390127
vt 0.715740 0.389421
vt 0.715376 0.390622
vt 0.714127 0.390745
vt 0.716081 0.389762
vt 0.715958 0.391011
vt 0.714758 0.391375
vt 0.716483 0.390030
vt 0.716606 0.391279
vt 0.715499 0.391870
vt 0.716928 0.390215
vt 0.717293 0.391416
vt 0.716323 0.392212
vt 0.717402 0.390309
vt 0.717993 0.391416
vt 0.717197 0.392386
vt 0.717884 0.390309
vt 0.718680 0.391279
vt 0.718089 0.392386
vt 0.718357 0.390215
vt 0.718963 0.392212
vt 0.719327 0.391011
vt 0.148025 0.785400
vt 0.150136 0.784980
vt 0.148574 0.779829
vt 0.149588 0.779409
vt 0.152125 0.784156
vt 0.718803 0.390030
vt 0.150500 0.778799
vt 0.153915 0.782960
vt 0.719910 0.390622
vt 0.719204 0.389762
vt 0.719787 0.391870
vt 0.720528 0.391375
vt 0.720405 0.390127
vt 0.719813 0.389020
vt 0.719545 0.389421
vt 0.721158 0.390745
vt 0.720794 0.389544
vt 0.719998 0.388574
vt 0.164844 0.784037
vt 0.162205 0.779099
vt 0.161009 0.781987
vt 0.721654 0.390004
vt 0.721062 0.388897
vt 0.721199 0.388210
vt 0.166367 0.780362
vt 0.162815 0.776034
vt 0.720092 0.387619
vt 0.720092 0.388101
vt 0.722169 0.388306
vt 0.722169 0.387414
vt 0.167143 0.776460
vt 0.721199 0.387510
vt 0.721995 0.386540
vt 0.722965 0.387336
vt 0.722965 0.388384
vt 0.722760 0.386307
vt 0.723329 0.386135
vt 0.723556 0.387277
vt 0.722760 0.389412
vt 0.723556 0.388442
vt 0.723329 0.389585
vt 0.722883 0.390661
vt 0.771173 0.389054
vt 0.771146 0.387895
vt 0.771250 0.390169
vt 0.771375 0.391196
vt 0.771815 0.390309
vt 0.722236 0.391629
vt 0.722359 0.390381
vt 0.771948 0.391400
vt 0.772457 0.390356
vt 0.776964 0.415651
vt 0.776271 0.416816
vt 0.776901 0.416551
vt 0.776338 0.415861
vt 0.772593 0.391468
vt 0.775597 0.416910
vt 0.777007 0.414624
vt 0.776384 0.414770
vt 0.775665 0.415936
vt 0.777029 0.413509
vt 0.776408 0.413587
vt 0.775712 0.414824
vt 0.777029 0.412350
vt 0.776408 0.412356
vt 0.775736 0.413618
vt 0.777007 0.411191
vt 0.776384 0.411126
vt 0.775736 0.412363
vt 0.776964 0.410076
vt 0.776338 0.409943
vt 0.775712 0.411108
vt 0.776271 0.408852
vt 0.775665 0.409902
vt 0.776901 0.409049
vt 0.775597 0.408790
vt 0.774972 0.409956
vt 0.774905 0.408865
vt 0.774820 0.407909
vt 0.774140 0.408174
vt 0.774220 0.409075
vt 0.775511 0.407815
vt 0.723086 0.402692
vt 0.723177 0.403614
vt 0.723852 0.403701
vt 0.774046 0.407435
vt 0.774720 0.407125
vt 0.723758 0.402761
vt 0.723014 0.401627
vt 0.722391 0.401477
vt 0.722459 0.402480
vt 0.723685 0.401675
vt 0.722964 0.400461
vt 0.722345 0.400378
vt 0.722321 0.399224
vt 0.745262 0.403785
vt 0.745319 0.403189
vt 0.746427 0.403785
vt 0.747395 0.402984
vt 0.747569 0.403557
vt 0.746367 0.403189
vt 0.722939 0.399236
vt 0.722321 0.398061
vt 0.747162 0.402215
vt 0.746287 0.402389
vt 0.746191 0.401415
vt 0.745490 0.401415
vt 0.746878 0.401279
vt 0.746554 0.400212
vt 0.746081 0.400306
vt 0.745599 0.400306
vt 0.747000 0.400028
vt 0.747525 0.401011
vt 0.747401 0.399760
vt 0.748107 0.400622
vt 0.748603 0.400126
vt 0.748727 0.401378
vt 0.747985 0.401874
vt 0.749235 0.402001
vt 0.748364 0.402583
vt 0.748645 0.403112
vt 0.749614 0.402465
vt 0.749977 0.401259
vt 0.750437 0.401641
vt 0.750559 0.400388
vt 0.749357 0.400748
vt 0.750960 0.399419
vt 0.749852 0.400007
vt 0.751085 0.400672
vt 0.750194 0.399183
vt 0.748992 0.399544
vt 0.749260 0.398897
vt 0.749397 0.398210
vt 0.748011 0.399017
vt 0.748195 0.398572
vt 0.750368 0.398309
vt 0.749397 0.397509
vt 0.748289 0.398098
vt 0.750368 0.397417
vt 0.749260 0.396822
vt 0.748289 0.397616
vt 0.750194 0.396543
vt 0.748992 0.396175
vt 0.748195 0.397143
vt 0.749853 0.395719
vt 0.748603 0.395593
vt 0.748011 0.396697
vt 0.748108 0.395098
vt 0.747743 0.396296
vt 0.749357 0.394978
vt 0.747401 0.395955
vt 0.747525 0.394708
vt 0.747000 0.395687
vt 0.746554 0.395502
vt 0.749977 0.394475
vt 0.773464 0.396031
vt 0.773464 0.397074
vt 0.750559 0.395346
vt 0.773444 0.398117
vt 0.750960 0.396315
vt 0.773405 0.399120
vt 0.751165 0.397343
vt 0.751758 0.398454
vt 0.751758 0.397289
vt 0.751165 0.398391
vt 0.751530 0.399596
vt 0.773918 0.401281
vt 0.773824 0.402020
vt 0.747743 0.399418
vt 0.722545 0.394176
vt 0.722459 0.394953
vt 0.722391 0.395884
vt 0.723014 0.395690
vt 0.722345 0.396933
vt 0.722964 0.396804
vt 0.723685 0.395621
vt 0.724330 0.396796
vt 0.723635 0.396758
vt 0.724305 0.397994
vt 0.722939 0.398002
vt 0.723609 0.397979
vt 0.723609 0.399237
vt 0.724305 0.399228
vt 0.723635 0.400486
vt 0.724330 0.400452
vt 0.724999 0.399209
vt 0.725023 0.400362
vt 0.724379 0.401619
vt 0.725070 0.401461
vt 0.724451 0.402684
vt 0.725137 0.402464
vt 0.724543 0.403606
vt 0.725223 0.403332
vt 0.776186 0.407896
vt 0.776821 0.408148
vt 0.713050 0.391629
vt 0.713873 0.392453
vt 0.714250 0.391993
vt 0.715122 0.392576
vt 0.714842 0.393100
vt 0.716091 0.392977
vt 0.717119 0.393182
vt 0.715918 0.393546
vt 0.718167 0.393182
vt 0.717060 0.393773
vt 0.719195 0.392977
vt 0.718225 0.393773
vt 0.720164 0.392576
vt 0.719368 0.393546
vt 0.721035 0.391993
vt 0.720444 0.393100
vt 0.721412 0.392453
vt 0.721777 0.391252
vt 0.713509 0.391252
vt 0.712403 0.390661
vt 0.712927 0.390381
vt 0.712526 0.389412
vt 0.725729 0.401207
vt 0.725688 0.400218
vt 0.712321 0.388384
vt 0.725666 0.399180
vt 0.725666 0.398133
vt 0.712321 0.387336
vt 0.724999 0.398046
vt 0.775018 0.411139
vt 0.775041 0.412370
vt 0.773464 0.392356
vt 0.772776 0.392443
vt 0.773285 0.391400
vt 0.773152 0.390309
vt 0.721995 0.389180
vt 0.721654 0.385716
vt 0.722883 0.385059
vt 0.722359 0.385339
vt 0.721158 0.384975
vt 0.721777 0.384467
vt 0.722236 0.384090
vt 0.720528 0.384344
vt 0.721035 0.383726
vt 0.721412 0.383267
vt 0.719787 0.383849
vt 0.720164 0.383144
vt 0.720444 0.382620
vt 0.718963 0.383508
vt 0.719195 0.382743
vt 0.719368 0.382174
vt 0.718089 0.383334
vt 0.718680 0.384441
vt 0.717993 0.384304
vt 0.717197 0.383334
vt 0.717293 0.384304
vt 0.716323 0.383508
vt 0.716606 0.384441
vt 0.715499 0.383849
vt 0.716483 0.385689
vt 0.716928 0.385505
vt 0.717402 0.385410
vt 0.145323 0.769114
vt 0.143761 0.763962
vt 0.141772 0.764786
vt 0.144309 0.769534
vt 0.145872 0.763542
vt 0.146400 0.768900
vt 0.147497 0.768900
vt 0.148574 0.769114
vt 0.148025 0.763542
vt 0.149588 0.769534
vt 0.150136 0.763962
vt 0.150500 0.770144
vt 0.152125 0.764786
vt 0.151276 0.770920
vt 0.153915 0.765982
vt 0.155438 0.767504
vt 0.720405 0.385593
vt 0.719204 0.385957
vt 0.719545 0.386298
vt 0.719910 0.385098
vt 0.718803 0.385689
vt 0.720794 0.386175
vt 0.721062 0.386823
vt 0.719998 0.387145
vt 0.719813 0.386700
vt 0.152520 0.773923
vt 0.157877 0.773395
vt 0.157457 0.771283
vt 0.152306 0.772846
vt 0.156634 0.769294
vt 0.157877 0.775548
vt 0.152520 0.775020
vt 0.152306 0.776096
vt 0.151886 0.777110
vt 0.157457 0.777659
vt 0.151276 0.778023
vt 0.156634 0.779648
vt 0.155438 0.781438
vt 0.151886 0.771832
vt 0.719327 0.384709
vt 0.718357 0.385505
vt 0.717884 0.385410
vt 0.147497 0.780043
vt 0.145872 0.785400
vt 0.146400 0.780043
vt 0.145323 0.779829
vt 0.144309 0.779409
vt 0.143761 0.784980
vt 0.143397 0.778799
vt 0.139982 0.782960
vt 0.141772 0.784156
vt 0.142621 0.778023
vt 0.142011 0.777110
vt 0.138459 0.781438
vt 0.137263 0.779648
vt 0.141591 0.776096
vt 0.773464 0.383435
vt 0.772776 0.383348
vt 0.773285 0.384391
vt 0.773768 0.387895
vt 0.744156 0.394708
vt 0.743574 0.395098
vt 0.743079 0.395593
vt 0.743669 0.396697
vt 0.742690 0.396175
vt 0.743938 0.396296
vt 0.743485 0.397143
vt 0.742422 0.396822
vt 0.743391 0.397616
vt 0.742285 0.397509
vt 0.743391 0.398098
vt 0.742285 0.398210
s 1
usemtl マテリアル.003
f 2/1/1 6/2/1 1/3/1
f 2/1/1 1/3/1 3/4/1
f 1/3/2 4/5/2 3/4/2
f 1/3/2 7/6/2 4/5/2
f 5/7/3 7/6/3 1/3/3
f 5/7/4 1/3/4 6/2/4
f 8/8/5 7/9/5 5/10/5
f 9/11/6 4/12/6 7/13/6
f 8/8/7 9/14/7 7/9/7
f 10/15/8 11/16/8 9/17/8
f 10/15/9 9/17/9 8/18/9
f 9/11/6 11/19/6 4/12/6
f 12/20/10 13/21/10 11/16/10
f 12/20/11 11/16/11 10/15/11
f 11/19/6 13/22/6 14/23/6
f 11/19/6 14/23/6 4/12/6
f 13/22/6 15/24/6 14/23/6
f 16/25/2 14/26/2 15/27/2
f 3/4/2 4/5/2 14/26/2
f 3/4/2 14/26/2 16/25/2
f 16/25/2 15/27/2 17/28/2
f 18/29/1 16/25/1 17/28/1
f 18/29/1 19/30/1 16/25/1
f 19/30/1 3/4/1 16/25/1
f 19/30/1 2/1/1 3/4/1
f 21/31/1 2/1/1 19/30/1
f 20/32/1 21/31/1 19/30/1
f 20/32/1 19/30/1 18/29/1
f 22/33/12 23/34/12 21/31/12
f 22/33/12 21/31/12 20/32/12
f 23/34/12 24/35/12 21/31/12
f 21/31/1 24/35/1 2/1/1
f 23/34/12 25/36/12 24/35/12
f 25/36/12 26/37/12 24/35/12
f 24/35/1 26/37/1 6/2/1
f 24/35/1 6/2/1 2/1/1
f 25/36/12 29/38/12 26/37/12
f 28/39/13 27/40/14 26/37/15
f 27/40/16 6/2/16 26/37/16
f 28/39/13 26/37/15 29/38/17
f 30/41/18 32/42/18 29/38/18
f 30/41/18 29/38/18 25/36/18
f 31/43/19 28/39/20 29/38/21
f 31/43/19 29/38/21 32/42/22
f 34/44/23 33/45/23 32/42/23
f 35/46/24 32/47/24 33/48/24
f 34/44/23 32/42/23 30/41/23
f 35/46/25 31/49/25 32/47/25
f 36/50/26 35/46/26 33/48/26
f 38/51/27 35/46/27 36/50/27
f 37/52/28 31/49/29 35/46/30
f 38/51/31 37/52/28 35/46/30
f 39/53/32 38/51/33 36/50/34
f 41/54/35 38/51/35 39/53/35
f 40/55/36 37/52/36 38/51/36
f 41/54/37 40/55/37 38/51/37
f 44/56/38 41/54/38 39/53/38
f 43/57/39 42/58/39 41/59/39
f 42/60/40 40/55/41 41/54/42
f 43/57/43 41/59/43 44/61/43
f 46/62/44 44/61/44 45/63/44
f 44/61/44 48/64/44 45/63/44
f 46/62/45 43/57/45 44/61/45
f 44/56/46 39/53/46 47/65/46
f 44/61/47 47/66/47 48/64/47
f 45/63/48 48/64/48 51/67/48
f 48/64/49 47/66/49 49/68/49
f 48/64/50 49/68/50 50/69/50
f 51/67/51 48/64/51 50/69/51
f 52/70/52 54/71/53 51/67/52
f 52/70/52 51/67/52 53/72/52
f 51/67/54 50/69/54 53/72/54
f 45/63/55 51/67/55 54/71/55
f 46/62/56 45/63/56 54/71/56
f 46/62/57 54/71/57 56/73/57
f 55/74/52 56/73/52 54/71/53
f 55/74/52 54/71/53 52/70/52
f 59/75/52 57/76/52 56/73/52
f 58/77/58 56/73/58 57/76/58
f 58/77/59 46/62/59 56/73/59
f 59/75/52 56/73/52 55/74/52
f 61/78/52 57/76/52 59/75/52
f 59/79/60 55/80/60 60/81/60
f 59/79/60 60/81/60 62/82/60
f 61/83/60 59/79/60 62/82/60
f 64/84/61 63/85/61 62/82/61
f 61/83/60 62/82/60 63/85/60
f 64/84/61 62/82/61 65/86/61
f 65/86/61 62/82/61 60/81/61
f 66/87/61 65/86/61 67/88/61
f 68/89/61 65/86/61 66/87/61
f 68/89/61 64/84/61 65/86/61
f 65/86/61 60/81/61 67/88/61
f 69/90/62 68/89/62 66/87/62
f 71/91/62 68/89/62 69/90/62
f 70/92/61 64/84/61 68/89/61
f 70/92/61 68/89/61 71/91/61
f 74/93/62 71/91/62 72/94/62
f 71/91/62 69/90/62 72/94/62
f 73/95/61 70/92/61 71/91/61
f 73/95/61 71/91/61 74/93/61
f 75/96/61 73/95/61 74/93/61
f 75/96/61 74/93/61 76/97/61
f 76/97/62 74/93/62 77/98/62
f 74/93/62 72/94/62 77/98/62
f 77/99/63 72/100/63 78/101/63
f 77/99/63 78/101/63 79/102/63
f 80/103/63 77/99/63 79/102/63
f 76/97/62 77/98/62 80/104/62
f 81/105/63 80/103/63 82/106/63
f 83/107/62 80/104/62 81/108/62
f 83/107/62 76/97/62 80/104/62
f 80/103/63 79/102/63 82/106/63
f 86/109/64 83/107/65 81/108/66
f 85/110/67 84/111/67 83/107/67
f 84/111/61 76/97/61 83/107/61
f 86/109/64 85/110/68 83/107/65
f 89/112/69 86/113/69 81/114/69
f 86/113/70 88/115/71 87/116/72
f 86/113/70 87/116/72 85/117/73
f 89/112/74 88/115/75 86/113/76
f 89/112/74 90/118/77 88/115/75
f 92/119/78 90/118/78 89/112/78
f 89/112/79 81/114/79 93/120/79
f 91/121/80 92/119/80 89/112/80
f 91/121/81 89/112/81 93/120/81
f 81/105/63 82/106/63 93/122/63
f 93/122/82 94/123/82 91/124/82
f 93/122/82 82/106/82 94/123/82
f 95/125/23 91/124/23 94/123/23
f 95/125/23 94/123/23 96/126/23
f 82/106/82 97/127/82 94/123/82
f 96/126/23 94/123/23 97/127/23
f 99/128/23 97/127/23 98/129/23
f 79/102/82 98/129/82 97/127/82
f 82/106/82 79/102/82 97/127/82
f 96/126/23 97/127/23 99/128/23
f 100/130/18 99/128/18 102/131/18
f 101/132/18 99/128/18 100/130/18
f 99/128/23 98/129/23 102/131/23
f 101/132/18 96/126/18 99/128/18
f 105/133/18 102/131/18 103/134/18
f 102/131/23 104/135/23 103/134/23
f 102/131/23 98/129/23 104/135/23
f 100/130/18 102/131/18 105/133/18
f 105/133/18 103/134/18 108/136/18
f 106/137/12 100/130/12 105/133/12
f 106/137/12 105/133/12 107/138/12
f 107/138/12 105/133/12 108/136/12
f 103/134/18 22/33/18 108/136/18
f 107/138/12 108/136/12 109/139/12
f 108/136/12 20/32/12 109/139/12
f 108/136/12 22/33/12 20/32/12
f 110/140/1 107/138/1 109/139/1
f 110/140/1 109/139/1 111/141/1
f 109/139/1 18/29/1 111/141/1
f 109/139/1 20/32/1 18/29/1
f 112/142/1 110/140/1 111/141/1
f 112/142/1 111/141/1 113/143/1
f 111/141/1 18/29/1 17/28/1
f 111/141/1 17/28/1 113/143/1
f 114/144/2 112/142/2 113/143/2
f 17/28/2 114/144/2 113/143/2
f 17/28/2 15/27/2 114/144/2
f 114/145/6 118/146/6 115/147/6
f 114/145/6 115/147/6 117/148/6
f 116/149/6 118/146/6 114/145/6
f 116/149/6 114/145/6 15/24/6
f 114/144/2 117/150/2 112/142/2
f 115/151/83 118/152/83 119/153/83
f 119/153/83 118/152/83 116/154/83
f 120/155/84 119/153/84 122/156/84
f 121/157/85 119/153/85 120/155/85
f 115/151/86 119/153/86 121/157/86
f 119/153/87 116/154/87 122/156/87
f 120/155/88 122/156/88 123/158/88
f 123/159/89 122/160/89 12/161/89
f 122/156/90 116/154/90 13/21/90
f 122/156/91 13/21/91 12/20/91
f 126/162/92 120/163/92 123/159/92
f 124/164/93 123/159/93 125/165/93
f 126/162/94 123/159/94 124/164/94
f 123/159/95 12/161/95 125/165/95
f 127/166/96 120/163/96 126/162/96
f 127/166/97 126/162/97 128/167/97
f 128/167/98 126/162/98 129/168/98
f 129/168/99 126/162/99 124/164/99
f 128/167/100 129/168/100 130/169/100
f 130/170/101 129/171/101 132/172/101
f 129/168/102 124/164/102 131/173/102
f 132/172/103 129/171/103 131/174/103
f 130/170/104 132/172/104 133/175/104
f 133/175/105 132/172/105 135/176/105
f 132/172/106 131/174/106 134/177/106
f 135/176/107 132/172/107 134/177/107
f 136/178/108 135/176/109 138/179/110
f 137/180/111 135/176/112 136/178/113
f 133/175/114 135/176/114 137/180/114
f 135/176/115 134/177/115 138/179/115
f 136/178/108 138/179/110 139/181/116
f 138/179/117 134/177/117 140/182/117
f 139/181/118 138/179/118 141/183/118
f 138/179/119 140/182/119 141/183/119
f 141/184/120 140/185/121 142/186/120
f 42/60/40 141/184/122 40/55/41
f 139/181/123 141/183/123 42/58/123
f 141/184/120 142/186/120 40/55/124
f 140/185/125 144/187/126 142/186/127
f 142/186/128 144/187/128 143/188/128
f 142/186/129 143/188/129 37/52/129
f 40/55/130 142/186/130 37/52/130
f 140/185/125 147/189/131 144/187/126
f 144/187/132 146/190/132 143/188/132
f 144/187/133 145/191/133 146/190/133
f 147/189/134 145/191/135 144/187/136
f 134/177/137 147/192/137 140/182/137
f 134/177/138 131/174/138 147/192/138
f 131/173/139 148/193/139 147/194/139
f 147/189/134 148/195/140 145/191/135
f 131/173/141 124/164/141 148/193/141
f 124/164/142 125/165/142 148/193/142
f 148/195/143 125/196/143 149/197/143
f 148/195/144 149/197/144 145/191/144
f 145/191/145 149/197/145 150/198/145
f 149/199/146 10/15/146 8/18/146
f 149/199/147 8/18/147 150/200/147
f 125/196/148 10/201/148 149/197/148
f 146/190/149 150/198/150 27/202/151
f 145/191/152 150/198/152 146/190/152
f 150/198/153 8/8/153 5/10/153
f 150/198/154 5/10/154 27/202/154
f 143/188/155 146/190/156 28/203/157
f 146/190/149 27/202/151 28/203/158
f 143/188/155 28/203/157 31/49/159
f 37/52/160 143/188/160 31/49/160
f 151/204/161 136/178/161 139/181/161
f 151/204/162 139/181/162 152/205/162
f 152/205/163 139/181/163 42/58/163
f 58/77/164 152/205/164 43/57/164
f 153/206/165 152/205/165 58/77/165
f 152/205/166 42/58/166 43/57/166
f 153/206/167 151/204/167 152/205/167
f 153/206/168 57/76/168 154/207/168
f 155/208/168 153/206/168 154/207/168
f 155/208/169 157/209/169 153/206/169
f 156/210/170 151/204/170 153/206/170
f 156/210/171 153/206/171 157/209/171
f 153/206/172 58/77/172 57/76/172
f 158/211/173 156/210/173 157/209/173
f 158/211/174 157/209/174 159/212/174
f 160/213/175 159/212/175 157/209/175
f 160/213/58 157/209/58 155/208/58
f 160/213/52 155/208/52 161/214/52
f 160/213/52 161/214/52 162/215/52
f 163/216/52 160/213/52 162/215/52
f 163/216/57 159/212/57 160/213/57
f 164/217/52 163/216/52 165/218/53
f 164/217/176 166/219/176 163/216/176
f 163/216/177 166/219/177 159/212/177
f 163/216/52 162/215/52 165/218/53
f 164/217/178 167/220/178 166/219/178
f 167/220/179 168/221/179 166/219/179
f 168/221/179 159/212/179 166/219/179
f 168/221/180 158/211/180 159/212/180
f 169/222/181 158/211/181 168/221/181
f 88/115/182 169/223/182 168/224/182
f 167/220/183 87/225/183 168/221/183
f 88/115/184 168/224/184 87/116/184
f 169/222/185 171/226/185 158/211/185
f 90/118/186 170/227/186 169/223/186
f 90/118/187 169/223/187 88/115/187
f 170/227/188 171/228/189 169/223/190
f 171/226/191 172/229/191 156/210/191
f 173/230/192 172/229/192 171/226/192
f 171/226/193 156/210/193 158/211/193
f 170/227/188 173/231/194 171/228/189
f 173/230/195 137/180/195 172/229/195
f 174/232/196 137/180/196 173/230/196
f 175/233/197 174/234/198 173/231/197
f 175/233/197 173/231/197 170/227/199
f 178/235/200 176/236/200 175/233/200
f 176/236/201 174/234/202 175/233/203
f 177/237/204 175/233/204 170/227/204
f 178/235/205 175/233/205 177/237/205
f 181/238/206 178/235/206 177/237/206
f 180/239/207 179/240/208 178/235/209
f 179/240/210 176/236/210 178/235/210
f 180/239/207 178/235/209 181/238/211
f 182/241/212 180/242/213 181/243/214
f 95/244/215 181/238/215 92/119/215
f 182/241/212 181/243/214 95/125/216
f 181/238/217 177/237/218 92/119/219
f 182/241/18 95/125/18 96/126/18
f 182/241/18 96/126/18 101/132/18
f 183/245/12 182/241/12 101/132/12
f 183/245/220 180/242/221 182/241/222
f 183/245/12 101/132/12 184/246/12
f 185/247/1 183/245/1 184/246/1
f 185/247/223 186/248/223 183/245/223
f 183/245/220 186/248/224 180/242/221
f 186/249/225 179/240/226 180/239/227
f 186/249/225 187/250/228 179/240/226
f 188/251/229 187/250/229 186/249/229
f 185/247/230 188/252/230 186/248/230
f 188/251/231 190/253/231 187/250/231
f 191/254/232 189/255/232 188/252/232
f 189/256/233 190/253/233 188/251/233
f 191/254/234 188/252/234 185/247/234
f 191/254/1 185/247/1 192/257/1
f 191/254/1 192/257/1 193/258/1
f 194/259/2 191/254/2 193/258/2
f 194/259/2 189/255/2 191/254/2
f 194/260/6 196/261/6 189/262/6
f 194/260/6 195/263/6 196/261/6
f 197/264/6 195/263/6 194/260/6
f 197/265/2 194/259/2 193/258/2
f 197/264/6 198/266/6 195/263/6
f 117/148/6 198/266/6 197/264/6
f 117/150/2 197/265/2 199/267/2
f 197/265/2 193/258/2 199/267/2
f 199/267/1 200/268/1 110/140/1
f 199/267/1 110/140/1 112/142/1
f 193/258/1 200/268/1 199/267/1
f 117/150/2 199/267/2 112/142/2
f 200/268/1 107/138/1 110/140/1
f 200/268/1 106/137/1 107/138/1
f 192/257/1 106/137/1 200/268/1
f 193/258/1 192/257/1 200/268/1
f 195/269/10 198/270/10 201/271/10
f 198/270/235 121/157/235 201/271/235
f 117/148/6 115/147/6 198/266/6
f 198/270/90 115/151/90 121/157/90
f 201/272/236 121/273/236 127/166/236
f 203/274/237 201/275/237 202/276/237
f 201/272/238 127/166/238 202/277/238
f 195/269/239 201/271/239 203/278/239
f 203/274/240 202/276/240 204/279/240
f 196/280/8 195/269/8 203/278/8
f 190/281/241 203/278/241 204/282/241
f 196/280/242 203/278/242 190/281/242
f 187/250/243 204/279/243 206/283/243
f 190/281/244 204/282/244 187/284/244
f 204/279/245 202/276/245 205/285/245
f 204/279/246 205/285/247 206/283/248
f 187/250/249 206/283/249 179/240/249
f 206/283/248 205/285/247 207/286/250
f 206/283/248 207/286/250 176/236/251
f 179/240/252 206/283/252 176/236/252
f 207/287/253 130/170/253 133/175/253
f 207/287/254 133/175/254 174/232/254
f 205/288/255 130/169/255 207/289/255
f 176/236/201 207/286/256 174/234/202
f 202/277/257 128/167/257 205/288/257
f 205/288/258 128/167/258 130/169/258
f 202/277/259 127/166/259 128/167/259
f 189/256/260 196/290/260 190/253/260
f 192/257/1 184/246/1 106/137/1
f 185/247/1 184/246/1 192/257/1
f 184/246/12 101/132/12 100/130/12
f 184/246/12 100/130/12 106/137/12
f 92/119/219 177/237/218 90/118/261
f 177/237/262 170/227/262 90/118/262
f 174/232/263 133/175/263 137/180/263
f 137/180/111 136/178/113 172/229/264
f 172/229/265 151/204/265 156/210/265
f 172/229/266 136/178/266 151/204/266
f 208/291/267 167/220/267 164/217/267
f 85/292/268 87/225/268 167/220/268
f 85/292/269 167/220/269 208/291/269
f 208/293/270 210/294/270 209/295/270
f 208/293/271 209/295/271 84/111/271
f 208/291/272 164/217/272 210/296/272
f 85/110/273 208/293/273 84/111/273
f 209/295/60 210/294/60 165/297/60
f 164/217/52 165/218/53 210/296/53
f 209/295/61 211/298/61 75/96/61
f 209/295/61 75/96/61 84/111/61
f 209/295/60 165/297/60 211/298/60
f 211/298/61 212/299/61 73/95/61
f 211/298/60 162/300/60 212/299/60
f 211/298/61 73/95/61 75/96/61
f 211/298/60 165/297/60 162/300/60
f 212/299/61 213/301/61 70/92/61
f 212/299/61 70/92/61 73/95/61
f 212/299/60 162/300/60 161/302/60
f 212/299/60 161/302/60 213/301/60
f 213/301/61 63/85/61 64/84/61
f 213/301/60 61/83/60 63/85/60
f 213/301/61 64/84/61 70/92/61
f 213/301/60 161/302/60 61/83/60
f 155/208/52 61/78/52 161/214/52
f 155/208/52 154/207/52 61/78/52
f 61/78/52 154/207/52 57/76/52
f 121/157/274 120/155/274 127/303/274
f 125/196/275 12/304/275 10/201/275
f 13/22/6 116/149/6 15/24/6
f 98/129/82 214/305/82 104/135/82
f 104/135/82 214/305/82 215/306/82
f 104/135/23 217/307/23 103/134/23
f 104/135/82 215/306/82 216/308/82
f 104/135/23 216/308/23 217/307/23
f 103/134/18 217/307/18 22/33/18
f 217/307/18 23/34/18 22/33/18
f 217/307/18 218/309/18 23/34/18
f 216/308/23 218/309/23 217/307/23
f 216/308/23 219/310/23 218/309/23
f 219/310/23 30/41/23 218/309/23
f 218/309/18 25/36/18 23/34/18
f 218/309/18 30/41/18 25/36/18
f 220/311/82 34/44/82 219/310/82
f 216/308/82 220/311/82 219/310/82
f 219/310/23 34/44/23 30/41/23
f 220/311/82 222/312/82 34/44/82
f 220/311/63 223/313/63 221/314/63
f 220/311/63 221/314/63 222/312/63
f 215/306/63 223/313/63 220/311/63
f 216/308/82 215/306/82 220/311/82
f 223/315/62 224/316/62 225/317/62
f 226/318/62 224/316/62 223/315/62
f 223/315/62 225/317/62 221/319/62
f 215/306/63 226/320/63 223/313/63
f 214/305/63 69/321/63 226/320/63
f 214/305/63 226/320/63 215/306/63
f 69/90/62 66/87/62 226/318/62
f 226/318/62 66/87/62 224/316/62
f 225/317/61 227/322/61 228/323/61
f 224/316/61 227/322/61 225/317/61
f 225/317/61 228/323/61 229/324/61
f 221/319/62 225/317/62 229/324/62
f 221/319/62 229/324/62 231/325/62
f 228/323/276 49/326/276 229/324/276
f 229/327/277 49/328/278 230/329/279
f 229/327/277 230/329/279 231/330/280
f 222/312/63 221/314/63 231/331/63
f 222/312/63 231/331/63 232/332/63
f 231/330/281 36/50/281 232/333/281
f 231/330/282 230/329/282 36/50/282
f 222/312/82 232/332/82 33/45/82
f 36/50/283 33/48/283 232/333/283
f 47/65/284 39/53/285 230/329/286
f 39/53/32 36/50/34 230/329/287
f 47/65/284 230/329/286 49/328/288
f 227/322/61 233/334/61 228/323/61
f 228/323/289 50/335/289 49/326/289
f 233/334/290 50/335/290 228/323/290
f 227/322/61 234/336/61 233/334/61
f 233/334/291 53/337/291 50/335/291
f 52/338/60 53/337/60 233/334/60
f 52/338/60 233/334/60 234/336/60
f 67/88/61 60/81/61 234/336/61
f 67/88/61 234/336/61 227/322/61
f 55/80/60 234/336/60 60/81/60
f 55/80/60 52/338/60 234/336/60
f 224/316/61 67/88/61 227/322/61
f 66/87/61 67/88/61 224/316/61
f 222/312/82 33/45/82 34/44/82
f 98/129/82 78/101/82 214/305/82
f 72/100/63 69/321/63 214/305/63
f 72/100/63 214/305/63 78/101/63
f 79/102/82 78/101/82 98/129/82
f 95/244/292 92/119/292 91/121/292
f 84/111/61 75/96/61 76/97/61
f 58/77/293 43/57/293 46/62/293
f 27/40/294 5/7/294 6/2/294
f 236/339/295 331/340/296 332/341/296
f 238/342/297 332/341/297 333/343/297
f 333/343/298 334/344/298 242/345/298
f 242/345/299 334/344/299 335/346/299
f 244/347/300 335/346/300 336/348/300
f 246/349/301 336/348/302 337/350/302
f 248/351/303 337/350/304 338/352/304
f 338/352/305 339/353/305 252/354/305
f 252/354/306 339/353/306 340/355/306
f 340/355/307 341/356/307 256/357/308
f 341/356/309 342/358/309 258/359/310
f 258/359/311 342/358/311 343/360/311
f 343/360/312 344/361/312 262/362/312
f 262/362/313 344/361/314 345/363/314
f 264/364/315 345/363/315 346/365/315
f 346/365/316 347/366/316 268/367/316
f 268/367/317 347/366/317 348/368/317
f 348/368/318 349/369/318 272/370/318
f 349/369/319 350/371/319 274/372/320
f 274/372/321 350/371/321 351/373/321
f 276/374/322 351/373/322 352/375/322
f 278/376/323 352/375/323 353/377/323
f 280/378/324 353/377/324 354/379/324
f 354/379/325 355/380/325 284/381/326
f 284/381/327 355/380/328 356/382/328
f 356/382/329 357/383/329 288/384/329
f 357/383/330 358/385/330 290/386/330
f 358/385/331 359/387/331 292/388/332
f 359/387/333 360/389/333 294/390/334
f 294/390/335 360/389/335 361/391/335
f 272/370/336 240/392/336 256/357/336
f 361/391/337 362/393/337 298/394/337
f 298/394/338 362/393/339 331/340/339
f 249/395/340 281/396/340 265/397/340
f 330/398/341 297/399/341 235/400/341
f 329/401/342 295/402/343 297/399/343
f 293/403/344 295/402/344 329/401/344
f 291/404/345 293/403/345 328/405/345
f 326/406/346 289/407/346 291/408/346
f 287/409/347 289/407/347 326/406/347
f 324/410/348 285/411/349 287/409/349
f 323/412/350 283/413/350 285/411/350
f 322/414/351 281/415/351 283/413/351
f 321/416/352 279/417/353 281/415/353
f 320/418/354 277/419/354 279/417/354
f 319/420/355 275/421/355 277/419/355
f 318/422/356 273/423/356 275/421/356
f 317/424/357 271/425/358 273/426/358
f 316/427/359 269/428/360 271/425/359
f 315/429/361 267/430/362 269/428/362
f 314/431/363 265/432/364 267/430/364
f 313/433/365 263/434/366 265/432/365
f 312/435/367 261/436/368 263/434/368
f 259/437/369 261/438/369 312/439/369
f 310/440/370 257/441/370 259/437/370
f 255/442/371 257/441/371 310/440/372
f 308/443/373 253/444/374 255/442/373
f 307/445/375 251/446/375 253/444/375
f 249/447/376 251/446/376 307/445/376
f 305/448/377 247/449/378 249/447/377
f 304/450/379 245/451/380 247/449/380
f 303/452/381 243/453/381 245/454/381
f 302/455/382 241/456/382 243/453/382
f 301/457/383 239/458/383 241/456/383
f 300/459/384 237/460/385 239/458/385
f 299/461/386 235/400/386 237/460/386
f 362/462/387 393/463/388 394/464/388
f 392/465/389 393/463/389 362/462/389
f 360/466/390 391/467/391 392/465/391
f 359/468/392 390/469/393 391/467/393
f 358/385/394 389/470/395 390/471/395
f 388/472/396 389/473/396 358/474/397
f 356/475/398 387/476/398 388/472/398
f 355/477/399 386/478/400 387/476/400
f 385/479/401 386/478/401 355/477/402
f 384/480/403 385/479/403 354/481/403
f 352/482/404 383/483/404 384/480/404
f 351/484/405 382/485/405 383/483/405
f 350/486/406 381/487/406 382/485/406
f 380/488/407 381/489/407 350/490/408
f 348/491/409 379/492/409 380/488/409
f 347/493/410 378/494/411 379/492/411
f 377/495/412 378/494/412 347/493/413
f 376/496/414 377/495/414 346/497/414
f 344/498/415 375/499/416 376/496/416
f 374/500/417 375/501/417 344/502/418
f 342/503/419 373/504/420 374/500/420
f 372/505/421 373/504/421 342/503/422
f 340/506/423 371/507/423 372/505/423
f 339/508/424 370/509/425 371/507/425
f 369/510/426 370/509/426 339/508/427
f 368/511/428 369/510/428 338/512/428
f 336/513/429 367/514/430 368/511/430
f 335/515/431 366/516/431 367/517/431
f 334/518/432 365/519/432 366/516/432
f 364/520/433 365/519/433 334/518/433
f 332/521/434 363/522/434 364/520/434
f 394/464/435 363/522/435 332/521/436
f 394/464/437 299/461/437 300/459/437
f 363/522/438 300/459/438 301/457/438
f 364/520/439 301/457/439 302/455/439
f 365/519/440 302/455/440 303/452/440
f 366/516/441 303/452/441 304/523/441
f 367/514/442 304/450/442 305/448/442
f 305/448/443 306/524/443 369/510/443
f 306/524/444 307/445/444 370/509/444
f 370/509/445 307/445/445 308/443/445
f 371/507/446 308/443/446 309/525/446
f 372/505/447 309/525/447 310/440/447
f 373/504/448 310/440/449 311/526/450
f 311/526/451 312/439/452 375/501/453
f 375/499/454 312/435/454 313/433/454
f 376/496/455 313/433/455 314/431/455
f 377/495/456 314/431/456 315/429/456
f 378/494/457 315/429/457 316/427/457
f 379/492/458 316/427/458 317/424/458
f 317/424/459 318/527/459 381/489/459
f 381/487/460 318/422/460 319/420/460
f 319/420/461 320/418/461 383/483/461
f 383/483/462 320/418/462 321/416/462
f 321/416/463 322/414/463 385/479/463
f 322/414/464 323/412/464 386/478/464
f 386/478/465 323/412/465 324/410/465
f 387/476/466 324/410/466 325/528/466
f 388/472/467 325/528/467 326/406/467
f 326/406/468 327/529/468 390/530/468
f 327/531/469 328/405/469 391/467/469
f 328/405/470 329/401/470 392/465/470
f 392/465/471 329/401/471 330/398/471
f 393/463/472 330/398/472 299/461/472
f 236/339/295 332/341/296 238/342/295
f 238/342/297 333/343/297 240/392/297
f 333/343/298 242/345/298 240/392/298
f 242/345/299 335/346/299 244/347/299
f 244/347/300 336/348/300 246/349/300
f 246/349/301 337/350/302 248/351/301
f 248/351/303 338/352/304 250/532/303
f 338/352/305 252/354/305 250/532/305
f 252/354/306 340/355/306 254/533/306
f 340/355/307 256/357/308 254/533/308
f 341/356/309 258/359/310 256/357/310
f 258/359/311 343/360/311 260/534/311
f 343/360/312 262/362/312 260/534/312
f 262/362/313 345/363/314 264/364/313
f 264/364/315 346/365/315 266/535/315
f 346/365/316 268/367/316 266/535/316
f 268/367/317 348/368/317 270/536/317
f 348/368/318 272/370/318 270/536/318
f 349/369/319 274/372/320 272/370/320
f 274/372/321 351/373/321 276/374/321
f 276/374/322 352/375/322 278/376/322
f 278/376/323 353/377/323 280/378/323
f 280/378/324 354/379/324 282/537/324
f 354/379/325 284/381/326 282/537/326
f 284/381/327 356/382/328 286/538/327
f 356/382/329 288/384/329 286/538/329
f 357/383/330 290/386/330 288/384/330
f 358/385/331 292/388/332 290/386/332
f 359/387/333 294/390/334 292/388/334
f 294/390/335 361/391/335 296/539/335
f 240/392/336 236/339/336 238/342/336
f 236/339/336 296/539/336 298/394/336
f 296/539/336 288/384/336 294/390/336
f 294/390/336 288/384/336 292/388/336
f 292/388/336 288/384/336 290/386/336
f 288/384/336 280/378/336 286/538/336
f 286/538/336 280/378/336 284/381/336
f 284/381/336 280/378/336 282/537/336
f 280/378/336 276/374/336 278/376/473
f 276/374/336 272/370/336 274/372/336
f 272/370/336 268/367/336 270/536/336
f 268/367/336 264/364/336 266/535/336
f 264/364/336 260/534/336 262/362/336
f 260/534/336 256/357/336 258/359/474
f 256/357/336 252/354/336 254/533/336
f 252/354/336 256/357/336 250/532/336
f 250/532/336 256/357/336 248/351/336
f 248/351/336 244/347/336 246/349/336
f 244/347/336 248/351/336 242/345/336
f 242/345/336 248/351/336 240/392/336
f 240/392/336 296/539/336 236/339/336
f 280/378/336 288/384/336 276/374/336
f 276/374/336 288/384/336 272/370/336
f 272/370/336 256/357/336 268/367/336
f 268/367/336 256/357/336 264/364/336
f 264/364/336 256/357/336 260/534/336
f 240/392/336 272/370/336 296/539/336
f 296/539/336 272/370/336 288/384/336
f 256/357/336 240/392/336 248/351/336
f 361/391/337 298/394/337 296/539/337
f 298/394/338 331/340/339 236/339/338
f 297/540/340 241/541/340 235/542/340
f 235/542/340 241/541/340 237/543/340
f 237/543/340 241/541/340 239/544/340
f 241/541/340 245/545/340 243/546/340
f 245/545/340 249/395/340 247/547/340
f 249/395/340 253/548/340 251/549/340
f 253/548/340 257/550/340 255/551/340
f 257/550/340 261/552/340 259/553/340
f 261/552/340 265/397/340 263/554/340
f 265/397/340 269/555/340 267/556/340
f 269/555/340 273/557/340 271/558/340
f 273/557/340 277/559/340 275/560/340
f 277/559/340 281/396/340 279/561/340
f 281/396/340 285/562/340 283/563/340
f 285/562/340 289/564/340 287/565/340
f 289/564/340 297/540/340 291/566/340
f 291/566/340 297/540/340 293/567/340
f 293/567/340 297/540/340 295/568/340
f 241/541/340 297/540/340 245/545/340
f 245/545/340 297/540/340 249/395/340
f 249/395/340 257/550/340 253/548/340
f 257/550/340 265/397/340 261/552/340
f 265/397/340 281/396/340 269/555/340
f 269/555/340 281/396/340 273/557/340
f 273/557/340 281/396/340 277/559/340
f 281/396/340 297/540/340 285/562/340
f 285/562/340 297/540/340 289/564/340
f 249/395/340 265/397/340 257/550/340
f 297/540/340 281/396/340 249/395/340
f 330/398/341 235/400/341 299/461/341
f 329/401/342 297/399/343 330/398/342
f 293/403/344 329/401/344 328/405/344
f 291/404/345 328/405/345 327/531/345
f 326/406/346 291/408/346 327/529/346
f 287/409/347 326/406/347 325/528/347
f 324/410/348 287/409/349 325/528/348
f 323/412/350 285/411/350 324/410/350
f 322/414/351 283/413/351 323/412/351
f 321/416/352 281/415/353 322/414/352
f 320/418/354 279/417/354 321/416/354
f 319/420/355 277/419/355 320/418/355
f 318/422/356 275/421/356 319/420/356
f 317/424/357 273/426/358 318/527/357
f 316/427/359 271/425/359 317/424/359
f 315/429/361 269/428/362 316/427/361
f 314/431/363 267/430/364 315/429/363
f 313/433/365 265/432/365 314/431/365
f 312/435/367 263/434/368 313/433/367
f 259/437/369 312/439/369 311/526/369
f 310/440/370 259/437/370 311/526/370
f 255/442/371 310/440/372 309/525/372
f 308/443/373 255/442/373 309/525/373
f 307/445/375 253/444/375 308/443/375
f 249/447/376 307/445/376 306/524/376
f 305/448/377 249/447/377 306/524/377
f 304/450/379 247/449/380 305/448/379
f 303/452/381 245/454/381 304/523/381
f 302/455/382 243/453/382 303/452/382
f 301/457/383 241/456/383 302/455/383
f 300/459/384 239/458/385 301/457/384
f 299/461/386 237/460/386 300/459/386
f 362/462/387 394/464/388 331/569/387
f 392/465/389 362/462/389 361/570/389
f 360/466/390 392/465/391 361/570/390
f 359/468/392 391/467/393 360/466/392
f 358/385/394 390/471/395 359/387/394
f 388/472/396 358/474/397 357/571/397
f 356/475/398 388/472/398 357/571/398
f 355/477/399 387/476/400 356/475/399
f 385/479/401 355/477/402 354/481/402
f 384/480/403 354/481/403 353/572/403
f 352/482/404 384/480/404 353/572/404
f 351/484/405 383/483/405 352/482/405
f 350/486/406 382/485/406 351/484/406
f 380/488/407 350/490/408 349/573/408
f 348/491/409 380/488/409 349/573/409
f 347/493/410 379/492/411 348/491/410
f 377/495/412 347/493/413 346/497/413
f 376/496/414 346/497/414 345/574/414
f 344/498/415 376/496/416 345/574/415
f 374/500/417 344/502/418 343/575/418
f 342/503/419 374/500/420 343/575/419
f 372/505/421 342/503/422 341/576/422
f 340/506/423 372/505/423 341/576/423
f 339/508/424 371/507/425 340/506/424
f 369/510/426 339/508/427 338/512/427
f 368/511/428 338/512/428 337/577/428
f 336/513/429 368/511/430 337/577/429
f 335/515/431 367/517/431 336/578/431
f 334/518/432 366/516/432 335/515/432
f 364/520/433 334/518/433 333/579/433
f 332/521/434 364/520/434 333/579/434
f 394/464/435 332/521/436 331/569/436
f 394/464/437 300/459/437 363/522/437
f 363/522/438 301/457/438 364/520/438
f 364/520/439 302/455/439 365/519/439
f 365/519/440 303/452/440 366/516/440
f 366/516/441 304/523/441 367/517/441
f 367/514/442 305/448/442 368/511/442
f 305/448/443 369/510/443 368/511/443
f 306/524/444 370/509/444 369/510/444
f 370/509/445 308/443/445 371/507/445
f 371/507/446 309/525/446 372/505/446
f 372/505/447 310/440/447 373/504/447
f 373/504/448 311/526/450 374/500/448
f 311/526/451 375/501/453 374/500/453
f 375/499/454 313/433/454 376/496/454
f 376/496/455 314/431/455 377/495/455
f 377/495/456 315/429/456 378/494/456
f 378/494/457 316/427/457 379/492/457
f 379/492/458 317/424/458 380/488/458
f 317/424/459 381/489/459 380/488/459
f 381/487/460 319/420/460 382/485/460
f 319/420/461 383/483/461 382/485/461
f 383/483/462 321/416/462 384/480/462
f 321/416/463 385/479/463 384/480/463
f 322/414/464 386/478/464 385/479/464
f 386/478/465 324/410/465 387/476/465
f 387/476/466 325/528/466 388/472/466
f 388/472/467 326/406/467 389/473/467
f 326/406/468 390/530/468 389/473/468
f 327/531/469 391/467/469 390/469/469
f 328/405/470 392/465/470 391/467/470
f 392/465/471 330/398/471 393/463/471
f 393/463/472 299/461/472 394/464/472
f 400/580/475 395/581/475 396/582/475
f 396/582/476 395/581/476 397/583/476
f 395/581/477 398/584/477 397/583/477
f 395/581/477 399/585/477 398/584/477
f 401/586/478 399/585/478 395/581/478
f 401/586/478 395/581/478 400/580/478
f 402/587/479 401/586/479 400/580/479
f 402/587/479 404/588/479 401/586/479
f 403/589/480 399/585/480 401/586/480
f 405/590/481 403/589/481 401/586/481
f 405/590/481 401/586/481 404/588/481
f 406/591/482 408/592/482 405/590/482
f 406/591/483 405/590/483 404/588/483
f 405/593/484 407/594/484 403/595/484
f 405/593/484 408/596/484 407/594/484
f 406/591/482 410/597/482 408/592/482
f 409/598/485 407/594/485 408/596/485
f 411/599/486 409/598/486 408/596/486
f 411/599/486 408/596/486 410/600/486
f 413/601/487 411/599/487 410/600/487
f 412/602/488 409/598/488 411/599/488
f 414/603/489 412/602/489 411/599/489
f 414/603/489 411/599/489 413/601/489
f 417/604/490 414/605/490 413/606/490
f 414/603/491 415/607/491 412/602/491
f 414/603/491 416/608/491 415/607/491
f 417/604/492 416/609/492 414/605/492
f 417/604/490 413/606/490 418/610/490
f 420/611/493 417/604/494 418/610/493
f 417/604/492 419/612/492 416/609/492
f 420/611/495 419/612/495 417/604/496
f 420/611/493 418/610/493 421/613/493
f 423/614/497 420/611/497 421/613/497
f 420/611/495 422/615/495 419/612/495
f 423/614/498 422/615/498 420/611/498
f 424/616/499 426/617/499 423/614/500
f 424/616/501 423/614/502 425/618/501
f 423/614/497 421/613/497 425/618/503
f 423/614/498 426/617/504 422/615/498
f 424/616/499 429/619/505 426/617/499
f 426/617/506 427/620/506 422/615/506
f 426/617/506 428/621/506 427/620/506
f 429/619/507 428/621/507 426/617/507
f 430/622/508 429/619/508 424/616/509
f 430/622/508 432/623/508 429/619/508
f 429/619/507 431/624/507 428/621/507
f 432/623/510 431/624/510 429/619/510
f 433/625/511 432/623/511 430/622/511
f 433/625/511 435/626/511 432/623/511
f 432/623/510 434/627/510 431/624/510
f 435/626/512 434/627/512 432/623/512
f 436/628/513 435/626/513 433/625/513
f 436/628/513 438/629/513 435/626/513
f 435/626/512 437/630/512 434/627/512
f 438/629/514 437/630/514 435/626/514
f 439/631/515 438/629/515 436/628/515
f 439/631/515 440/632/515 438/629/515
f 440/632/516 441/633/516 438/629/516
f 438/629/514 441/633/514 437/630/514
f 440/632/516 442/634/516 441/633/516
f 444/635/517 441/633/517 442/634/517
f 443/636/518 437/630/518 441/633/518
f 444/635/517 443/636/517 441/633/517
f 447/637/519 444/638/519 442/639/519
f 444/640/520 445/641/520 443/642/520
f 444/640/520 446/643/521 445/641/520
f 447/644/522 446/643/522 444/640/522
f 448/645/523 450/646/523 447/644/523
f 448/647/524 447/637/524 449/648/524
f 447/637/519 442/639/519 449/648/519
f 447/644/522 450/646/522 446/643/522
f 451/649/525 446/643/525 450/646/525
f 453/650/526 451/649/526 450/646/526
f 448/645/523 452/651/523 450/646/523
f 453/650/526 450/646/526 452/651/526
f 455/652/527 453/650/527 452/651/527
f 454/653/528 451/649/528 453/650/528
f 456/654/529 454/653/529 453/650/529
f 456/654/529 453/650/529 455/652/530
f 457/655/531 456/654/531 455/652/531
f 457/655/531 459/656/531 456/654/531
f 458/657/532 454/653/532 456/654/532
f 459/656/533 458/657/534 456/654/533
f 461/658/535 459/656/535 457/655/535
f 459/656/533 460/659/534 458/657/534
f 462/660/536 460/659/536 459/656/537
f 462/660/536 459/656/537 461/658/537
f 465/661/538 462/660/538 463/662/538
f 464/663/539 463/662/539 462/660/539
f 464/663/539 462/660/539 461/658/539
f 465/661/540 460/659/540 462/660/540
f 465/661/541 467/664/541 466/665/541
f 465/661/542 466/665/542 468/666/542
f 465/661/543 493/667/543 467/664/543
f 465/661/544 463/662/544 469/668/544
f 465/661/545 468/666/545 470/669/545
f 465/661/546 469/668/546 471/670/546
f 465/661/547 470/669/547 474/671/547
f 465/661/548 471/670/548 475/672/548
f 465/661/549 477/673/549 472/674/549
f 465/661/550 472/674/550 476/675/550
f 465/661/551 473/676/551 487/677/551
f 465/661/552 488/678/552 473/676/552
f 465/661/553 474/671/553 488/678/553
f 465/661/554 475/672/554 489/679/554
f 465/661/555 476/675/555 490/680/555
f 465/661/556 478/681/556 477/673/556
f 465/661/557 479/682/557 478/681/557
f 465/661/558 480/683/558 479/682/558
f 465/661/559 481/684/559 480/683/559
f 465/661/560 482/685/560 481/684/560
f 465/661/561 483/686/561 482/685/561
f 465/661/562 484/687/562 483/686/562
f 465/661/563 485/688/563 484/687/563
f 465/661/564 486/689/564 485/688/564
f 465/661/565 487/677/565 486/689/565
f 465/661/566 489/679/566 491/690/566
f 465/661/567 490/680/567 458/657/567
f 465/661/568 491/690/568 492/691/568
f 465/661/569 458/657/569 460/659/569
f 465/661/570 492/691/570 493/667/570
f 467/664/571 493/667/571 494/692/571
f 494/692/572 493/667/572 492/691/572
f 467/664/571 494/692/571 498/693/571
f 494/692/573 496/694/573 495/695/573
f 498/693/574 494/692/574 495/695/575
f 494/692/573 497/696/573 496/694/573
f 494/692/572 492/691/572 497/696/572
f 499/697/576 498/693/576 500/698/576
f 499/697/576 501/699/576 498/693/576
f 498/693/574 495/695/575 500/698/575
f 501/699/577 467/664/578 498/693/577
f 502/700/579 466/665/580 501/699/579
f 502/700/581 501/699/581 499/697/581
f 501/699/577 466/665/578 467/664/578
f 502/700/581 499/697/581 504/701/581
f 502/700/579 468/666/580 466/665/580
f 503/702/582 468/666/582 502/700/582
f 503/702/583 502/700/583 504/701/583
f 503/702/583 504/701/583 505/703/583
f 507/704/584 505/703/584 504/701/584
f 507/704/584 504/701/584 506/705/584
f 506/705/585 504/701/585 499/697/585
f 508/706/586 505/703/586 507/704/586
f 508/706/587 507/704/587 509/707/587
f 507/704/588 510/708/588 509/707/588
f 507/704/588 506/705/589 510/708/588
f 512/709/590 510/708/590 511/710/590
f 511/710/591 510/708/591 513/711/591
f 512/709/590 509/707/590 510/708/590
f 506/705/592 513/711/592 510/708/592
f 511/710/591 513/711/591 514/712/591
f 514/712/593 513/711/593 516/713/593
f 515/714/594 516/713/594 513/711/594
f 506/705/592 515/714/592 513/711/592
f 514/712/593 516/713/593 517/715/593
f 517/715/595 516/713/595 519/716/595
f 518/717/596 519/716/596 516/713/596
f 515/714/594 518/717/594 516/713/594
f 517/715/595 519/716/595 520/718/595
f 520/719/597 519/720/598 522/721/597
f 521/722/599 522/723/599 519/716/599
f 518/717/596 521/722/596 519/716/596
f 520/719/597 522/721/597 523/724/597
f 523/724/600 522/721/600 525/725/600
f 524/726/601 525/727/601 522/723/601
f 521/722/599 524/726/599 522/723/599
f 523/724/600 525/725/600 526/728/600
f 526/728/602 525/725/602 528/729/602
f 527/730/603 528/731/603 525/727/603
f 524/726/601 527/730/601 525/727/601
f 526/728/602 528/729/602 531/732/602
f 529/733/604 530/734/604 528/731/604
f 527/730/603 529/733/603 528/731/603
f 531/732/605 528/729/605 530/735/605
f 526/728/606 531/732/606 532/736/606
f 531/732/607 533/737/607 532/736/607
f 531/732/605 530/735/605 534/738/605
f 531/732/607 534/738/607 533/737/607
f 534/738/608 535/739/608 533/737/608
f 534/738/608 536/740/608 535/739/608
f 534/738/609 537/741/609 536/740/609
f 534/738/609 530/735/609 537/741/609
f 538/742/610 537/743/610 530/734/610
f 538/742/610 539/744/610 537/743/610
f 536/745/611 537/746/611 540/747/611
f 539/744/612 540/748/612 537/743/613
f 536/745/611 540/747/611 541/749/611
f 541/749/614 540/747/614 543/750/614
f 542/751/615 543/752/615 540/748/615
f 539/744/612 542/751/612 540/748/612
f 541/749/614 543/750/614 544/753/614
f 544/753/616 543/750/616 546/754/616
f 545/755/617 546/756/617 543/752/617
f 542/751/615 545/755/615 543/752/615
f 544/753/616 546/754/616 547/757/616
f 547/757/618 546/754/618 549/758/618
f 546/756/619 548/759/619 550/760/619
f 545/755/617 548/759/617 546/756/617
f 546/756/619 550/760/619 549/761/619
f 550/760/620 551/762/620 549/761/620
f 550/760/620 552/763/620 551/762/620
f 457/655/621 552/763/621 550/760/621
f 548/759/622 457/655/622 550/760/622
f 551/762/623 552/763/623 452/651/623
f 455/652/527 452/651/527 552/763/527
f 457/655/621 455/652/621 552/763/621
f 551/764/624 554/765/624 553/766/624
f 549/758/625 551/764/625 553/766/625
f 551/764/624 448/647/626 554/765/624
f 551/762/623 452/651/623 448/645/623
f 556/767/627 553/766/627 554/765/627
f 556/767/627 554/765/627 555/768/627
f 555/768/628 554/765/628 449/648/628
f 448/647/524 449/648/524 554/765/524
f 557/769/629 553/766/629 556/767/629
f 559/770/630 557/769/631 556/767/630
f 559/770/630 556/767/630 558/771/632
f 558/771/633 556/767/633 555/768/633
f 561/772/634 559/770/634 560/773/635
f 563/774/636 560/773/637 559/770/636
f 561/772/634 557/769/638 559/770/634
f 559/770/639 564/775/639 562/776/640
f 563/774/636 559/770/636 562/776/636
f 559/770/639 558/771/641 564/775/639
f 564/775/642 566/777/642 565/778/642
f 562/776/643 564/775/643 565/778/643
f 558/771/644 567/779/644 564/775/644
f 564/775/642 567/779/642 566/777/642
f 567/779/645 569/780/645 566/777/645
f 568/781/646 570/782/646 567/779/646
f 558/771/644 568/781/644 567/779/644
f 567/779/645 570/782/645 569/780/645
f 570/783/647 572/784/647 569/785/647
f 571/786/648 573/787/648 570/783/648
f 568/781/646 571/788/649 570/782/646
f 570/783/647 573/787/647 572/784/647
f 573/787/650 574/789/650 572/784/650
f 439/631/651 575/790/651 573/787/652
f 571/786/648 439/631/653 573/787/648
f 573/787/650 575/790/650 574/789/650
f 575/790/654 576/791/654 574/789/654
f 436/628/655 577/792/655 575/790/655
f 439/631/651 436/628/651 575/790/651
f 575/790/654 577/792/654 576/791/654
f 577/792/656 578/793/656 576/791/656
f 433/625/657 579/794/657 577/792/657
f 436/628/655 433/625/655 577/792/655
f 577/792/656 579/794/656 578/793/656
f 430/622/658 581/795/658 579/794/659
f 433/625/657 430/622/660 579/794/657
f 579/794/661 580/796/661 578/793/661
f 579/794/661 581/795/661 580/796/661
f 430/622/658 424/616/662 581/795/658
f 581/795/663 582/797/663 580/796/663
f 424/616/501 425/618/501 581/795/664
f 581/795/663 425/618/663 582/797/663
f 584/798/665 582/799/665 583/800/665
f 583/800/666 582/799/666 585/801/666
f 584/798/665 580/802/665 582/799/665
f 425/618/667 585/803/667 582/797/667
f 583/800/666 585/801/666 586/804/668
f 586/804/669 585/801/669 587/805/669
f 421/613/670 587/806/670 585/803/670
f 425/618/667 421/613/667 585/803/667
f 586/804/669 587/805/669 588/807/669
f 588/807/671 587/805/671 589/808/671
f 418/610/672 589/809/672 587/806/672
f 421/613/670 418/610/670 587/806/670
f 588/807/671 589/808/671 590/810/671
f 590/810/673 589/808/673 410/597/673
f 413/601/487 410/600/487 589/811/487
f 418/610/672 413/606/672 589/809/672
f 590/810/674 592/812/674 591/813/674
f 588/807/675 590/810/675 591/813/675
f 590/810/674 406/591/674 592/812/674
f 590/810/673 410/597/673 406/591/673
f 594/814/676 591/813/676 592/812/676
f 594/814/676 592/812/676 593/815/676
f 593/815/677 592/812/677 404/588/677
f 406/591/483 404/588/483 592/812/483
f 595/816/678 591/813/678 594/814/678
f 595/816/679 594/814/679 596/817/679
f 594/814/680 597/818/680 596/817/680
f 594/814/680 593/815/680 597/818/680
f 599/819/681 597/820/681 598/821/681
f 598/821/682 597/820/682 600/822/682
f 599/819/681 596/823/681 597/820/681
f 593/815/683 600/824/684 597/818/684
f 600/822/685 602/825/686 601/826/686
f 598/821/682 600/822/682 601/826/682
f 402/587/687 603/827/688 600/824/688
f 593/815/683 402/587/683 600/824/684
f 600/822/685 603/828/685 602/825/686
f 603/828/689 604/829/690 602/825/690
f 400/580/475 396/582/475 603/827/475
f 402/587/687 400/580/687 603/827/688
f 603/828/689 396/830/689 604/829/690
f 602/825/691 604/829/691 605/831/691
f 604/829/692 606/832/692 605/831/692
f 604/829/693 396/830/694 607/833/694
f 604/829/693 607/833/694 606/832/693
f 606/832/695 607/833/696 608/834/696
f 396/582/476 397/583/476 607/835/476
f 607/835/697 609/836/697 608/837/697
f 607/835/697 397/583/697 609/836/697
f 398/584/698 609/836/698 397/583/698
f 398/584/698 610/838/698 609/836/698
f 608/837/699 609/836/700 611/839/699
f 610/838/701 611/839/701 609/836/701
f 610/838/701 613/840/701 611/839/701
f 608/837/699 611/839/699 612/841/699
f 612/841/702 611/839/702 614/842/702
f 613/840/703 614/842/703 611/839/703
f 612/841/702 614/842/702 615/843/702
f 615/843/704 614/842/704 617/844/704
f 616/845/705 617/844/705 614/842/705
f 613/840/703 616/845/703 614/842/703
f 615/843/704 617/844/704 618/846/704
f 618/846/706 617/844/706 620/847/706
f 619/848/707 620/847/707 617/844/707
f 616/845/705 619/848/705 617/844/705
f 618/846/706 620/847/706 621/849/706
f 621/849/708 620/847/709 623/850/709
f 622/851/710 623/850/710 620/847/710
f 619/848/707 622/851/707 620/847/707
f 621/849/708 623/850/709 624/852/708
f 624/852/711 623/850/711 626/853/711
f 625/854/712 626/853/712 623/850/712
f 622/851/710 625/854/710 623/850/710
f 624/852/711 626/853/711 627/855/711
f 627/855/713 626/853/713 629/856/713
f 628/857/714 629/856/714 626/853/714
f 625/854/712 628/857/715 626/853/712
f 627/855/713 629/856/713 630/858/713
f 630/858/716 629/856/716 632/859/716
f 631/860/717 632/859/717 629/856/717
f 628/857/714 631/860/714 629/856/714
f 630/858/716 632/859/716 635/861/716
f 633/862/718 634/863/718 632/859/718
f 631/860/717 633/862/717 632/859/717
f 635/861/719 632/859/720 634/863/719
f 630/864/721 635/865/721 636/866/722
f 635/865/723 637/867/724 636/866/724
f 635/865/723 638/868/723 637/867/724
f 635/861/719 634/863/719 638/869/719
f 638/868/725 639/870/726 637/867/726
f 638/868/725 640/871/725 639/870/726
f 638/869/727 641/872/727 640/873/727
f 638/869/727 634/863/727 641/872/727
f 642/874/728 641/872/728 634/863/728
f 642/874/728 643/875/728 641/872/728
f 640/873/729 641/872/729 644/876/729
f 643/875/730 644/876/730 641/872/730
f 644/876/731 647/877/731 645/878/731
f 640/873/729 644/876/729 645/878/729
f 646/879/732 648/880/732 644/876/732
f 643/875/730 646/879/730 644/876/730
f 644/876/731 648/880/731 647/877/731
f 648/880/733 650/881/733 647/877/733
f 649/882/734 651/883/734 648/884/734
f 646/879/732 649/885/732 648/880/732
f 648/880/733 651/886/733 650/881/733
f 650/881/735 651/886/735 653/887/735
f 652/888/736 653/889/736 651/883/737
f 649/882/734 652/888/734 651/883/734
f 653/887/738 656/890/738 654/891/738
f 650/881/735 653/887/735 654/891/735
f 653/887/739 655/892/739 658/893/739
f 652/888/736 655/894/736 653/889/736
f 653/887/738 657/895/738 656/890/738
f 653/887/739 658/893/739 657/895/740
f 657/895/741 658/893/741 659/896/741
f 660/897/742 659/896/742 658/893/742
f 655/892/743 660/897/743 658/893/743
f 655/892/743 662/898/743 660/897/743
f 660/897/742 661/899/742 659/896/742
f 660/897/744 566/900/744 661/899/745
f 660/897/744 565/901/744 566/900/744
f 662/898/746 565/901/746 660/897/746
f 664/902/747 662/898/747 655/892/747
f 662/898/746 663/903/746 565/901/746
f 665/904/748 663/903/748 662/898/748
f 665/904/748 662/898/748 664/902/748
f 666/905/749 665/904/749 664/902/749
f 665/906/750 562/776/750 663/907/750
f 665/906/750 563/774/750 562/776/750
f 666/908/751 563/774/751 665/906/751
f 667/909/752 669/910/752 666/908/752
f 667/911/753 666/905/753 668/912/753
f 666/905/749 664/902/749 668/912/749
f 666/908/751 669/910/751 563/774/751
f 667/909/752 671/913/752 669/910/752
f 669/910/754 560/773/754 563/774/755
f 669/910/754 670/914/754 560/773/754
f 671/913/756 670/914/756 669/910/756
f 672/915/757 671/916/757 667/917/757
f 672/915/757 674/918/757 671/916/757
f 671/913/756 673/919/756 670/914/756
f 674/918/758 673/920/758 671/916/758
f 675/921/759 674/918/759 672/915/759
f 675/921/759 677/922/759 674/918/759
f 674/918/758 676/923/758 673/920/758
f 677/922/760 676/923/760 674/918/760
f 678/924/761 677/922/761 675/921/761
f 678/924/761 680/925/761 677/922/761
f 677/922/760 679/926/760 676/923/760
f 680/925/762 679/926/762 677/922/762
f 681/927/763 680/925/763 678/924/763
f 681/927/763 683/928/763 680/925/763
f 680/925/762 682/929/762 679/926/762
f 683/928/764 682/929/764 680/925/765
f 684/930/766 683/928/766 681/927/766
f 684/930/766 686/931/766 683/928/766
f 683/928/764 685/932/764 682/929/764
f 686/931/767 685/932/767 683/928/768
f 687/933/769 686/931/769 684/930/769
f 687/933/769 689/934/769 686/931/769
f 686/931/767 688/935/770 685/932/767
f 689/934/771 688/935/771 686/931/771
f 690/936/772 692/937/772 689/934/772
f 691/938/773 690/936/773 689/934/773
f 691/938/773 689/934/773 687/933/773
f 689/934/771 692/937/771 688/935/771
f 690/936/772 694/939/772 692/937/772
f 693/940/774 688/935/774 692/937/774
f 695/941/775 693/940/775 692/937/775
f 695/941/775 692/937/775 694/939/775
f 696/942/776 695/941/776 694/939/776
f 514/943/777 695/941/777 696/942/777
f 517/944/778 693/940/778 695/941/778
f 514/943/777 517/944/777 695/941/777
f 696/942/776 694/939/776 697/945/776
f 698/946/779 696/947/779 697/948/779
f 511/949/780 514/943/780 696/942/780
f 511/949/780 696/942/780 698/950/780
f 698/946/779 697/948/779 699/951/781
f 700/952/782 698/946/782 699/951/782
f 512/953/783 511/954/783 698/946/783
f 512/953/783 698/946/783 700/952/783
f 700/952/782 699/951/782 701/955/782
f 702/956/784 700/952/785 701/955/784
f 703/957/786 512/953/786 700/952/786
f 703/957/786 700/952/786 702/956/786
f 705/958/787 703/957/787 702/956/787
f 703/959/788 509/707/788 512/709/788
f 703/959/788 704/960/788 509/707/788
f 705/961/789 704/960/789 703/959/789
f 706/962/790 705/961/790 708/963/790
f 706/962/790 709/964/790 705/961/790
f 705/958/787 702/956/787 707/965/787
f 708/966/791 705/958/791 707/965/791
f 705/961/789 709/964/789 704/960/789
f 710/967/792 709/964/792 706/962/792
f 710/967/792 711/968/792 709/964/792
f 711/968/793 704/960/793 709/964/793
f 710/967/794 713/969/794 711/968/794
f 711/968/793 508/706/793 704/960/793
f 711/968/795 712/970/795 508/706/795
f 711/968/795 713/969/795 712/970/795
f 710/967/794 714/971/794 713/969/794
f 715/972/796 713/969/796 714/971/796
f 715/972/796 716/973/796 713/969/796
f 716/973/797 712/970/797 713/969/797
f 473/676/798 716/973/799 715/972/799
f 473/676/798 488/678/798 716/973/799
f 488/678/800 717/974/800 716/973/800
f 716/973/797 717/974/797 712/970/797
f 717/974/801 505/703/801 712/970/801
f 717/974/802 474/671/803 470/669/803
f 488/678/800 474/671/800 717/974/800
f 717/974/801 503/702/801 505/703/801
f 717/974/802 470/669/803 503/702/802
f 719/975/804 473/676/805 715/972/804
f 718/976/806 715/972/806 714/971/806
f 718/976/806 719/975/806 715/972/806
f 720/977/807 487/677/808 719/975/807
f 721/978/809 720/977/809 719/975/809
f 721/978/809 719/975/809 718/976/809
f 719/975/804 487/677/805 473/676/805
f 722/979/810 720/977/811 721/978/810
f 722/979/812 721/978/812 723/980/812
f 721/978/813 724/981/813 723/980/813
f 721/978/813 718/976/813 724/981/813
f 726/982/814 724/981/814 725/983/814
f 725/983/815 724/981/815 710/967/815
f 726/982/814 723/980/814 724/981/814
f 718/976/816 710/967/816 724/981/816
f 726/982/817 728/984/817 727/985/817
f 729/986/818 726/982/818 727/985/818
f 726/982/817 725/983/817 728/984/817
f 729/986/819 723/980/819 726/982/819
f 729/986/818 727/985/818 730/987/818
f 732/988/820 729/986/820 730/987/820
f 729/986/819 731/989/819 723/980/819
f 732/988/821 731/989/821 729/986/821
f 733/990/822 735/991/822 732/988/822
f 733/990/823 732/988/823 734/992/823
f 732/988/820 730/987/820 734/992/820
f 732/988/821 735/991/821 731/989/821
f 733/990/822 737/993/824 735/991/822
f 736/994/825 731/989/825 735/991/825
f 738/995/826 736/994/826 735/991/826
f 738/995/826 735/991/826 737/993/826
f 741/996/827 738/995/827 737/993/827
f 738/995/828 739/997/828 736/994/828
f 738/995/828 740/998/828 739/997/828
f 741/996/829 740/998/830 738/995/829
f 741/996/827 737/993/827 742/999/827
f 744/1000/831 741/996/831 742/999/831
f 741/996/829 743/1001/830 740/998/830
f 744/1000/832 743/1001/832 741/996/832
f 744/1000/831 742/999/831 745/1002/831
f 747/1003/833 744/1000/833 745/1002/833
f 744/1000/832 746/1004/832 743/1001/832
f 747/1003/834 746/1004/834 744/1000/834
f 747/1003/833 745/1002/833 748/1005/833
f 750/1006/835 747/1003/835 748/1005/835
f 747/1003/834 749/1007/834 746/1004/834
f 750/1006/836 749/1007/836 747/1003/836
f 750/1006/835 748/1005/835 751/1008/835
f 753/1009/837 750/1006/837 751/1008/837
f 750/1006/836 752/1010/836 749/1007/836
f 753/1009/838 752/1010/838 750/1006/838
f 754/1011/839 756/1012/839 753/1009/839
f 754/1011/840 753/1009/840 755/1013/840
f 753/1009/837 751/1008/837 755/1013/837
f 753/1009/838 756/1012/838 752/1010/838
f 754/1011/839 757/1014/839 756/1012/839
f 478/681/841 752/1010/841 756/1012/842
f 477/673/843 478/681/843 756/1012/844
f 477/673/843 756/1012/844 757/1014/844
f 758/1015/845 757/1014/845 754/1011/845
f 758/1015/845 759/1016/845 757/1014/845
f 472/674/846 757/1014/846 759/1016/847
f 472/674/846 477/673/846 757/1014/846
f 451/649/848 759/1016/848 758/1015/848
f 451/649/848 760/1017/848 759/1016/848
f 476/675/849 472/674/849 759/1016/850
f 476/675/849 759/1016/850 760/1017/850
f 454/653/528 760/1017/528 451/649/528
f 490/680/851 476/675/852 760/1017/853
f 490/680/851 760/1017/853 454/653/853
f 758/1015/854 445/641/854 446/643/854
f 758/1015/854 754/1011/854 445/641/854
f 451/649/525 758/1015/525 446/643/525
f 754/1011/840 755/1013/840 445/641/840
f 443/642/855 755/1013/855 761/1018/855
f 761/1018/856 755/1013/856 751/1008/856
f 443/642/855 445/641/855 755/1013/855
f 761/1019/857 434/627/857 437/630/857
f 443/636/518 761/1019/518 437/630/518
f 761/1019/857 762/1020/857 434/627/857
f 761/1018/856 751/1008/856 762/1021/856
f 762/1020/858 431/624/858 434/627/858
f 762/1020/858 763/1022/858 431/624/858
f 762/1021/859 748/1005/859 763/1023/859
f 762/1021/859 751/1008/859 748/1005/859
f 763/1022/860 428/621/860 431/624/860
f 763/1022/860 764/1024/860 428/621/860
f 763/1023/861 745/1002/861 764/1025/861
f 763/1023/861 748/1005/861 745/1002/861
f 764/1025/862 427/1026/862 428/1027/862
f 764/1025/863 742/999/863 765/1028/863
f 764/1025/863 745/1002/863 742/999/863
f 764/1025/862 765/1028/864 427/1026/862
f 765/1028/865 766/1029/865 427/1026/865
f 765/1028/865 733/990/865 766/1029/865
f 765/1028/866 737/993/866 733/990/866
f 765/1028/866 742/999/866 737/993/866
f 422/615/867 427/620/867 766/1030/867
f 422/615/867 766/1030/867 419/612/867
f 419/612/868 766/1030/868 734/1031/868
f 733/990/823 734/992/823 766/1029/823
f 478/681/841 479/682/841 752/1010/841
f 479/682/869 749/1007/869 752/1010/869
f 479/682/869 480/683/869 749/1007/869
f 749/1007/870 480/683/870 481/684/870
f 749/1007/870 481/684/870 746/1004/870
f 746/1004/871 482/685/871 743/1001/871
f 746/1004/871 481/684/871 482/685/871
f 482/685/872 740/998/872 743/1001/873
f 740/998/874 483/686/875 484/687/875
f 482/685/872 483/686/872 740/998/872
f 740/998/874 484/687/875 739/997/874
f 736/994/876 739/997/876 767/1032/876
f 484/687/877 767/1032/877 739/997/877
f 736/994/876 767/1032/876 722/979/876
f 722/979/810 767/1032/811 720/977/811
f 485/688/878 720/977/878 767/1032/878
f 484/687/877 485/688/877 767/1032/877
f 736/994/825 722/979/825 731/989/825
f 419/612/868 734/1031/868 416/609/868
f 416/608/879 734/1033/879 730/1034/879
f 722/979/812 723/980/812 731/989/812
f 416/608/879 730/1034/879 415/607/879
f 415/607/880 730/1034/880 727/1035/880
f 769/1036/881 728/1037/881 768/1038/881
f 768/1038/882 728/1037/882 708/966/882
f 769/1036/881 727/1035/881 728/1037/881
f 728/984/883 725/983/883 706/962/883
f 728/984/883 706/962/883 708/963/883
f 412/602/884 769/1036/884 770/1039/884
f 770/1039/885 769/1036/885 768/1038/885
f 412/602/884 415/607/884 769/1036/884
f 415/607/880 727/1035/880 769/1036/880
f 770/1039/886 771/1040/886 409/598/886
f 412/602/488 770/1039/488 409/598/488
f 770/1039/886 772/1041/887 771/1040/886
f 770/1039/885 768/1038/885 772/1041/888
f 772/1041/889 773/1042/889 771/1040/889
f 772/1041/890 768/1038/890 775/1043/890
f 772/1041/889 774/1044/891 773/1042/889
f 772/1041/890 775/1043/890 774/1044/892
f 775/1043/893 776/1045/893 774/1044/894
f 775/1043/893 707/965/893 776/1045/893
f 708/966/791 707/965/791 775/1043/791
f 768/1038/882 708/966/882 775/1043/882
f 773/1042/895 776/1045/895 777/1046/896
f 773/1042/895 774/1044/897 776/1045/895
f 777/1046/898 776/1045/899 778/1047/898
f 707/965/900 778/1047/900 776/1045/901
f 777/1046/898 778/1047/898 779/1048/898
f 779/1048/902 778/1047/903 701/955/902
f 702/956/784 701/955/784 778/1047/904
f 707/965/900 702/956/900 778/1047/900
f 781/1049/905 779/1048/905 780/1050/905
f 780/1050/906 779/1048/906 782/1051/906
f 781/1049/905 777/1046/905 779/1048/905
f 779/1048/902 701/955/902 782/1051/907
f 780/1050/906 782/1051/906 783/1052/906
f 783/1052/908 782/1051/908 784/1053/908
f 782/1051/909 699/951/909 784/1053/910
f 782/1051/909 701/955/909 699/951/909
f 783/1052/908 784/1053/908 785/1054/908
f 785/1054/911 784/1053/911 786/1055/911
f 784/1053/912 697/948/912 786/1055/912
f 784/1053/912 699/951/913 697/948/912
f 785/1054/911 786/1055/911 787/1056/911
f 786/1057/914 694/939/914 690/936/914
f 787/1058/915 786/1057/915 690/936/915
f 786/1057/914 697/945/914 694/939/914
f 785/1059/916 787/1060/916 788/1061/916
f 787/1060/917 789/1062/917 788/1061/917
f 787/1060/917 691/1063/917 789/1062/917
f 787/1058/915 690/936/915 691/938/915
f 619/848/918 789/1062/918 622/851/918
f 619/848/918 788/1061/918 789/1062/918
f 622/851/919 789/1062/919 790/1064/919
f 691/1063/920 790/1064/920 789/1062/920
f 622/851/919 790/1064/919 625/854/919
f 625/854/921 790/1064/921 791/1065/921
f 687/1066/922 791/1065/922 790/1064/923
f 691/1063/920 687/1066/920 790/1064/920
f 625/854/921 791/1065/921 628/857/921
f 628/857/924 791/1065/924 792/1067/924
f 684/1068/925 792/1067/925 791/1065/925
f 687/1066/922 684/1068/922 791/1065/922
f 628/857/924 792/1067/924 631/860/924
f 631/860/926 792/1067/926 793/1069/926
f 681/1070/927 793/1069/927 792/1067/927
f 684/1068/925 681/1070/925 792/1067/925
f 631/860/926 793/1069/926 633/862/926
f 633/862/928 793/1069/928 794/1071/928
f 678/1072/929 794/1071/929 793/1069/929
f 681/1070/927 678/1072/927 793/1069/927
f 633/862/928 794/1071/928 642/874/928
f 642/874/930 794/1071/930 795/1073/930
f 675/1074/931 795/1073/931 794/1071/931
f 678/1072/929 675/1074/929 794/1071/929
f 642/874/930 795/1073/930 643/875/930
f 672/1075/932 796/1076/932 795/1073/932
f 675/1074/931 672/1075/931 795/1073/931
f 643/875/933 795/1073/934 796/1076/933
f 672/1075/932 667/911/932 796/1076/932
f 643/875/933 796/1076/933 646/879/933
f 646/879/935 796/1076/935 668/912/935
f 667/911/753 668/912/753 796/1076/753
f 785/1059/916 788/1061/916 797/1077/916
f 616/845/936 788/1061/936 619/848/936
f 616/845/936 797/1077/936 788/1061/936
f 783/1078/937 797/1077/937 798/1079/937
f 613/840/938 798/1079/938 797/1077/938
f 783/1078/937 785/1059/937 797/1077/937
f 613/840/938 797/1077/938 616/845/938
f 610/838/939 798/1079/939 613/840/939
f 610/838/939 799/1080/939 798/1079/939
f 780/1050/940 783/1052/940 798/1081/940
f 780/1050/940 798/1081/940 799/1082/940
f 398/584/941 799/1080/941 610/838/941
f 398/584/941 800/1083/941 799/1080/941
f 781/1049/942 780/1050/942 799/1082/942
f 781/1049/942 799/1082/942 800/1084/942
f 801/1085/943 781/1049/943 800/1084/943
f 399/585/944 801/1086/944 800/1083/944
f 399/585/944 800/1083/944 398/584/944
f 801/1085/943 802/1087/943 781/1049/943
f 407/594/945 802/1087/945 801/1085/945
f 403/589/480 801/1086/480 399/585/480
f 407/594/945 801/1085/945 403/595/945
f 771/1040/946 802/1087/946 407/594/946
f 771/1040/946 773/1042/946 802/1087/946
f 802/1087/947 773/1042/947 777/1046/947
f 802/1087/947 777/1046/947 781/1049/947
f 409/598/485 771/1040/485 407/594/485
f 725/983/815 710/967/815 706/962/815
f 720/977/807 486/689/808 487/677/808
f 485/688/878 486/689/878 720/977/878
f 718/976/816 714/971/816 710/967/816
f 508/706/586 712/970/586 505/703/586
f 508/706/587 509/707/587 704/960/587
f 520/719/948 803/1088/948 693/940/948
f 517/944/778 520/719/778 693/940/778
f 693/940/774 803/1088/774 688/935/774
f 523/724/949 804/1089/949 803/1088/949
f 520/719/948 523/724/948 803/1088/948
f 803/1088/950 685/932/950 688/935/950
f 803/1088/950 804/1089/951 685/932/950
f 523/724/949 526/728/949 804/1089/949
f 804/1089/952 682/929/952 685/932/952
f 526/728/606 532/736/606 804/1089/606
f 804/1089/952 532/736/953 682/929/952
f 532/736/954 679/926/954 682/929/954
f 533/737/955 676/923/955 679/926/955
f 532/736/954 533/737/954 679/926/954
f 535/1090/956 673/919/956 676/1091/956
f 533/737/955 535/739/955 676/923/955
f 805/1092/957 670/914/957 673/919/957
f 535/1090/956 805/1092/956 673/919/956
f 541/749/958 806/1093/958 805/1092/958
f 536/745/959 541/749/959 805/1092/959
f 805/1092/957 806/1093/957 670/914/957
f 536/745/959 805/1092/959 535/1090/959
f 806/1093/960 560/773/960 670/914/960
f 544/753/961 561/772/961 806/1093/961
f 541/749/958 544/753/958 806/1093/958
f 806/1093/960 561/772/960 560/773/960
f 646/879/935 668/912/935 649/885/935
f 649/885/962 668/912/962 664/902/962
f 664/902/747 655/892/747 652/1094/747
f 649/885/962 664/902/962 652/1094/962
f 562/776/643 565/778/643 663/907/643
f 661/899/963 807/1095/963 659/896/963
f 661/899/964 569/1096/964 808/1097/964
f 661/899/964 566/900/964 569/1096/964
f 661/899/963 808/1097/963 807/1095/963
f 808/1097/965 809/1098/965 807/1095/965
f 808/1097/965 810/1099/965 809/1098/965
f 808/1097/966 572/1100/966 810/1099/966
f 808/1097/966 569/1096/966 572/1100/966
f 810/1099/967 811/1101/967 809/1098/968
f 810/1099/967 812/1102/967 811/1101/967
f 810/1099/969 574/1103/969 812/1102/969
f 810/1099/969 572/1100/969 574/1103/969
f 812/1102/970 813/1104/970 811/1101/970
f 812/1102/970 814/1105/970 813/1104/970
f 812/1102/971 576/1106/971 814/1105/971
f 812/1102/971 574/1103/971 576/1106/971
f 814/1105/972 815/1107/972 813/1104/972
f 814/1105/972 816/1108/972 815/1107/972
f 814/1105/973 578/1109/973 816/1108/973
f 814/1105/973 576/1106/973 578/1109/973
f 816/1108/974 817/1110/974 815/1107/974
f 816/1108/974 584/798/974 817/1110/974
f 816/1108/975 580/802/975 584/798/975
f 816/1108/975 578/1109/975 580/802/975
f 819/1111/976 817/1110/976 818/1112/976
f 818/1112/977 817/1110/977 820/1113/977
f 819/1111/976 815/1107/976 817/1110/976
f 584/798/978 820/1113/978 817/1110/978
f 818/1112/977 820/1113/977 821/1114/977
f 821/1114/979 820/1113/979 822/1115/979
f 583/800/980 822/1115/980 820/1113/980
f 584/798/978 583/800/978 820/1113/978
f 821/1114/979 822/1115/979 823/1116/979
f 823/1116/981 822/1115/981 824/1117/981
f 586/804/982 824/1117/982 822/1115/982
f 583/800/980 586/804/980 822/1115/980
f 823/1116/981 824/1117/981 595/816/981
f 595/816/678 824/1117/678 591/813/678
f 588/807/675 591/813/675 824/1117/983
f 586/804/982 588/807/982 824/1117/982
f 823/1116/984 827/1118/985 825/1119/985
f 826/1120/986 823/1116/986 825/1119/986
f 826/1120/986 821/1114/986 823/1116/986
f 823/1116/984 595/816/984 827/1118/985
f 829/1121/987 825/1122/987 827/1123/987
f 829/1121/987 827/1123/987 828/1124/987
f 828/1124/988 827/1123/989 596/823/989
f 595/816/679 596/817/679 827/1118/679
f 826/1125/990 829/1121/990 830/1126/991
f 830/1126/992 829/1121/992 605/831/992
f 829/1121/993 828/1124/993 605/831/993
f 826/1125/990 825/1122/990 829/1121/990
f 831/1127/994 826/1125/994 830/1126/994
f 831/1127/995 830/1126/995 605/831/995
f 833/1128/996 831/1127/996 605/831/996
f 831/1127/994 832/1129/994 826/1125/994
f 833/1128/997 832/1129/997 831/1127/997
f 835/1130/998 833/1128/998 605/831/998
f 833/1128/997 834/1131/997 832/1129/997
f 835/1130/999 834/1131/1000 833/1128/999
f 837/1132/1001 835/1130/1001 605/831/1001
f 835/1130/999 836/1133/1000 834/1131/1000
f 837/1132/1002 836/1133/1003 835/1130/1002
f 838/1134/1004 837/1132/1004 605/831/1004
f 838/1134/1005 839/1135/1005 837/1132/1005
f 837/1132/1002 839/1135/1003 836/1133/1003
f 838/1134/1005 840/1136/1005 839/1135/1005
f 842/1137/1006 839/1138/1006 840/1139/1006
f 841/1140/1007 836/1141/1007 839/1138/1007
f 842/1137/1006 841/1140/1006 839/1138/1006
f 843/1142/1008 842/1137/1008 840/1139/1008
f 842/1137/1009 811/1101/1009 841/1140/1009
f 842/1137/1009 809/1098/1009 811/1101/1009
f 843/1142/1010 809/1098/1010 842/1137/1010
f 844/1143/1011 807/1095/1011 843/1142/1011
f 846/1144/1012 844/1143/1012 843/1142/1012
f 843/1142/1008 840/1139/1008 845/1145/1008
f 846/1144/1012 843/1142/1012 845/1145/1012
f 843/1142/1010 807/1095/1010 809/1098/1010
f 656/890/1013 844/1143/1014 846/1144/1013
f 848/1146/1015 656/1147/1015 846/1148/1015
f 848/1146/1015 846/1148/1015 847/1149/1015
f 847/1149/1016 846/1148/1017 845/1150/1017
f 654/1151/1018 848/1146/1019 849/1152/1019
f 849/1152/1020 848/1146/1020 605/831/1020
f 848/1146/1021 847/1149/1021 605/831/1021
f 654/1151/1018 656/1147/1018 848/1146/1019
f 850/1153/1022 654/1151/1023 849/1152/1022
f 850/1153/1024 849/1152/1024 605/831/1024
f 851/1154/1025 850/1153/1025 605/831/1025
f 850/1153/1022 650/1155/1023 654/1151/1023
f 851/1154/1026 650/1155/1026 850/1153/1026
f 852/1156/1027 851/1154/1027 605/831/1027
f 851/1154/1026 647/1157/1026 650/1155/1026
f 645/1158/1028 647/1157/1028 851/1154/1029
f 645/1158/1028 851/1154/1029 852/1156/1029
f 639/870/1030 852/1156/1030 605/831/1030
f 640/871/1031 645/1158/1031 852/1156/1031
f 640/871/1031 852/1156/1031 639/870/1031
f 847/1149/1032 853/1159/1032 605/831/1032
f 847/1149/1016 845/1150/1017 853/1159/1033
f 853/1159/1034 838/1134/1034 605/831/1034
f 853/1159/1035 840/1136/1036 838/1134/1035
f 853/1159/1035 845/1150/1036 840/1136/1036
f 656/890/1013 657/895/1014 844/1143/1014
f 844/1143/1011 659/896/1011 807/1095/1011
f 657/895/741 659/896/741 844/1143/741
f 841/1140/1007 854/1160/1007 836/1141/1007
f 841/1140/1037 813/1104/1037 854/1160/1037
f 841/1140/1037 811/1101/1037 813/1104/1037
f 854/1160/1038 834/1161/1038 836/1141/1038
f 854/1160/1038 819/1111/1038 834/1161/1038
f 854/1160/1039 815/1107/1039 819/1111/1039
f 854/1160/1039 813/1104/1039 815/1107/1039
f 819/1111/1040 832/1162/1040 834/1161/1040
f 818/1112/1041 826/1120/1041 832/1162/1041
f 819/1111/1040 818/1112/1040 832/1162/1040
f 828/1124/1042 599/819/1042 605/831/1042
f 828/1124/988 596/823/989 599/819/988
f 818/1112/1041 821/1114/1041 826/1120/1041
f 633/862/718 642/874/718 634/863/718
f 637/867/1043 639/870/1043 605/831/1043
f 636/866/1044 637/867/1044 605/831/1044
f 630/864/721 636/866/722 855/1163/722
f 855/1163/1045 636/866/1045 605/831/1045
f 627/1164/1046 855/1163/1047 856/1165/1047
f 856/1165/1048 855/1163/1048 605/831/1048
f 627/1164/1046 630/864/1046 855/1163/1047
f 857/1166/1049 627/1164/1050 856/1165/1049
f 857/1166/1051 856/1165/1051 605/831/1051
f 858/1167/1052 857/1166/1052 605/831/1052
f 857/1166/1049 624/1168/1050 627/1164/1050
f 858/1167/1053 624/1168/1053 857/1166/1053
f 859/1169/1054 858/1167/1054 605/831/1054
f 618/1170/1055 858/1167/1055 859/1169/1055
f 858/1167/1053 621/1171/1053 624/1168/1053
f 618/1170/1055 621/1171/1055 858/1167/1055
f 860/1172/1056 859/1169/1056 605/831/1056
f 860/1172/1057 618/1170/1058 859/1169/1057
f 861/1173/1059 860/1172/1059 605/831/1059
f 860/1172/1057 615/1174/1058 618/1170/1058
f 612/1175/1060 615/1174/1060 860/1172/1060
f 612/1175/1060 860/1172/1060 861/1173/1060
f 862/1176/1061 861/1173/1061 605/831/1061
f 608/834/1062 612/1175/1062 861/1173/1063
f 608/834/1062 861/1173/1063 862/1176/1063
f 606/832/1064 862/1176/1064 605/831/1064
f 606/832/695 608/834/696 862/1176/695
f 599/819/1065 598/821/1065 605/831/1065
f 598/821/1066 601/826/1066 605/831/1066
f 601/826/1067 602/825/1067 605/831/1067
f 593/815/677 404/588/677 402/587/677
f 571/788/1068 440/1177/1068 439/1178/1069
f 571/788/1068 863/1179/1068 440/1177/1068
f 568/781/1070 863/1179/1070 571/788/1071
f 568/781/1070 555/768/1070 863/1179/1070
f 863/1179/1072 442/639/1072 440/1177/1072
f 863/1179/1072 449/648/1072 442/639/1072
f 555/768/628 449/648/628 863/1179/628
f 558/771/633 555/768/633 568/781/633
f 547/757/1073 557/769/1073 561/772/1073
f 544/753/961 547/757/961 561/772/961
f 557/769/629 864/1180/629 553/766/629
f 547/757/1073 864/1180/1073 557/769/1073
f 549/758/625 553/766/625 864/1180/625
f 547/757/618 549/758/618 864/1180/618
f 548/759/622 865/1181/622 457/655/622
f 545/755/1074 865/1181/1074 548/759/1074
f 545/755/1074 866/1182/1074 865/1181/1074
f 461/658/535 457/655/535 865/1181/535
f 866/1182/1075 461/658/1075 865/1181/1076
f 542/751/1077 866/1182/1077 545/755/1077
f 542/751/1077 867/1183/1077 866/1182/1077
f 866/1182/1075 464/663/1075 461/658/1075
f 867/1183/1078 464/663/1078 866/1182/1079
f 869/1184/1080 867/1183/1080 868/1185/1080
f 539/744/1081 868/1185/1081 867/1183/1081
f 869/1184/1080 870/1186/1080 867/1183/1080
f 539/744/1081 867/1183/1081 542/751/1081
f 867/1183/1078 870/1186/1078 464/663/1078
f 870/1186/1082 463/662/1082 464/663/1082
f 870/1186/1082 469/668/1083 463/662/1082
f 869/1184/1084 469/668/1085 870/1186/1084
f 871/1187/1086 869/1184/1086 868/1185/1086
f 869/1184/1084 471/670/1085 469/668/1085
f 871/1187/1087 471/670/1088 869/1184/1087
f 871/1187/1086 868/1185/1086 872/1188/1086
f 873/1189/1089 871/1187/1089 872/1188/1089
f 871/1187/1087 475/672/1088 471/670/1088
f 873/1189/1090 475/672/1091 871/1187/1090
f 873/1189/1089 872/1188/1089 874/1190/1092
f 875/1191/1093 873/1189/1093 874/1190/1093
f 873/1189/1090 489/679/1091 475/672/1091
f 875/1191/1094 489/679/1095 873/1189/1094
f 875/1191/1093 874/1190/1093 876/1192/1093
f 497/696/1096 875/1191/1096 876/1192/1096
f 875/1191/1094 491/690/1095 489/679/1095
f 497/696/1097 491/690/1098 875/1191/1098
f 524/726/1099 876/1192/1099 527/730/1099
f 527/730/1100 876/1192/1100 874/1190/1100
f 524/726/1099 496/694/1099 876/1192/1099
f 497/696/1096 876/1192/1096 496/694/1096
f 527/730/1100 874/1190/1100 529/733/1100
f 529/733/1101 874/1190/1101 872/1188/1101
f 529/733/1101 872/1188/1101 538/742/1101
f 538/742/1102 872/1188/1102 868/1185/1102
f 538/742/1102 868/1185/1102 539/744/1102
f 529/733/604 538/742/604 530/734/604
f 521/722/1103 496/694/1103 524/726/1104
f 521/722/1103 495/695/1103 496/694/1103
f 518/717/1105 495/695/1105 521/722/1105
f 515/714/1106 500/698/1106 518/717/1106
f 518/717/1105 500/698/1105 495/695/1105
f 515/714/1106 499/697/1106 500/698/1106
f 506/705/585 499/697/585 515/714/585
f 503/702/582 470/669/582 468/666/582
f 497/696/1097 492/691/1098 491/690/1098
f 458/657/532 490/680/532 454/653/532
