# Blender 4.3.2
# www.blender.org
mtllib handRight.mtl
o 腕_右_円柱.001
v 0.198900 -0.972411 -0.005994
v 0.083431 -0.429367 -0.005994
v 0.195690 -0.972411 0.026598
v 0.082440 -0.429367 0.004071
v 0.186183 -0.972411 0.057937
v 0.079504 -0.429367 0.013749
v 0.170745 -0.972411 0.086819
v 0.074736 -0.429367 0.022668
v 0.149969 -0.972411 0.112135
v 0.068321 -0.429367 0.030486
v 0.124654 -0.972411 0.132911
v 0.060503 -0.429367 0.036902
v 0.095771 -0.972411 0.148349
v 0.051583 -0.429367 0.041670
v 0.064432 -0.972411 0.157855
v 0.041905 -0.429367 0.044606
v 0.031841 -0.972411 0.161065
v 0.031841 -0.429367 0.045597
v -0.000751 -0.972411 0.157855
v 0.021776 -0.429367 0.044606
v -0.032090 -0.972411 0.148349
v 0.012098 -0.429367 0.041670
v -0.060972 -0.972411 0.132911
v 0.003179 -0.429367 0.036902
v -0.086288 -0.972411 0.112135
v -0.004639 -0.429367 0.030486
v -0.107064 -0.972411 0.086819
v -0.011055 -0.429367 0.022668
v -0.122502 -0.972411 0.057937
v -0.015823 -0.429367 0.013749
v -0.132008 -0.972411 0.026598
v -0.018759 -0.429367 0.004071
v -0.135218 -0.972411 -0.005994
v -0.019750 -0.429367 -0.005994
v -0.132008 -0.972411 -0.038585
v -0.018759 -0.429367 -0.016058
v -0.122502 -0.972411 -0.069924
v -0.015823 -0.429367 -0.025736
v -0.107064 -0.972411 -0.098807
v -0.011055 -0.429367 -0.034656
v -0.086288 -0.972411 -0.124122
v -0.004639 -0.429367 -0.042474
v -0.060972 -0.972411 -0.144898
v 0.003179 -0.429367 -0.048890
v -0.032090 -0.972411 -0.160336
v 0.012098 -0.429367 -0.053657
v -0.000751 -0.972411 -0.169843
v 0.021776 -0.429367 -0.056593
v 0.031841 -0.972411 -0.173053
v 0.031841 -0.429367 -0.057584
v 0.064432 -0.972411 -0.169843
v 0.041905 -0.429367 -0.056593
v 0.095771 -0.972411 -0.160336
v 0.051583 -0.429367 -0.053657
v 0.124654 -0.972411 -0.144898
v 0.060503 -0.429367 -0.048890
v 0.149969 -0.972411 -0.124122
v 0.068321 -0.429367 -0.042474
v 0.170745 -0.972411 -0.098807
v 0.074736 -0.429367 -0.034656
v 0.186183 -0.972411 -0.069924
v 0.079504 -0.429367 -0.025736
v 0.195690 -0.972411 -0.038585
v 0.082440 -0.429367 -0.016058
v 0.182187 -0.663559 -0.005994
v 0.179298 -0.663559 0.023337
v 0.170743 -0.663559 0.051541
v 0.156849 -0.663559 0.077534
v 0.138152 -0.663559 0.100317
v 0.115369 -0.663559 0.119015
v 0.089376 -0.663559 0.132908
v 0.061172 -0.663559 0.141464
v 0.031841 -0.663559 0.144353
v 0.002510 -0.663559 0.141464
v -0.025694 -0.663559 0.132908
v -0.051687 -0.663559 0.119015
v -0.074470 -0.663559 0.100317
v -0.093168 -0.663559 0.077534
v -0.107061 -0.663559 0.051541
v -0.115617 -0.663559 0.023337
v -0.118506 -0.663559 -0.005994
v -0.115617 -0.663559 -0.035325
v -0.107061 -0.663559 -0.063529
v -0.093168 -0.663559 -0.089522
v -0.074470 -0.663559 -0.112305
v -0.051687 -0.663559 -0.131002
v -0.025694 -0.663559 -0.144896
v 0.002510 -0.663559 -0.153451
v 0.031841 -0.663559 -0.156340
v 0.061172 -0.663559 -0.153451
v 0.089376 -0.663559 -0.144896
v 0.115369 -0.663559 -0.131002
v 0.138152 -0.663559 -0.112305
v 0.156849 -0.663559 -0.089522
v 0.170743 -0.663559 -0.063529
v 0.179298 -0.663559 -0.035325
v 0.132809 -0.465593 -0.005994
v 0.130869 -0.465593 0.013704
v 0.125123 -0.465593 0.032645
v 0.115793 -0.465593 0.050101
v 0.103236 -0.465593 0.065402
v 0.087936 -0.465593 0.077959
v 0.070479 -0.465593 0.087289
v 0.051539 -0.465593 0.093035
v 0.031841 -0.465593 0.094975
v 0.012143 -0.465593 0.093035
v -0.006798 -0.465593 0.087289
v -0.024254 -0.465593 0.077959
v -0.039555 -0.465593 0.065402
v -0.052112 -0.465593 0.050101
v -0.061442 -0.465593 0.032645
v -0.067188 -0.465593 0.013704
v -0.069128 -0.465593 -0.005994
v -0.067188 -0.465593 -0.025692
v -0.061442 -0.465593 -0.044633
v -0.052112 -0.465593 -0.062089
v -0.039555 -0.465593 -0.077389
v -0.024254 -0.465593 -0.089946
v -0.006798 -0.465593 -0.099276
v 0.012143 -0.465593 -0.105022
v 0.031841 -0.465593 -0.106962
v 0.051539 -0.465593 -0.105022
v 0.070479 -0.465593 -0.099276
v 0.087936 -0.465593 -0.089946
v 0.103236 -0.465593 -0.077389
v 0.115793 -0.465593 -0.062089
v 0.125123 -0.465593 -0.044633
v 0.130869 -0.465593 -0.025692
v 0.167548 -0.564576 0.021000
v 0.159674 -0.564576 0.046957
v 0.146887 -0.564576 0.070878
v 0.129680 -0.564576 0.091845
v 0.108712 -0.564576 0.109053
v 0.084791 -0.564576 0.121839
v 0.058834 -0.564576 0.129713
v 0.031841 -0.564576 0.132372
v 0.004847 -0.564576 0.129713
v -0.021109 -0.564576 0.121839
v -0.045031 -0.564576 0.109053
v -0.065998 -0.564576 0.091845
v -0.083206 -0.564576 0.070878
v -0.095992 -0.564576 0.046957
v -0.103866 -0.564576 0.021000
v -0.106525 -0.564576 -0.005994
v -0.103866 -0.564576 -0.032987
v -0.095992 -0.564576 -0.058944
v -0.083206 -0.564576 -0.082865
v -0.065998 -0.564576 -0.103833
v -0.045031 -0.564576 -0.121040
v -0.021109 -0.564576 -0.133827
v 0.004847 -0.564576 -0.141700
v 0.031841 -0.564576 -0.144359
v 0.058834 -0.564576 -0.141700
v 0.084791 -0.564576 -0.133827
v 0.108712 -0.564576 -0.121040
v 0.129680 -0.564576 -0.103833
v 0.146887 -0.564576 -0.082865
v 0.159674 -0.564576 -0.058944
v 0.167548 -0.564576 -0.032987
v 0.170206 -0.564576 -0.005994
v 0.201475 -0.979207 -0.005994
v 0.148687 -0.950992 -0.005994
v 0.198215 -0.979207 0.027100
v 0.243595 -1.017180 0.036127
v 0.247744 -1.017180 -0.005994
v 0.198215 -0.979207 -0.039088
v 0.243595 -1.017180 -0.048114
v 0.188562 -0.979207 -0.070910
v 0.280838 -1.063449 -0.055522
v 0.231309 -1.017180 -0.088616
v 0.242930 -1.063449 -0.147039
v 0.266391 -1.063449 -0.103147
v 0.211358 -1.017180 -0.125943
v 0.184507 -1.017180 -0.158660
v 0.211358 -1.063449 -0.185511
v 0.172886 -0.979207 -0.100237
v 0.151790 -0.979207 -0.125943
v 0.126084 -0.979207 -0.147039
v 0.151790 -1.017180 -0.185511
v 0.114463 -0.950992 -0.088616
v 0.128995 -0.950992 -0.070910
v 0.081369 -0.933616 -0.039088
v 0.139792 -0.950992 -0.050709
v 0.086874 -0.933616 -0.028789
v 0.090263 -0.933616 -0.017615
v 0.146441 -0.950992 -0.028789
v 0.031841 -0.927750 -0.005994
v 0.091408 -0.933616 -0.005994
v 0.090263 -0.933616 0.005627
v 0.146441 -0.950992 0.016802
v 0.086874 -0.933616 0.016802
v 0.139792 -0.950992 0.038721
v 0.081369 -0.933616 0.027100
v 0.128995 -0.950992 0.058922
v 0.172886 -0.979207 0.088250
v 0.188562 -0.979207 0.058922
v 0.231309 -1.017180 0.076629
v 0.211358 -1.017180 0.113956
v 0.211358 -1.063449 0.173523
v 0.242930 -1.063449 0.135052
v 0.151790 -0.979207 0.113956
v 0.184507 -1.017180 0.146673
v 0.151790 -1.017180 0.173523
v 0.172886 -1.063449 0.205096
v 0.231309 -1.116237 0.193475
v 0.188562 -1.116237 0.228557
v 0.128995 -1.063449 0.228556
v 0.114463 -1.017180 0.193475
v 0.139792 -1.116237 0.254625
v 0.081369 -1.063449 0.243003
v 0.073961 -1.017180 0.205761
v 0.086874 -1.116237 0.270677
v 0.031841 -1.017180 0.209910
v 0.031841 -1.063449 0.247882
v 0.031841 -1.116237 0.276098
v -0.017688 -1.063449 0.243003
v -0.010280 -1.017180 0.205761
v -0.023193 -1.116237 0.270677
v -0.065313 -1.063449 0.228557
v -0.050782 -1.017180 0.193475
v -0.076111 -1.116237 0.254625
v -0.109205 -1.063449 0.205096
v -0.088109 -1.017180 0.173523
v -0.124881 -1.116237 0.228557
v -0.147676 -1.063449 0.173523
v -0.167628 -1.116237 0.193475
v -0.202709 -1.116237 0.150728
v -0.217156 -1.173515 0.160381
v -0.179914 -1.173515 0.205761
v -0.222034 -1.233083 0.163640
v -0.184062 -1.233083 0.209910
v -0.134534 -1.173515 0.243004
v -0.137793 -1.233083 0.247882
v -0.082760 -1.173515 0.270677
v -0.085005 -1.233083 0.276097
v -0.026582 -1.173515 0.287719
v -0.027727 -1.233083 0.293473
v 0.031841 -1.173515 0.293473
v 0.031841 -1.233083 0.299339
v 0.090264 -1.173515 0.287719
v 0.146442 -1.173515 0.270677
v 0.091408 -1.233083 0.293472
v 0.090264 -1.292650 0.287719
v 0.148687 -1.233083 0.276097
v 0.146442 -1.292650 0.270677
v 0.198215 -1.292650 0.243003
v 0.139792 -1.349929 0.254625
v 0.188562 -1.349929 0.228557
v 0.128995 -1.402717 0.228556
v 0.172886 -1.402717 0.205096
v 0.231309 -1.349929 0.193475
v 0.243595 -1.292650 0.205761
v 0.211358 -1.402717 0.173523
v 0.266391 -1.349929 0.150728
v 0.280838 -1.292650 0.160381
v 0.242930 -1.402717 0.135052
v 0.292459 -1.349929 0.101958
v 0.308511 -1.292650 0.108607
v 0.266391 -1.402717 0.091160
v 0.308511 -1.349929 0.049040
v 0.285716 -1.402717 -0.005994
v 0.325553 -1.292650 0.052429
v 0.313932 -1.349929 -0.005994
v 0.280838 -1.402717 0.043535
v 0.247744 -1.448986 -0.005994
v 0.243595 -1.448986 0.036127
v 0.231309 -1.448986 0.076629
v 0.211358 -1.448986 0.113956
v 0.188562 -1.486958 0.058922
v 0.139792 -1.515174 0.038721
v 0.172886 -1.486958 0.088250
v 0.198215 -1.486958 0.027100
v 0.146441 -1.515174 0.016802
v 0.201475 -1.486958 -0.005994
v 0.148687 -1.515174 -0.005994
v 0.090263 -1.532549 0.005627
v 0.091408 -1.532549 -0.005994
v 0.031841 -1.538416 -0.005994
v 0.086874 -1.532549 0.016802
v 0.081369 -1.532549 0.027100
v 0.128995 -1.515174 0.058922
v 0.114463 -1.515174 0.076629
v 0.073961 -1.532549 0.036127
v 0.064934 -1.532549 0.043535
v 0.076556 -1.515174 0.101958
v 0.054636 -1.532549 0.049040
v 0.096757 -1.515174 0.091160
v 0.126084 -1.486958 0.135052
v 0.151790 -1.448986 0.173523
v 0.096757 -1.486958 0.150728
v 0.151790 -1.486958 0.113956
v 0.184507 -1.448986 0.146673
v 0.114463 -1.448986 0.193475
v 0.064934 -1.486958 0.160381
v 0.073961 -1.448986 0.205761
v 0.054636 -1.515174 0.108607
v 0.031841 -1.515174 0.110852
v 0.031841 -1.448986 0.209910
v 0.031841 -1.486958 0.163640
v -0.001253 -1.486958 0.160381
v 0.009045 -1.515174 0.108607
v -0.033075 -1.486958 0.150728
v -0.012874 -1.515174 0.101958
v 0.020219 -1.532549 0.052429
v 0.009045 -1.532549 0.049040
v 0.031841 -1.532549 0.053574
v 0.043462 -1.532549 0.052429
v -0.001253 -1.532549 0.043535
v -0.033076 -1.515174 0.091160
v -0.050782 -1.515174 0.076629
v -0.010280 -1.532549 0.036127
v -0.065313 -1.515174 0.058923
v -0.017688 -1.532549 0.027100
v -0.023193 -1.532549 0.016802
v -0.082760 -1.515174 0.016802
v -0.026582 -1.532549 0.005627
v -0.076111 -1.515174 0.038721
v -0.124881 -1.486958 0.058923
v -0.109205 -1.486958 0.088250
v -0.088109 -1.486958 0.113956
v -0.147676 -1.448986 0.113956
v -0.179249 -1.402717 0.135052
v -0.167628 -1.448986 0.076629
v -0.120826 -1.448986 0.146673
v -0.088109 -1.448986 0.173523
v -0.147676 -1.402717 0.173523
v -0.167628 -1.349929 0.193475
v -0.109205 -1.402717 0.205096
v -0.065313 -1.402717 0.228557
v -0.050782 -1.448986 0.193475
v -0.124881 -1.349929 0.228557
v -0.076111 -1.349929 0.254625
v -0.023193 -1.349929 0.270677
v -0.082760 -1.292650 0.270677
v -0.134534 -1.292650 0.243004
v -0.179914 -1.292650 0.205761
v -0.217156 -1.292650 0.160381
v -0.202709 -1.349929 0.150728
v -0.250250 -1.233083 0.110852
v -0.244830 -1.292650 0.108607
v -0.228777 -1.349929 0.101958
v -0.267625 -1.233083 0.053574
v -0.261871 -1.292650 0.052429
v -0.244830 -1.349929 0.049040
v -0.273492 -1.233083 -0.005994
v -0.267625 -1.292650 -0.005994
v -0.250250 -1.349929 -0.005994
v -0.261871 -1.292650 -0.064417
v -0.244830 -1.349929 -0.061027
v -0.217156 -1.402717 -0.055522
v -0.228777 -1.349929 -0.113945
v -0.222035 -1.402717 -0.005994
v -0.184062 -1.448986 -0.005994
v -0.217156 -1.402717 0.043535
v -0.179914 -1.448986 0.036127
v -0.202709 -1.402717 0.091160
v -0.134534 -1.486958 0.027100
v -0.137793 -1.486958 -0.005994
v -0.085005 -1.515174 -0.005994
v -0.134534 -1.486958 -0.039088
v -0.082760 -1.515174 -0.028789
v -0.124881 -1.486958 -0.070910
v -0.076111 -1.515174 -0.050709
v -0.023193 -1.532549 -0.028789
v -0.026582 -1.532549 -0.017615
v -0.027727 -1.532549 -0.005994
v -0.065313 -1.515174 -0.070910
v -0.017688 -1.532549 -0.039088
v -0.010280 -1.532549 -0.048114
v -0.050782 -1.515174 -0.088616
v -0.001253 -1.532549 -0.055522
v -0.033076 -1.515174 -0.103148
v -0.012874 -1.515174 -0.113945
v 0.009045 -1.532549 -0.061027
v 0.020219 -1.532549 -0.064417
v 0.031841 -1.532549 -0.065561
v 0.009045 -1.515174 -0.120594
v -0.001253 -1.486958 -0.172368
v -0.033075 -1.486958 -0.162715
v 0.031841 -1.486958 -0.175628
v 0.031841 -1.515174 -0.122840
v 0.064934 -1.486958 -0.172368
v 0.054636 -1.515174 -0.120594
v 0.043462 -1.532549 -0.064417
v 0.076556 -1.515174 -0.113945
v 0.096757 -1.486958 -0.162715
v 0.054636 -1.532549 -0.061027
v 0.126084 -1.486958 -0.147039
v 0.096757 -1.515174 -0.103148
v 0.064934 -1.532549 -0.055522
v 0.114463 -1.515174 -0.088616
v 0.073961 -1.532549 -0.048114
v 0.081369 -1.532549 -0.039088
v 0.128995 -1.515174 -0.070910
v 0.139792 -1.515174 -0.050709
v 0.086874 -1.532549 -0.028789
v 0.090263 -1.532549 -0.017615
v 0.146441 -1.515174 -0.028789
v 0.198215 -1.486958 -0.039088
v 0.188562 -1.486958 -0.070910
v 0.172886 -1.486958 -0.100237
v 0.231309 -1.448986 -0.088616
v 0.211358 -1.448986 -0.125943
v 0.243595 -1.448986 -0.048114
v 0.280838 -1.402717 -0.055522
v 0.308511 -1.349929 -0.061027
v 0.266391 -1.402717 -0.103147
v 0.292459 -1.349929 -0.113945
v 0.242930 -1.402717 -0.147039
v 0.266391 -1.349929 -0.162715
v 0.211358 -1.402717 -0.185511
v 0.172886 -1.402717 -0.217083
v 0.231309 -1.349929 -0.205462
v 0.184507 -1.448986 -0.158660
v 0.151790 -1.486958 -0.125943
v 0.151790 -1.448986 -0.185511
v 0.128995 -1.402717 -0.240544
v 0.114463 -1.448986 -0.205462
v 0.081369 -1.402717 -0.254991
v 0.073961 -1.448986 -0.217748
v 0.031841 -1.448986 -0.221897
v 0.031841 -1.402717 -0.259869
v -0.017688 -1.402717 -0.254991
v -0.010280 -1.448986 -0.217748
v -0.065313 -1.402717 -0.240544
v -0.050782 -1.448986 -0.205462
v -0.062403 -1.486958 -0.147039
v -0.109205 -1.402717 -0.217083
v -0.088109 -1.448986 -0.185511
v -0.088109 -1.486958 -0.125943
v -0.147676 -1.402717 -0.185511
v -0.120826 -1.448986 -0.158660
v -0.147676 -1.448986 -0.125943
v -0.179249 -1.402717 -0.147039
v -0.202709 -1.402717 -0.103148
v -0.202709 -1.349929 -0.162715
v -0.167628 -1.349929 -0.205462
v -0.179914 -1.292650 -0.217748
v -0.217156 -1.292650 -0.172368
v -0.124881 -1.349929 -0.240544
v -0.134534 -1.292650 -0.254991
v -0.076111 -1.349929 -0.266612
v -0.082760 -1.292650 -0.282665
v -0.023193 -1.349929 -0.282665
v -0.026582 -1.292650 -0.299706
v 0.031841 -1.349929 -0.288085
v 0.031841 -1.292650 -0.305460
v 0.086874 -1.349929 -0.282665
v 0.090264 -1.292650 -0.299706
v 0.139792 -1.349929 -0.266612
v 0.188562 -1.349929 -0.240544
v 0.146441 -1.292650 -0.282664
v 0.148687 -1.233083 -0.288085
v 0.091408 -1.233083 -0.305460
v 0.198215 -1.292650 -0.254991
v 0.201475 -1.233083 -0.259869
v 0.243595 -1.292650 -0.217748
v 0.247744 -1.233083 -0.221897
v 0.280838 -1.292650 -0.172368
v 0.285716 -1.233083 -0.175627
v 0.308511 -1.292650 -0.120594
v 0.313932 -1.233083 -0.122839
v 0.325553 -1.292650 -0.064417
v 0.331307 -1.233083 -0.065561
v 0.331307 -1.292650 -0.005994
v 0.337174 -1.233083 -0.005994
v 0.331307 -1.233083 0.053574
v 0.331307 -1.173515 -0.005994
v 0.325553 -1.173515 0.052429
v 0.313932 -1.233083 0.110852
v 0.308511 -1.173515 0.108607
v 0.285716 -1.233083 0.163640
v 0.280838 -1.173515 0.160381
v 0.247744 -1.233083 0.209909
v 0.243595 -1.173515 0.205761
v 0.198215 -1.173515 0.243003
v 0.201475 -1.233083 0.247881
v 0.266391 -1.116237 0.150728
v 0.292459 -1.116237 0.101958
v 0.266391 -1.063449 0.091160
v 0.308511 -1.116237 0.049040
v 0.285716 -1.063449 -0.005994
v 0.280838 -1.063449 0.043535
v 0.313932 -1.116237 -0.005994
v 0.325553 -1.173515 -0.064417
v 0.308511 -1.116237 -0.061027
v 0.292459 -1.116237 -0.113945
v 0.308511 -1.173515 -0.120594
v 0.280838 -1.173515 -0.172368
v 0.266391 -1.116237 -0.162715
v 0.243595 -1.173515 -0.217748
v 0.231309 -1.116237 -0.205462
v 0.198215 -1.173515 -0.254991
v 0.188562 -1.116237 -0.240544
v 0.146441 -1.173515 -0.282664
v 0.139792 -1.116237 -0.266612
v 0.090264 -1.173515 -0.299706
v 0.031841 -1.233083 -0.311327
v 0.086874 -1.116237 -0.282665
v 0.031841 -1.173515 -0.305460
v -0.026582 -1.173515 -0.299706
v -0.027727 -1.233083 -0.305460
v 0.031841 -1.116237 -0.288085
v 0.031841 -1.063449 -0.259869
v -0.017688 -1.063449 -0.254991
v -0.023193 -1.116237 -0.282665
v -0.076111 -1.116237 -0.266612
v -0.082760 -1.173515 -0.282665
v -0.065313 -1.063449 -0.240544
v -0.109205 -1.063449 -0.217083
v -0.050782 -1.017180 -0.205462
v -0.010280 -1.017180 -0.217748
v -0.001253 -0.979207 -0.172368
v -0.033075 -0.979207 -0.162715
v 0.031841 -1.017180 -0.221897
v 0.031841 -0.979207 -0.175628
v 0.064934 -0.979207 -0.172368
v 0.073961 -1.017180 -0.217748
v 0.081369 -1.063449 -0.254991
v 0.114463 -1.017180 -0.205462
v 0.128995 -1.063449 -0.240544
v 0.172886 -1.063449 -0.217083
v 0.096757 -0.979207 -0.162715
v 0.076556 -0.950992 -0.113945
v 0.043462 -0.933616 -0.064417
v 0.064934 -0.933616 -0.055522
v 0.096757 -0.950992 -0.103148
v 0.054636 -0.950992 -0.120594
v 0.054636 -0.933616 -0.061027
v 0.031841 -0.933616 -0.065561
v 0.031841 -0.950992 -0.122840
v 0.009045 -0.950992 -0.120594
v 0.020219 -0.933616 -0.064417
v -0.012874 -0.950992 -0.113945
v 0.009045 -0.933616 -0.061027
v -0.001253 -0.933616 -0.055522
v -0.033076 -0.950992 -0.103148
v -0.050782 -0.950992 -0.088616
v -0.062403 -0.979207 -0.147039
v -0.088109 -0.979207 -0.125943
v -0.088109 -1.017180 -0.185511
v -0.147676 -1.063449 -0.185511
v -0.120826 -1.017180 -0.158660
v -0.147676 -1.017180 -0.125943
v -0.179249 -1.063449 -0.147039
v -0.167628 -1.116237 -0.205462
v -0.202709 -1.116237 -0.162715
v -0.202709 -1.063449 -0.103148
v -0.167628 -1.017180 -0.088616
v -0.228777 -1.116237 -0.113945
v -0.217156 -1.063449 -0.055522
v -0.179914 -1.017180 -0.048114
v -0.184062 -1.017180 -0.005994
v -0.244830 -1.116237 -0.061027
v -0.222035 -1.063449 -0.005994
v -0.250250 -1.116237 -0.005994
v -0.217156 -1.063449 0.043535
v -0.244830 -1.116237 0.049040
v -0.267625 -1.173515 -0.005994
v -0.261871 -1.173515 0.052429
v -0.228777 -1.116237 0.101958
v -0.202709 -1.063449 0.091160
v -0.244830 -1.173515 0.108607
v -0.167628 -1.017180 0.076629
v -0.147676 -1.017180 0.113956
v -0.179249 -1.063449 0.135052
v -0.120826 -1.017180 0.146673
v -0.088109 -0.979207 0.113956
v -0.050782 -0.950992 0.076629
v -0.109205 -0.979207 0.088250
v -0.062403 -0.979207 0.135052
v -0.033075 -0.979207 0.150728
v -0.033076 -0.950992 0.091160
v -0.001253 -0.933616 0.043535
v -0.012874 -0.950992 0.101958
v 0.009045 -0.950992 0.108607
v 0.009045 -0.933616 0.049040
v 0.020219 -0.933616 0.052429
v 0.031841 -0.933616 0.053574
v 0.031841 -0.950992 0.110852
v 0.031841 -0.979207 0.163640
v 0.054636 -0.950992 0.108607
v 0.064934 -0.979207 0.160381
v 0.076556 -0.950992 0.101958
v 0.096757 -0.979207 0.150728
v 0.126084 -0.979207 0.135052
v 0.096757 -0.950992 0.091160
v 0.114463 -0.950992 0.076629
v 0.073961 -0.933616 0.036127
v 0.064934 -0.933616 0.043535
v 0.054636 -0.933616 0.049040
v 0.043462 -0.933616 0.052429
v -0.001253 -0.979207 0.160381
v -0.010280 -0.933616 0.036127
v -0.017688 -0.933616 0.027100
v -0.065313 -0.950992 0.058923
v -0.023193 -0.933616 0.016802
v -0.076111 -0.950992 0.038721
v -0.124881 -0.979207 0.058923
v -0.082760 -0.950992 0.016802
v -0.026582 -0.933616 0.005627
v -0.134534 -0.979207 0.027100
v -0.085005 -0.950992 -0.005994
v -0.137793 -0.979207 -0.005994
v -0.082760 -0.950992 -0.028789
v -0.134534 -0.979207 -0.039088
v -0.124881 -0.979207 -0.070910
v -0.109205 -0.979207 -0.100237
v -0.076111 -0.950992 -0.050709
v -0.023193 -0.933616 -0.028789
v -0.065313 -0.950992 -0.070910
v -0.017688 -0.933616 -0.039088
v -0.010280 -0.933616 -0.048114
v -0.026582 -0.933616 -0.017615
v -0.027727 -0.933616 -0.005994
v -0.179914 -1.017180 0.036127
v -0.261871 -1.173515 -0.064417
v -0.267625 -1.233083 -0.065561
v -0.244830 -1.173515 -0.120595
v -0.250250 -1.233083 -0.122840
v -0.217156 -1.173515 -0.172368
v -0.222034 -1.233083 -0.175628
v -0.179914 -1.173515 -0.217748
v -0.184062 -1.233083 -0.221897
v -0.124881 -1.116237 -0.240544
v -0.134534 -1.173515 -0.254991
v -0.137793 -1.233083 -0.259869
v -0.085005 -1.233083 -0.288085
v -0.244830 -1.292650 -0.120595
v 0.073961 -0.933616 -0.048114
v -0.167628 -1.448986 -0.088616
v -0.179914 -1.448986 -0.048114
v -0.109205 -1.486958 -0.100237
v -0.026582 -1.292650 0.287719
v 0.031841 -1.292650 0.293473
v 0.031841 -1.349929 0.276098
v -0.017688 -1.402717 0.243003
v 0.031841 -1.402717 0.247882
v 0.086874 -1.349929 0.270677
v 0.081369 -1.402717 0.243003
v -0.010280 -1.448986 0.205761
v -0.062403 -1.486958 0.135052
v -0.090370 -1.202958 -0.463167
v -0.090370 -1.183502 0.613694
v -0.090370 -1.202958 0.613694
v -0.060328 -1.271167 0.613694
v -0.060328 -1.271167 -0.463167
v -0.090370 -1.202958 -0.711536
v -0.090370 -1.582957 -0.463167
v -0.090370 -1.183502 -0.463167
v -0.060328 -1.115294 -0.463167
v -0.090370 -0.804372 -0.463167
v -0.090370 -0.804372 -0.711536
v -0.090370 -1.183502 -0.711536
v -0.060328 -1.271167 -0.711536
v -0.060328 -1.115294 -0.711536
v -0.030286 -1.296463 -0.711536
v -0.060328 -0.748678 -0.711536
v -0.030286 -1.089998 -0.711536
v -0.030286 -0.693938 -0.711536
v -0.000243 -1.078242 -0.711536
v 0.029799 -1.313241 -0.711536
v -0.000243 -1.308219 -0.711536
v -0.000243 -0.693959 -0.711536
v 0.029799 -1.073219 -0.711536
v 0.029799 -0.694089 -0.711536
v 0.059842 -0.693959 -0.711536
v 0.059842 -1.078242 -0.711536
v 0.059842 -1.308219 -0.711536
v 0.089884 -0.693938 -0.711536
v 0.089884 -1.089998 -0.711536
v 0.089884 -1.296463 -0.711536
v 0.119926 -1.637844 -0.711536
v 0.089884 -1.693067 -0.711536
v 0.119926 -1.115294 -0.711536
v 0.119926 -1.271167 -0.711536
v 0.149969 -1.202958 -0.711536
v 0.149969 -1.183502 -0.711536
v 0.149969 -1.582957 -0.711536
v 0.119926 -1.637844 -0.463167
v 0.149969 -1.202958 -0.463167
v 0.149969 -1.582957 -0.463167
v 0.119926 -1.271167 -0.463167
v 0.089884 -1.296463 -0.463167
v 0.149969 -1.202958 0.613694
v 0.119926 -1.271167 0.613694
v 0.149969 -1.183502 0.613694
v 0.119926 -1.115294 0.613694
v 0.089884 -1.296463 0.613694
v 0.059842 -1.078242 0.613694
v 0.059842 -1.308219 0.613694
v 0.059842 -1.308219 -0.463167
v 0.089884 -1.089998 0.613694
v 0.119926 -1.115294 -0.463167
v 0.089884 -1.089998 -0.463167
v 0.119926 -0.748678 -0.463167
v 0.089884 -0.693938 -0.463167
v 0.059842 -1.078242 -0.463167
v 0.059842 -0.693959 -0.463167
v 0.029799 -1.073219 -0.463167
v 0.029799 -1.073219 0.613694
v 0.029799 -1.313241 0.613694
v -0.000243 -1.078242 0.613694
v -0.000243 -1.078242 -0.463167
v -0.030285 -1.089998 0.613694
v -0.000243 -1.308219 0.613694
v -0.030285 -1.296463 0.613694
v -0.030286 -1.296463 -0.463167
v -0.060328 -1.115294 0.613694
v -0.030286 -1.089998 -0.463167
v -0.030286 -0.693938 -0.463167
v -0.060328 -0.748678 -0.463167
v -0.000243 -0.693959 -0.463167
v 0.029799 -0.694089 -0.463167
v -0.000243 -1.308219 -0.463167
v -0.060328 -1.637844 -0.463167
v -0.030286 -1.693067 -0.463167
v -0.030286 -1.693067 -0.711536
v -0.000243 -1.693182 -0.463167
v -0.000243 -1.693182 -0.711536
v 0.029799 -1.693241 -0.711536
v 0.029799 -1.693241 -0.463167
v 0.059842 -1.693182 -0.711536
v 0.059842 -1.693182 -0.463167
v 0.029799 -1.313241 -0.463167
v 0.089884 -1.693067 -0.463167
v -0.060328 -1.637844 -0.711536
v -0.090370 -1.582957 -0.711536
v 0.149969 -0.804372 -0.463167
v 0.119926 -0.748678 -0.711536
v 0.149969 -0.804372 -0.711536
v 0.149969 -1.183502 -0.463167
v 0.014543 -1.413825 -2.680636
v 0.046692 -1.413825 -0.680636
v 0.046692 -1.413825 -2.680636
v -0.065867 -1.304458 -0.680636
v 0.014543 -1.413825 -0.680636
v 0.034281 -1.210576 -3.018664
v -0.065867 -1.304458 -2.680636
v 0.026954 -1.210576 -3.018664
v 0.008629 -1.202833 -3.018664
v 0.052606 -1.202833 -3.018664
v -0.065867 -1.195091 -2.680636
v 0.008629 -1.195091 -3.018664
v 0.008629 -1.187349 -3.018664
v 0.052606 -1.195091 -3.018664
v 0.127102 -1.195091 -2.680636
v 0.052606 -1.187349 -3.018664
v 0.127102 -1.085724 -2.680636
v 0.034281 -1.179607 -3.018664
v 0.026954 -1.179607 -3.018664
v 0.046692 -0.976357 -2.680636
v 0.014543 -0.976357 -2.680636
v 0.127102 -1.085724 -0.680636
v 0.014543 -0.976357 -0.680636
v 0.046692 -0.976357 -0.680636
v -0.065867 -1.085724 -0.680636
v -0.065867 -1.085724 -2.680636
v -0.065867 -1.195091 -0.680636
v 0.127102 -1.195091 -0.680636
v 0.127102 -1.304458 -0.680636
v 0.127102 -1.304458 -2.680636
v 0.408830 -0.272694 0.046848
v 0.306724 -0.304176 0.143108
v 0.408830 -0.272694 0.040613
v 0.432473 -0.259769 0.041637
v 0.332025 -0.285631 0.167905
v 0.306724 -0.304176 0.163985
v 0.432473 -0.259769 0.048019
v 0.335328 -0.259315 0.163985
v 0.429923 -0.239612 0.046848
v 0.340175 -0.251712 0.143108
v 0.429923 -0.239612 0.040613
v 0.345023 -0.244109 0.122230
v 0.429923 -0.239612 0.034378
v 0.432473 -0.259769 0.035256
v 0.432473 -0.259769 0.022493
v 0.408830 -0.272694 0.034378
v 0.408830 -0.272694 0.021907
v 0.306724 -0.304176 0.080476
v 0.306724 -0.304176 0.122230
v 0.204618 -0.335657 0.115420
v 0.204618 -0.335657 0.174646
v 0.033385 -0.346900 0.135763
v 0.033385 -0.346900 0.205161
v 0.204618 -0.335657 0.204259
v 0.033385 -0.346900 0.239860
v 0.204618 -0.335657 0.233873
v 0.225994 -0.320250 0.239433
v 0.050450 -0.332214 0.281074
v 0.033385 -0.346900 0.274559
v -0.113115 -0.319350 0.260229
v -0.099666 -0.304297 0.304900
v -0.113115 -0.319350 0.297839
v -0.236531 -0.255596 0.314872
v -0.236531 -0.255596 0.275134
v -0.228624 -0.243197 0.322333
v -0.332756 -0.143159 0.322333
v -0.216532 -0.224232 0.314872
v -0.316489 -0.123685 0.314872
v -0.397683 0.006286 0.297005
v -0.137723 0.156684 0.275134
v -0.280221 0.190510 0.259500
v -0.214390 0.293756 0.221995
v -0.388122 0.278596 0.184081
v -0.422833 0.224156 0.215266
v -0.490145 0.247243 0.168025
v -0.477284 0.267415 0.143588
v -0.471222 0.148266 0.246452
v -0.503007 0.227072 0.192462
v -0.491642 0.134357 0.252307
v -0.522988 0.216872 0.197051
v -0.538749 0.299672 0.034630
v -0.556469 0.296037 0.030696
v -0.556469 0.296037 0.035514
v -0.538749 0.299672 0.029922
v -0.556469 0.296037 0.025877
v -0.538749 0.299672 0.025214
v -0.538749 0.299672 0.015798
v -0.451561 0.307758 0.094714
v -0.556469 0.296037 0.016240
v -0.554748 0.274581 0.025214
v -0.556469 0.296037 -0.003034
v -0.554748 0.274581 0.015798
v -0.554748 0.274581 -0.003034
v -0.525414 0.191930 -0.003034
v -0.525414 0.191930 0.094714
v -0.496080 0.109279 0.121709
v -0.525414 0.191930 0.143588
v -0.496080 0.109279 -0.003034
v -0.422659 -0.032884 -0.003034
v -0.525414 0.191930 -0.100781
v -0.496080 0.109279 -0.127776
v -0.422659 -0.032884 -0.153053
v -0.525414 0.191930 -0.149655
v -0.496079 0.109279 -0.190148
v -0.525414 0.191930 -0.174092
v -0.496079 0.109279 -0.221333
v -0.422659 -0.032884 -0.228062
v -0.340269 -0.160981 -0.161986
v -0.340269 -0.160981 -0.241463
v -0.422659 -0.032884 -0.265567
v -0.422659 -0.032884 -0.303072
v -0.340269 -0.160981 -0.281201
v -0.496079 0.109279 -0.252519
v -0.525414 0.191930 -0.198529
v -0.491642 0.134357 -0.258375
v -0.416434 -0.011044 -0.310114
v -0.471222 0.148266 -0.252519
v -0.397683 0.006286 -0.303072
v -0.332756 -0.143159 -0.328400
v -0.316489 -0.123685 -0.320939
v -0.236531 -0.255596 -0.320939
v -0.228624 -0.243196 -0.328400
v -0.340269 -0.160981 -0.320939
v -0.236531 -0.255596 -0.281201
v -0.113115 -0.319350 -0.303906
v -0.113115 -0.319350 -0.266297
v -0.236531 -0.255596 -0.241463
v -0.236531 -0.255596 -0.161986
v -0.113115 -0.319350 -0.228687
v 0.033385 -0.346900 -0.211228
v 0.033385 -0.346900 -0.245927
v -0.113115 -0.319350 -0.153469
v -0.113115 -0.319350 -0.003034
v -0.236531 -0.255596 -0.003034
v 0.033385 -0.346900 -0.141830
v 0.204618 -0.335657 -0.180713
v 0.204618 -0.335657 -0.121487
v 0.033385 -0.346900 -0.003034
v 0.204618 -0.335657 -0.003034
v 0.306724 -0.304176 -0.086543
v 0.306724 -0.304176 -0.003034
v 0.408830 -0.272694 -0.027974
v 0.408830 -0.272694 -0.003034
v 0.432473 -0.259769 -0.003034
v 0.429923 -0.239612 -0.027974
v 0.429923 -0.239612 0.021907
v 0.432473 -0.259769 -0.028560
v 0.429923 -0.239612 -0.003034
v 0.374110 -0.198490 -0.003034
v 0.327740 -0.142558 -0.003034
v 0.354719 -0.228902 -0.086543
v 0.354719 -0.228902 0.080476
v 0.308378 -0.172925 0.115420
v 0.248616 -0.009339 0.135763
v 0.283630 -0.211739 0.174646
v 0.269146 0.022860 -0.003034
v 0.308378 -0.172925 -0.121487
v 0.248616 -0.009339 -0.141830
v 0.192759 0.160370 -0.003034
v 0.175482 0.133274 -0.153470
v 0.175482 0.133274 0.147403
v 0.097683 0.268572 -0.003034
v 0.082107 0.244142 -0.161986
v 0.082107 0.244142 0.155919
v -0.020477 0.340568 -0.003034
v -0.172839 0.358923 -0.003034
v -0.037029 0.314609 -0.161986
v -0.037029 0.314609 0.155919
v -0.188861 0.333795 0.146986
v 0.057048 0.204842 0.235396
v -0.065636 0.269743 0.235396
v -0.014094 0.093265 0.275134
v -0.088215 -0.280297 0.297839
v 0.082709 -0.012226 0.260230
v 0.154186 -0.157440 0.239860
v 0.058614 -0.307330 0.274559
v 0.149691 0.092825 0.222621
v 0.216933 -0.059029 0.205161
v 0.257009 -0.253490 0.204259
v 0.230388 -0.295241 0.233873
v -0.334296 0.363014 -0.003034
v -0.348711 0.340406 0.121709
v -0.436523 0.331343 -0.003034
v -0.538749 0.299672 -0.003034
v -0.538749 0.299672 -0.021865
v -0.348711 0.340406 -0.127776
v -0.451561 0.307758 -0.100781
v -0.388122 0.278596 -0.190148
v -0.477284 0.267415 -0.149655
v -0.538749 0.299672 -0.031281
v -0.556469 0.296037 -0.022307
v -0.556469 0.296037 -0.031944
v -0.538749 0.299672 -0.035989
v -0.538749 0.299672 -0.040697
v -0.556469 0.296037 -0.036763
v -0.490145 0.247243 -0.174092
v -0.503007 0.227072 -0.198529
v -0.422833 0.224156 -0.221333
v -0.280221 0.190510 -0.265567
v -0.137723 0.156684 -0.281201
v -0.214390 0.293756 -0.228062
v -0.188861 0.333795 -0.153053
v -0.065636 0.269743 -0.241463
v 0.057048 0.204842 -0.241463
v -0.014094 0.093265 -0.281201
v 0.082709 -0.012226 -0.266297
v -0.216532 -0.224232 -0.320939
v -0.088215 -0.280298 -0.303906
v 0.058614 -0.307330 -0.280626
v 0.050450 -0.332214 -0.287141
v -0.099666 -0.304297 -0.310967
v 0.033385 -0.346900 -0.280626
v 0.204618 -0.335657 -0.239940
v 0.204618 -0.335657 -0.210326
v 0.306724 -0.304176 -0.170052
v 0.225994 -0.320250 -0.245500
v 0.230388 -0.295241 -0.239940
v 0.332025 -0.285631 -0.173972
v 0.432473 -0.259769 -0.054086
v 0.335328 -0.259315 -0.170052
v 0.408830 -0.272694 -0.052915
v 0.306724 -0.304176 -0.149175
v 0.408830 -0.272694 -0.046680
v 0.432473 -0.259769 -0.047704
v 0.429923 -0.239612 -0.046680
v 0.429923 -0.239612 -0.052915
v 0.432473 -0.259769 -0.041323
v 0.429923 -0.239612 -0.040445
v 0.408830 -0.272694 -0.040445
v 0.306724 -0.304176 -0.128297
v 0.345023 -0.244109 -0.128297
v 0.283630 -0.211739 -0.180713
v 0.340175 -0.251712 -0.149175
v 0.257009 -0.253490 -0.210326
v 0.216933 -0.059029 -0.211228
v 0.154186 -0.157440 -0.245927
v 0.149691 0.092825 -0.228688
v -0.522988 0.216872 -0.203118
v -0.554748 0.274581 -0.040697
v -0.556469 0.296037 -0.041581
v -0.554748 0.274581 -0.035989
v -0.554748 0.274581 -0.031281
v -0.554748 0.274581 -0.021865
v -0.340269 -0.160981 -0.003034
v -0.236531 -0.255596 0.155919
v -0.113115 -0.319350 0.147402
v -0.113115 -0.319350 0.222620
v -0.236531 -0.255596 0.235396
v -0.340269 -0.160981 0.235396
v -0.340269 -0.160981 0.155919
v -0.422659 -0.032884 0.221995
v -0.422659 -0.032884 0.146986
v -0.496080 0.109279 0.184081
v -0.525414 0.191930 0.168025
v -0.496080 0.109279 0.215266
v -0.525414 0.191930 0.192462
v -0.496080 0.109279 0.246452
v -0.422659 -0.032884 0.259500
v -0.422659 -0.032884 0.297005
v -0.340269 -0.160981 0.275134
v -0.340269 -0.160981 0.314872
v -0.416434 -0.011044 0.304047
v -0.554748 0.274581 0.034630
v -0.554748 0.274581 0.029922
vn 0.5905 0.8049 0.0581
vn 0.5905 0.8049 0.0582
vn 0.5678 0.8049 0.1723
vn 0.5233 0.8049 0.2797
vn 0.4587 0.8049 0.3764
vn 0.3764 0.8049 0.4587
vn 0.2797 0.8049 0.5233
vn 0.1723 0.8049 0.5678
vn 0.0582 0.8049 0.5905
vn -0.0581 0.8049 0.5905
vn -0.0582 0.8049 0.5905
vn -0.1723 0.8049 0.5678
vn -0.2797 0.8049 0.5233
vn -0.3764 0.8049 0.4587
vn -0.4587 0.8049 0.3764
vn -0.5233 0.8049 0.2797
vn -0.5678 0.8049 0.1723
vn -0.5905 0.8049 0.0581
vn -0.5905 0.8049 0.0582
vn -0.5905 0.8049 -0.0582
vn -0.5905 0.8049 -0.0581
vn -0.5678 0.8049 -0.1723
vn -0.5233 0.8049 -0.2797
vn -0.4587 0.8049 -0.3764
vn -0.3764 0.8049 -0.4587
vn -0.2797 0.8049 -0.5233
vn -0.1723 0.8049 -0.5678
vn -0.0582 0.8049 -0.5905
vn -0.0581 0.8049 -0.5905
vn 0.0582 0.8049 -0.5905
vn 0.1723 0.8049 -0.5678
vn 0.2797 0.8049 -0.5233
vn 0.3765 0.8049 -0.4587
vn 0.3764 0.8049 -0.4587
vn 0.4587 0.8049 -0.3764
vn 0.4587 0.8049 -0.3765
vn 0.5233 0.8049 -0.2797
vn -0.0000 1.0000 -0.0000
vn 0.5678 0.8049 -0.1723
vn 0.5905 0.8049 -0.0582
vn 0.5905 0.8049 -0.0581
vn -0.0000 -1.0000 -0.0000
vn 0.9937 0.0538 -0.0979
vn 0.9556 0.0538 -0.2899
vn 0.9556 0.0538 -0.2898
vn 0.8806 0.0538 -0.4707
vn 0.7719 0.0538 -0.6335
vn 0.6335 0.0538 -0.7719
vn 0.4707 0.0538 -0.8806
vn 0.2899 0.0538 -0.9556
vn 0.2898 0.0538 -0.9556
vn 0.0979 0.0538 -0.9937
vn -0.0979 0.0538 -0.9937
vn -0.2898 0.0538 -0.9556
vn -0.2899 0.0538 -0.9556
vn -0.4707 0.0538 -0.8806
vn -0.6335 0.0538 -0.7719
vn -0.7719 0.0538 -0.6335
vn -0.8807 0.0538 -0.4707
vn -0.8806 0.0538 -0.4707
vn -0.9556 0.0538 -0.2899
vn -0.9556 0.0538 -0.2898
vn -0.9937 0.0538 -0.0979
vn -0.9937 0.0538 0.0979
vn -0.9556 0.0538 0.2899
vn -0.9556 0.0538 0.2898
vn -0.8807 0.0538 0.4707
vn -0.8806 0.0538 0.4707
vn -0.7719 0.0538 0.6335
vn -0.6335 0.0538 0.7719
vn -0.4707 0.0538 0.8806
vn -0.4707 0.0538 0.8807
vn -0.2899 0.0538 0.9556
vn -0.2898 0.0538 0.9556
vn -0.0979 0.0538 0.9937
vn 0.0979 0.0538 0.9937
vn 0.2899 0.0538 0.9556
vn 0.2898 0.0538 0.9556
vn 0.4707 0.0538 0.8807
vn 0.4707 0.0538 0.8806
vn 0.6335 0.0538 0.7719
vn 0.7719 0.0538 0.6335
vn 0.8806 0.0538 0.4707
vn 0.9556 0.0538 0.2898
vn 0.9556 0.0538 0.2899
vn 0.9937 0.0538 0.0979
vn 0.9315 0.3519 -0.0917
vn 0.8957 0.3519 -0.2717
vn 0.8255 0.3519 -0.4413
vn 0.8255 0.3519 -0.4412
vn 0.7235 0.3519 -0.5938
vn 0.7236 0.3519 -0.5938
vn 0.5938 0.3519 -0.7235
vn 0.5938 0.3519 -0.7236
vn 0.4413 0.3519 -0.8255
vn 0.4412 0.3519 -0.8255
vn 0.2717 0.3519 -0.8957
vn 0.0917 0.3519 -0.9315
vn 0.0918 0.3519 -0.9315
vn -0.0918 0.3519 -0.9315
vn -0.0917 0.3519 -0.9315
vn -0.2717 0.3519 -0.8957
vn -0.4412 0.3519 -0.8255
vn -0.5938 0.3519 -0.7236
vn -0.7235 0.3519 -0.5938
vn -0.7236 0.3519 -0.5938
vn -0.8255 0.3519 -0.4412
vn -0.8957 0.3519 -0.2717
vn -0.9315 0.3519 -0.0918
vn -0.9315 0.3519 -0.0917
vn -0.9315 0.3519 0.0917
vn -0.9315 0.3519 0.0918
vn -0.8957 0.3519 0.2717
vn -0.8255 0.3519 0.4412
vn -0.7235 0.3519 0.5938
vn -0.7236 0.3519 0.5938
vn -0.5938 0.3519 0.7236
vn -0.5938 0.3519 0.7235
vn -0.4412 0.3519 0.8255
vn -0.2717 0.3519 0.8957
vn -0.0917 0.3519 0.9315
vn -0.0918 0.3519 0.9315
vn 0.0918 0.3519 0.9315
vn 0.0917 0.3519 0.9315
vn 0.2717 0.3519 0.8957
vn 0.4412 0.3519 0.8255
vn 0.5938 0.3519 0.7235
vn 0.5938 0.3519 0.7236
vn 0.7236 0.3519 0.5938
vn 0.8255 0.3519 0.4412
vn 0.8255 0.3519 0.4413
vn 0.8957 0.3519 0.2717
vn 0.9315 0.3519 0.0917
vn 0.9880 0.1196 0.0973
vn 0.9501 0.1196 0.2882
vn 0.8756 0.1196 0.4680
vn 0.7675 0.1196 0.6298
vn 0.6298 0.1196 0.7675
vn 0.4680 0.1196 0.8756
vn 0.2882 0.1196 0.9501
vn 0.0973 0.1196 0.9880
vn -0.0973 0.1196 0.9880
vn -0.2882 0.1196 0.9501
vn -0.4680 0.1196 0.8756
vn -0.6299 0.1196 0.7675
vn -0.6299 0.1196 0.7674
vn -0.6298 0.1196 0.7675
vn -0.7675 0.1196 0.6299
vn -0.7674 0.1196 0.6299
vn -0.7675 0.1196 0.6298
vn -0.8756 0.1196 0.4680
vn -0.9501 0.1196 0.2882
vn -0.9880 0.1196 0.0973
vn -0.9880 0.1196 -0.0973
vn -0.9501 0.1196 -0.2882
vn -0.8756 0.1196 -0.4680
vn -0.7675 0.1196 -0.6298
vn -0.6298 0.1196 -0.7675
vn -0.4680 0.1196 -0.8756
vn -0.2882 0.1196 -0.9501
vn -0.0973 0.1196 -0.9880
vn 0.0973 0.1196 -0.9880
vn 0.2882 0.1196 -0.9501
vn 0.4680 0.1196 -0.8756
vn 0.6298 0.1196 -0.7675
vn 0.7675 0.1196 -0.6298
vn 0.8756 0.1196 -0.4680
vn 0.9501 0.1196 -0.2882
vn 0.9880 0.1196 -0.0973
vn 0.5233 0.8049 0.2798
vn 0.0581 0.8049 0.5905
vn -0.2798 0.8049 0.5233
vn -0.5233 0.8049 0.2798
vn 0.0581 0.8049 -0.5905
vn 0.4709 0.8810 -0.0464
vn 0.4709 0.8810 0.0464
vn 0.6332 0.7715 0.0624
vn 0.6332 0.7715 -0.0624
vn 0.6088 0.7715 -0.1847
vn 0.7708 0.6326 -0.0759
vn 0.7412 0.6326 -0.2248
vn 0.6831 0.6326 -0.3651
vn 0.5611 0.7715 -0.2999
vn 0.5987 0.6326 -0.4913
vn 0.4918 0.7715 -0.4036
vn 0.4036 0.7715 -0.4918
vn 0.3002 0.8810 -0.3658
vn 0.3658 0.8810 -0.3002
vn 0.3657 0.8810 -0.3002
vn 0.2572 0.9565 -0.1374
vn 0.2254 0.9565 -0.1850
vn 0.4173 0.8810 -0.2230
vn 0.2790 0.9565 -0.0846
vn 0.4528 0.8810 -0.1373
vn 0.2902 0.9565 -0.0286
vn 0.0980 0.9951 -0.0097
vn 0.0942 0.9951 -0.0286
vn 0.0980 0.9951 0.0097
vn 0.2902 0.9565 0.0286
vn 0.0942 0.9951 0.0286
vn 0.2790 0.9565 0.0846
vn 0.2572 0.9565 0.1374
vn 0.2571 0.9565 0.1375
vn 0.2572 0.9565 0.1375
vn 0.4173 0.8810 0.2230
vn 0.4528 0.8810 0.1374
vn 0.4528 0.8810 0.1373
vn 0.6088 0.7715 0.1847
vn 0.5611 0.7715 0.2999
vn 0.6831 0.6326 0.3651
vn 0.4918 0.7715 0.4036
vn 0.5987 0.6326 0.4913
vn 0.5987 0.6326 0.4914
vn 0.4036 0.7715 0.4918
vn 0.4913 0.6326 0.5987
vn 0.5601 0.4696 0.6825
vn 0.3651 0.6326 0.6831
vn 0.4162 0.4696 0.7786
vn 0.2248 0.6326 0.7412
vn 0.2563 0.4696 0.8448
vn 0.0759 0.6326 0.7708
vn 0.0865 0.4696 0.8786
vn 0.0866 0.4696 0.8786
vn -0.0759 0.6326 0.7708
vn -0.0865 0.4696 0.8786
vn -0.2248 0.6326 0.7412
vn -0.2563 0.4696 0.8448
vn -0.3651 0.6326 0.6831
vn -0.4162 0.4696 0.7786
vn -0.2563 0.4696 0.8449
vn -0.4913 0.6326 0.5987
vn -0.5601 0.4696 0.6825
vn -0.6825 0.4696 0.5601
vn -0.7400 0.2890 0.6073
vn -0.6073 0.2890 0.7400
vn -0.7693 0.0975 0.6314
vn -0.6314 0.0975 0.7693
vn -0.4513 0.2890 0.8443
vn -0.4691 0.0975 0.8777
vn -0.2779 0.2890 0.9161
vn -0.2889 0.0975 0.9524
vn -0.0938 0.2890 0.9527
vn -0.0975 0.0975 0.9904
vn 0.0938 0.2890 0.9527
vn 0.0975 0.0975 0.9904
vn 0.2889 0.0975 0.9524
vn 0.2779 0.2890 0.9161
vn 0.0976 0.0975 0.9904
vn 0.0976 -0.0975 0.9904
vn 0.2889 -0.0975 0.9524
vn 0.4692 -0.0975 0.8777
vn 0.4513 -0.2890 0.8443
vn 0.2779 -0.2890 0.9161
vn 0.6073 -0.2890 0.7400
vn 0.4162 -0.4696 0.7786
vn 0.5601 -0.4696 0.6825
vn 0.7400 -0.2890 0.6073
vn 0.6825 -0.4696 0.5601
vn 0.8443 -0.2890 0.4513
vn 0.7786 -0.4696 0.4162
vn 0.9161 -0.2890 0.2779
vn 0.8449 -0.4696 0.2563
vn 0.8786 -0.4696 0.0865
vn 0.9527 -0.2890 0.0938
vn 0.7708 -0.6326 0.0759
vn 0.7412 -0.6326 0.2248
vn 0.6831 -0.6326 0.3651
vn 0.5611 -0.7715 0.2999
vn 0.6088 -0.7715 0.1847
vn 0.4173 -0.8810 0.2230
vn 0.4528 -0.8810 0.1374
vn 0.4709 -0.8810 0.0464
vn 0.2902 -0.9566 0.0286
vn 0.2790 -0.9566 0.0846
vn 0.0980 -0.9951 0.0096
vn 0.0943 -0.9951 0.0286
vn 0.2571 -0.9566 0.1374
vn 0.2571 -0.9565 0.1375
vn 0.0869 -0.9951 0.0464
vn 0.2254 -0.9566 0.1850
vn 0.0761 -0.9951 0.0625
vn 0.1850 -0.9566 0.2254
vn 0.0625 -0.9951 0.0761
vn 0.1850 -0.9565 0.2254
vn 0.0464 -0.9951 0.0869
vn 0.1375 -0.9566 0.2571
vn 0.1374 -0.9566 0.2571
vn 0.3002 -0.8810 0.3658
vn 0.2231 -0.8810 0.4173
vn 0.2999 -0.7715 0.5611
vn 0.4036 -0.7715 0.4918
vn 0.3658 -0.8810 0.3002
vn 0.4918 -0.7715 0.4036
vn 0.4913 -0.6326 0.5987
vn 0.5987 -0.6326 0.4913
vn 0.5987 -0.6326 0.4914
vn 0.1847 -0.7715 0.6088
vn 0.1373 -0.8810 0.4528
vn 0.0624 -0.7715 0.6332
vn 0.0464 -0.8810 0.4709
vn -0.0624 -0.7715 0.6332
vn -0.0464 -0.8810 0.4709
vn -0.1374 -0.8810 0.4528
vn -0.0846 -0.9565 0.2790
vn -0.0846 -0.9566 0.2790
vn -0.0286 -0.9566 0.2902
vn -0.0286 -0.9565 0.2902
vn -0.0286 -0.9951 0.0942
vn -0.0097 -0.9951 0.0980
vn 0.0286 -0.9565 0.2902
vn 0.0286 -0.9566 0.2902
vn 0.0097 -0.9951 0.0980
vn 0.0286 -0.9951 0.0943
vn 0.0846 -0.9566 0.2790
vn 0.0846 -0.9565 0.2790
vn -0.1374 -0.9566 0.2571
vn -0.1375 -0.9566 0.2571
vn -0.0464 -0.9951 0.0869
vn -0.1850 -0.9566 0.2254
vn -0.0625 -0.9951 0.0761
vn -0.2254 -0.9566 0.1850
vn -0.2254 -0.9565 0.1850
vn -0.0761 -0.9951 0.0625
vn -0.2571 -0.9565 0.1374
vn -0.2571 -0.9566 0.1374
vn -0.0869 -0.9951 0.0464
vn -0.0942 -0.9951 0.0286
vn -0.2790 -0.9566 0.0846
vn -0.4173 -0.8810 0.2231
vn -0.4528 -0.8810 0.1373
vn -0.4528 -0.8810 0.1374
vn -0.3658 -0.8810 0.3002
vn -0.4918 -0.7715 0.4036
vn -0.5611 -0.7715 0.2999
vn -0.6831 -0.6326 0.3651
vn -0.5987 -0.6326 0.4913
vn -0.4036 -0.7715 0.4918
vn -0.4913 -0.6326 0.5987
vn -0.5987 -0.6326 0.4914
vn -0.6825 -0.4696 0.5601
vn -0.5601 -0.4696 0.6825
vn -0.3651 -0.6326 0.6831
vn -0.4162 -0.4696 0.7786
vn -0.2563 -0.4696 0.8449
vn -0.2779 -0.2890 0.9161
vn -0.4513 -0.2890 0.8443
vn -0.6314 -0.0975 0.7693
vn -0.4691 -0.0975 0.8777
vn -0.6073 -0.2890 0.7400
vn -0.6314 -0.0976 0.7693
vn -0.7693 -0.0975 0.6314
vn -0.7400 -0.2890 0.6073
vn -0.8777 -0.0975 0.4692
vn -0.8443 -0.2890 0.4513
vn -0.9524 -0.0975 0.2889
vn -0.9161 -0.2890 0.2779
vn -0.9524 -0.0976 0.2889
vn -0.9904 -0.0976 0.0975
vn -0.9904 -0.0975 0.0976
vn -0.9527 -0.2890 0.0938
vn -0.9527 -0.2890 -0.0938
vn -0.9904 -0.0975 -0.0975
vn -0.9904 -0.0976 -0.0975
vn -0.8448 -0.4696 -0.2563
vn -0.8786 -0.4696 -0.0865
vn -0.9161 -0.2890 -0.2779
vn -0.8786 -0.4696 0.0865
vn -0.7708 -0.6326 -0.0759
vn -0.7708 -0.6326 0.0759
vn -0.8448 -0.4696 0.2563
vn -0.7412 -0.6326 0.2248
vn -0.7786 -0.4696 0.4162
vn -0.6332 -0.7715 0.0624
vn -0.6088 -0.7715 0.1847
vn -0.4709 -0.8810 0.0464
vn -0.6332 -0.7715 -0.0624
vn -0.4709 -0.8810 -0.0464
vn -0.4528 -0.8810 -0.1373
vn -0.4528 -0.8810 -0.1374
vn -0.2790 -0.9566 -0.0846
vn -0.2902 -0.9566 -0.0286
vn -0.2902 -0.9565 -0.0286
vn -0.0942 -0.9951 -0.0286
vn -0.0980 -0.9951 -0.0097
vn -0.2902 -0.9565 0.0286
vn -0.2902 -0.9566 0.0286
vn -0.0980 -0.9951 0.0097
vn -0.2571 -0.9566 -0.1374
vn -0.2571 -0.9565 -0.1375
vn -0.0869 -0.9951 -0.0464
vn -0.2254 -0.9565 -0.1850
vn -0.2254 -0.9566 -0.1850
vn -0.0761 -0.9951 -0.0625
vn -0.1850 -0.9566 -0.2254
vn -0.0625 -0.9951 -0.0761
vn -0.1375 -0.9566 -0.2571
vn -0.1374 -0.9566 -0.2571
vn -0.0464 -0.9951 -0.0869
vn -0.0846 -0.9565 -0.2790
vn -0.0286 -0.9951 -0.0942
vn -0.0846 -0.9566 -0.2790
vn -0.0096 -0.9951 -0.0980
vn -0.0286 -0.9566 -0.2902
vn -0.0286 -0.9565 -0.2902
vn -0.1374 -0.8810 -0.4528
vn -0.0464 -0.8810 -0.4709
vn 0.0464 -0.8810 -0.4709
vn 0.0286 -0.9565 -0.2902
vn 0.0286 -0.9566 -0.2902
vn 0.1373 -0.8810 -0.4528
vn 0.0846 -0.9566 -0.2790
vn 0.0846 -0.9565 -0.2790
vn 0.2230 -0.8810 -0.4173
vn 0.2231 -0.8810 -0.4173
vn 0.1374 -0.9566 -0.2571
vn 0.1375 -0.9566 -0.2571
vn 0.0625 -0.9951 -0.0761
vn 0.0464 -0.9951 -0.0869
vn 0.1850 -0.9566 -0.2254
vn 0.2254 -0.9566 -0.1850
vn 0.0761 -0.9951 -0.0625
vn 0.2571 -0.9566 -0.1374
vn 0.0869 -0.9951 -0.0464
vn 0.2790 -0.9566 -0.0846
vn 0.0943 -0.9951 -0.0286
vn 0.2902 -0.9566 -0.0286
vn 0.0980 -0.9951 -0.0096
vn 0.4528 -0.8810 -0.1373
vn 0.4709 -0.8810 -0.0464
vn 0.4173 -0.8810 -0.2231
vn 0.4173 -0.8810 -0.2230
vn 0.5611 -0.7715 -0.2999
vn 0.6088 -0.7715 -0.1847
vn 0.7708 -0.6326 -0.0759
vn 0.7412 -0.6326 -0.2248
vn 0.6332 -0.7715 -0.0624
vn 0.8786 -0.4696 -0.0865
vn 0.8449 -0.4696 -0.2563
vn 0.7786 -0.4696 -0.4162
vn 0.6831 -0.6326 -0.3651
vn 0.6825 -0.4696 -0.5601
vn 0.5987 -0.6326 -0.4913
vn 0.4913 -0.6326 -0.5987
vn 0.5601 -0.4696 -0.6825
vn 0.4914 -0.6326 -0.5987
vn 0.4918 -0.7715 -0.4036
vn 0.4036 -0.7715 -0.4918
vn 0.3651 -0.6326 -0.6831
vn 0.2999 -0.7715 -0.5611
vn 0.2248 -0.6326 -0.7412
vn 0.1847 -0.7715 -0.6088
vn 0.0759 -0.6326 -0.7708
vn 0.0624 -0.7715 -0.6332
vn -0.0759 -0.6326 -0.7708
vn -0.0624 -0.7715 -0.6332
vn -0.2248 -0.6326 -0.7412
vn -0.1847 -0.7715 -0.6088
vn -0.2999 -0.7715 -0.5611
vn -0.3651 -0.6326 -0.6831
vn -0.4036 -0.7715 -0.4918
vn -0.4913 -0.6326 -0.5987
vn -0.4918 -0.7715 -0.4036
vn -0.5987 -0.6326 -0.4913
vn -0.6831 -0.6326 -0.3651
vn -0.7786 -0.4696 -0.4162
vn -0.6825 -0.4696 -0.5601
vn -0.7400 -0.2890 -0.6073
vn -0.6073 -0.2890 -0.7400
vn -0.5601 -0.4696 -0.6825
vn -0.4513 -0.2890 -0.8443
vn -0.4162 -0.4696 -0.7786
vn -0.2779 -0.2890 -0.9161
vn -0.2563 -0.4696 -0.8448
vn -0.0938 -0.2890 -0.9527
vn -0.0865 -0.4696 -0.8786
vn 0.0938 -0.2890 -0.9527
vn 0.0865 -0.4696 -0.8786
vn 0.2779 -0.2890 -0.9161
vn 0.2563 -0.4696 -0.8448
vn 0.4162 -0.4696 -0.7786
vn 0.2563 -0.4696 -0.8449
vn 0.4513 -0.2890 -0.8443
vn 0.2889 -0.0976 -0.9524
vn 0.2889 -0.0975 -0.9524
vn 0.4691 -0.0976 -0.8777
vn 0.4692 -0.0976 -0.8777
vn 0.6314 -0.0976 -0.7693
vn 0.6073 -0.2890 -0.7400
vn 0.7693 -0.0976 -0.6314
vn 0.7400 -0.2890 -0.6073
vn 0.7693 -0.0975 -0.6314
vn 0.8777 -0.0976 -0.4691
vn 0.8777 -0.0975 -0.4691
vn 0.8443 -0.2890 -0.4513
vn 0.8777 -0.0976 -0.4692
vn 0.9524 -0.0976 -0.2889
vn 0.9161 -0.2890 -0.2779
vn 0.9524 -0.0975 -0.2889
vn 0.9904 -0.0975 -0.0975
vn 0.9527 -0.2890 -0.0938
vn 0.9904 -0.0976 -0.0976
vn 0.9904 -0.0976 0.0975
vn 0.9904 -0.0976 0.0976
vn 0.9904 -0.0975 0.0975
vn 0.9904 0.0975 0.0975
vn 0.9904 0.0976 0.0976
vn 0.9524 0.0976 0.2889
vn 0.9524 0.0975 0.2889
vn 0.9524 -0.0976 0.2889
vn 0.9524 -0.0975 0.2889
vn 0.8777 0.0976 0.4691
vn 0.8777 0.0976 0.4692
vn 0.8777 -0.0976 0.4691
vn 0.8777 -0.0976 0.4692
vn 0.8777 0.0975 0.4691
vn 0.7693 0.0975 0.6314
vn 0.7693 -0.0975 0.6314
vn 0.8777 -0.0975 0.4691
vn 0.6314 0.0975 0.7693
vn 0.6314 -0.0976 0.7693
vn 0.6314 -0.0975 0.7693
vn 0.7693 -0.0976 0.6314
vn 0.6314 0.0976 0.7693
vn 0.4692 0.0975 0.8777
vn 0.4692 0.0976 0.8777
vn 0.4692 -0.0976 0.8777
vn 0.6073 0.2890 0.7400
vn 0.4513 0.2890 0.8443
vn 0.7400 0.2890 0.6073
vn 0.6825 0.4696 0.5601
vn 0.7786 0.4696 0.4162
vn 0.8443 0.2890 0.4513
vn 0.8449 0.4696 0.2563
vn 0.8448 0.4696 0.2563
vn 0.9161 0.2890 0.2779
vn 0.8786 0.4696 0.0865
vn 0.9527 0.2890 0.0938
vn 0.9527 0.2890 -0.0938
vn 0.8786 0.4696 -0.0865
vn 0.9161 0.2890 -0.2779
vn 0.8449 0.4696 -0.2563
vn 0.8443 0.2890 -0.4513
vn 0.9524 0.0976 -0.2889
vn 0.8777 0.0975 -0.4691
vn 0.8777 0.0976 -0.4692
vn 0.7400 0.2890 -0.6073
vn 0.7693 0.0976 -0.6314
vn 0.7693 0.0975 -0.6314
vn 0.6073 0.2890 -0.7400
vn 0.6314 0.0976 -0.7693
vn 0.4513 0.2890 -0.8443
vn 0.4691 0.0976 -0.8777
vn 0.4692 0.0976 -0.8777
vn 0.2779 0.2890 -0.9161
vn 0.2889 0.0976 -0.9524
vn 0.2889 0.0975 -0.9524
vn 0.0975 0.0975 -0.9904
vn 0.0975 0.0976 -0.9904
vn 0.0976 0.0975 -0.9904
vn 0.0938 0.2890 -0.9527
vn -0.0975 0.0975 -0.9904
vn -0.0938 0.2890 -0.9527
vn -0.0976 0.0976 -0.9904
vn -0.0865 0.4696 -0.8786
vn 0.0865 0.4696 -0.8786
vn -0.2779 0.2890 -0.9161
vn -0.2563 0.4696 -0.8448
vn -0.4162 0.4696 -0.7786
vn -0.3651 0.6326 -0.6831
vn -0.2248 0.6326 -0.7412
vn -0.1847 0.7715 -0.6088
vn -0.0624 0.7715 -0.6332
vn -0.0759 0.6326 -0.7708
vn 0.0624 0.7715 -0.6332
vn 0.0759 0.6326 -0.7708
vn 0.2248 0.6326 -0.7412
vn 0.2563 0.4696 -0.8448
vn 0.2563 0.4696 -0.8449
vn 0.3651 0.6326 -0.6831
vn 0.4162 0.4696 -0.7786
vn 0.4913 0.6326 -0.5987
vn 0.4914 0.6326 -0.5987
vn 0.5601 0.4696 -0.6825
vn 0.1847 0.7715 -0.6088
vn 0.2999 0.7715 -0.5611
vn 0.2230 0.8810 -0.4173
vn 0.1373 0.8810 -0.4528
vn 0.0846 0.9565 -0.2790
vn 0.0847 0.9565 -0.2790
vn 0.1374 0.9565 -0.2572
vn 0.1375 0.9565 -0.2572
vn 0.0286 0.9951 -0.0942
vn 0.0464 0.9951 -0.0868
vn 0.0286 0.9565 -0.2902
vn 0.0464 0.8810 -0.4709
vn -0.0286 0.9565 -0.2902
vn -0.0464 0.8810 -0.4709
vn -0.0846 0.9565 -0.2790
vn -0.1373 0.8810 -0.4528
vn -0.0847 0.9565 -0.2790
vn -0.1375 0.9565 -0.2572
vn -0.1375 0.9565 -0.2571
vn -0.1374 0.9565 -0.2572
vn -0.2230 0.8810 -0.4173
vn -0.1850 0.9565 -0.2254
vn -0.3002 0.8810 -0.3658
vn -0.3002 0.8810 -0.3657
vn -0.4036 0.7715 -0.4918
vn -0.2999 0.7715 -0.5611
vn -0.4913 0.6326 -0.5987
vn -0.5987 0.6326 -0.4913
vn -0.4918 0.7715 -0.4036
vn -0.6831 0.6326 -0.3651
vn -0.6825 0.4696 -0.5601
vn -0.7786 0.4696 -0.4162
vn -0.7412 0.6326 -0.2248
vn -0.8448 0.4696 -0.2563
vn -0.8449 0.4696 -0.2563
vn -0.7708 0.6326 -0.0759
vn -0.8786 0.4696 -0.0865
vn -0.8786 0.4696 -0.0866
vn -0.7708 0.6326 0.0759
vn -0.8786 0.4696 0.0865
vn -0.8786 0.4696 0.0866
vn -0.8448 0.4696 0.2563
vn -0.9527 0.2890 0.0938
vn -0.9161 0.2890 0.2779
vn -0.8443 0.2890 0.4513
vn -0.7786 0.4696 0.4162
vn -0.9524 0.0975 0.2889
vn -0.8777 0.0975 0.4692
vn -0.6831 0.6326 0.3651
vn -0.7412 0.6326 0.2248
vn -0.5987 0.6326 0.4913
vn -0.5987 0.6326 0.4914
vn -0.4036 0.7715 0.4918
vn -0.4918 0.7715 0.4036
vn -0.3658 0.8810 0.3002
vn -0.3002 0.8810 0.3658
vn -0.2999 0.7715 0.5611
vn -0.2230 0.8810 0.4173
vn -0.1850 0.9565 0.2254
vn -0.1375 0.9565 0.2572
vn -0.1375 0.9565 0.2571
vn -0.1374 0.9565 0.2572
vn -0.1373 0.8810 0.4528
vn -0.0846 0.9565 0.2790
vn -0.0286 0.9565 0.2902
vn -0.0097 0.9951 0.0980
vn -0.0286 0.9951 0.0942
vn 0.0286 0.9565 0.2902
vn -0.0464 0.8810 0.4709
vn 0.0464 0.8810 0.4709
vn 0.1373 0.8810 0.4528
vn 0.0624 0.7715 0.6332
vn 0.1847 0.7715 0.6088
vn 0.2230 0.8810 0.4173
vn 0.2999 0.7715 0.5611
vn 0.2231 0.8810 0.4173
vn 0.3002 0.8810 0.3658
vn 0.1850 0.9565 0.2254
vn 0.2254 0.9565 0.1850
vn 0.3658 0.8810 0.3002
vn 0.1375 0.9565 0.2572
vn 0.1375 0.9565 0.2571
vn 0.0464 0.9951 0.0868
vn 0.0625 0.9951 0.0761
vn 0.0286 0.9951 0.0942
vn 0.0846 0.9565 0.2790
vn 0.0097 0.9951 0.0980
vn 0.0761 0.9951 0.0625
vn -0.0624 0.7715 0.6332
vn -0.1847 0.7715 0.6088
vn -0.0464 0.9951 0.0868
vn -0.0625 0.9951 0.0761
vn -0.0761 0.9951 0.0625
vn -0.2254 0.9565 0.1850
vn -0.2572 0.9565 0.1375
vn -0.2571 0.9565 0.1375
vn -0.2572 0.9565 0.1374
vn -0.4173 0.8810 0.2230
vn -0.2790 0.9565 0.0846
vn -0.4528 0.8810 0.1373
vn -0.2902 0.9565 0.0286
vn -0.4709 0.8810 0.0464
vn -0.4709 0.8810 -0.0464
vn -0.6332 0.7715 -0.0624
vn -0.6332 0.7715 0.0624
vn -0.6332 0.7715 0.0623
vn -0.4528 0.8810 -0.1373
vn -0.4528 0.8810 -0.1374
vn -0.6088 0.7715 -0.1847
vn -0.5611 0.7715 -0.2999
vn -0.4173 0.8810 -0.2231
vn -0.4173 0.8810 -0.2230
vn -0.2790 0.9565 -0.0846
vn -0.2572 0.9565 -0.1375
vn -0.2254 0.9565 -0.1850
vn -0.3658 0.8810 -0.3002
vn -0.0761 0.9951 -0.0625
vn -0.0868 0.9951 -0.0464
vn -0.0625 0.9951 -0.0761
vn -0.0942 0.9951 -0.0286
vn -0.2902 0.9565 -0.0286
vn -0.0980 0.9951 -0.0097
vn -0.0980 0.9951 0.0097
vn -0.6088 0.7715 0.1847
vn -0.0942 0.9951 0.0286
vn -0.5611 0.7715 0.2999
vn -0.0868 0.9951 0.0464
vn -0.9904 0.0975 0.0975
vn -0.9904 0.0976 0.0975
vn -0.9904 0.0975 0.0976
vn -0.9527 0.2890 -0.0938
vn -0.9904 0.0975 -0.0975
vn -0.9904 0.0976 -0.0975
vn -0.9161 0.2890 -0.2779
vn -0.9524 0.0975 -0.2889
vn -0.9904 0.0975 -0.0976
vn -0.8443 0.2890 -0.4513
vn -0.8777 0.0975 -0.4692
vn -0.7400 0.2890 -0.6073
vn -0.7693 0.0975 -0.6314
vn -0.7693 0.0976 -0.6314
vn -0.8777 0.0976 -0.4692
vn -0.6073 0.2890 -0.7400
vn -0.6314 0.0975 -0.7693
vn -0.4513 0.2890 -0.8443
vn -0.4692 0.0975 -0.8777
vn -0.6314 -0.0975 -0.7693
vn -0.4692 -0.0975 -0.8777
vn -0.4691 -0.0975 -0.8777
vn -0.2889 0.0975 -0.9524
vn -0.2889 -0.0975 -0.9524
vn -0.2889 -0.0976 -0.9524
vn -0.5601 0.4696 -0.6825
vn -0.6314 -0.0976 -0.7693
vn -0.7693 -0.0976 -0.6314
vn -0.7693 -0.0975 -0.6314
vn -0.8777 -0.0975 -0.4692
vn -0.8777 -0.0976 -0.4692
vn -0.9524 -0.0975 -0.2889
vn -0.8443 -0.2890 -0.4513
vn -0.9904 -0.0975 -0.0976
vn -0.0464 0.9951 -0.0868
vn -0.0286 0.9951 -0.0942
vn -0.0096 0.9951 -0.0980
vn 0.0096 0.9951 -0.0980
vn 0.1850 0.9565 -0.2254
vn 0.3002 0.8810 -0.3657
vn 0.0625 0.9951 -0.0761
vn 0.0761 0.9951 -0.0625
vn -0.0975 -0.0976 -0.9904
vn -0.0975 -0.0975 -0.9904
vn 0.0975 -0.0975 -0.9904
vn 0.0976 -0.0975 -0.9904
vn 0.0975 -0.0976 -0.9904
vn 0.6825 0.4696 -0.5601
vn 0.7786 0.4696 -0.4162
vn 0.9904 0.0975 -0.0975
vn 0.9524 0.0975 -0.2889
vn 0.7708 0.6326 0.0759
vn 0.7412 0.6326 0.2248
vn 0.9904 0.0976 -0.0976
vn -0.7412 -0.6326 -0.2248
vn -0.8449 -0.4696 -0.2563
vn -0.5611 -0.7715 -0.2999
vn -0.6088 -0.7715 -0.1847
vn -0.3658 -0.8810 -0.3002
vn -0.4173 -0.8810 -0.2231
vn -0.3002 -0.8810 -0.3658
vn -0.2230 -0.8810 -0.4173
vn -0.2231 -0.8810 -0.4173
vn 0.3658 -0.8810 -0.3002
vn 0.3002 -0.8810 -0.3658
vn 0.0286 -0.9951 -0.0943
vn 0.0096 -0.9951 -0.0980
vn -0.2889 -0.0975 0.9524
vn -0.0938 -0.2890 0.9527
vn -0.0975 -0.0975 0.9904
vn 0.0938 -0.2890 0.9527
vn -0.0865 -0.4696 0.8786
vn 0.0865 -0.4696 0.8786
vn 0.0866 -0.4696 0.8786
vn 0.2563 -0.4696 0.8448
vn 0.0759 -0.6326 0.7708
vn 0.2248 -0.6326 0.7412
vn -0.0759 -0.6326 0.7708
vn -0.2248 -0.6326 0.7412
vn -0.1847 -0.7715 0.6088
vn 0.0975 -0.0975 0.9904
vn -0.2999 -0.7715 0.5611
vn -0.3002 -0.8810 0.3658
vn -0.2230 -0.8810 0.4173
vn 0.3651 -0.6326 0.6831
vn 0.6332 -0.7715 0.0624
vn 0.0868 0.9951 0.0464
vn 0.0868 0.9951 -0.0464
vn -1.0000 -0.0000 -0.0000
vn -0.9152 -0.4031 -0.0000
vn -0.0000 -0.0000 1.0000
vn -0.9152 0.4031 -0.0000
vn -0.0000 -0.0000 -1.0000
vn 1.0000 -0.0000 -0.0000
vn 0.8772 -0.4801 -0.0000
vn 0.8784 -0.4780 -0.0000
vn 0.6441 -0.7649 -0.0000
vn 0.9152 -0.4031 -0.0000
vn 0.3644 -0.9312 -0.0000
vn 0.6441 0.7649 -0.0000
vn 0.3644 0.9312 -0.0000
vn 0.1649 0.9863 -0.0000
vn -0.1649 0.9863 -0.0000
vn -0.3644 0.9312 -0.0000
vn -0.3644 -0.9312 -0.0000
vn -0.6441 -0.7650 -0.0000
vn -0.6441 -0.7649 -0.0000
vn -0.6441 0.7649 -0.0000
vn -0.6441 0.7650 -0.0000
vn -0.8801 0.4748 -0.0000
vn -0.8767 0.4811 -0.0000
vn -0.8801 0.4747 -0.0000
vn 0.0007 1.0000 -0.0000
vn 0.0043 1.0000 -0.0000
vn -0.0041 1.0000 -0.0000
vn -0.0043 1.0000 -0.0000
vn -0.8783 -0.4780 -0.0000
vn -0.8784 -0.4779 -0.0000
vn -0.0038 -1.0000 -0.0000
vn -0.0036 -1.0000 -0.0000
vn -0.0020 -1.0000 -0.0000
vn -0.0019 -1.0000 -0.0000
vn 0.0019 -1.0000 -0.0000
vn 0.0020 -1.0000 -0.0000
vn 0.0036 -1.0000 -0.0000
vn 0.0038 -1.0000 -0.0000
vn 0.8784 -0.4779 -0.0000
vn 0.1649 -0.9863 -0.0000
vn -0.1649 -0.9863 -0.0000
vn -0.8772 -0.4801 -0.0000
vn -0.0009 1.0000 -0.0000
vn -0.0007 1.0000 -0.0000
vn 0.8767 0.4811 -0.0000
vn 0.8801 0.4748 -0.0000
vn 0.9152 0.4031 -0.0000
vn -0.0000 -0.8570 -0.5153
vn -0.8057 -0.5924 -0.0000
vn -0.7517 -0.5527 -0.3599
vn -0.3659 -0.8659 -0.3410
vn -0.9766 -0.0000 -0.2152
vn 0.9766 -0.0000 -0.2152
vn 0.3658 0.8660 -0.3410
vn 0.7517 0.5527 -0.3599
vn -0.0000 0.8570 -0.5153
vn 0.8057 0.5924 -0.0000
vn -0.8057 0.5924 -0.0000
vn -0.7517 0.5527 -0.3599
vn -0.3658 0.8660 -0.3410
vn 0.8057 -0.5924 -0.0000
vn 0.7517 -0.5527 -0.3599
vn 0.3659 -0.8659 -0.3410
vn 0.2946 -0.9556 -0.0000
vn 0.4797 -0.8774 -0.0000
vn 0.4622 -0.8637 0.2009
vn 0.5443 -0.7976 0.2601
vn 0.7666 -0.0006 0.6422
vn 0.9921 0.1255 -0.0000
vn 0.7600 0.1331 0.6361
vn -0.1336 0.9910 -0.0000
vn 0.2973 0.8729 0.3869
vn -0.0529 0.9986 -0.0000
vn 0.3290 0.8602 0.3896
vn 0.0655 -0.9979 -0.0000
vn 0.2235 -0.5931 0.7735
vn 0.2226 -0.5969 0.7708
vn 0.2241 -0.5907 0.7751
vn 0.4862 -0.8008 0.3497
vn 0.2221 -0.5993 0.7691
vn -0.1848 -0.9828 -0.0000
vn 0.0551 -0.4595 0.8865
vn 0.0542 -0.4616 0.8854
vn 0.0556 -0.4582 0.8871
vn 0.0536 -0.4629 0.8848
vn -0.4590 -0.8885 -0.0000
vn -0.1146 -0.4575 0.8818
vn -0.0564 -0.3822 0.9223
vn -0.3184 -0.3314 0.8881
vn 0.1959 0.2039 0.9592
vn 0.2335 0.2235 0.9463
vn 0.2286 0.2268 0.9468
vn 0.2337 0.2233 0.9463
vn 0.2283 0.2269 0.9468
vn 0.1586 0.2316 0.9598
vn 0.1530 0.2294 0.9612
vn 0.1614 0.2327 0.9591
vn 0.0516 0.1676 0.9845
vn 0.0862 0.0857 0.9926
vn -0.0648 0.1804 0.9814
vn -0.2103 0.3220 0.9231
vn -0.2275 0.4574 0.8597
vn -0.0279 0.3474 0.9373
vn -0.0191 0.3521 0.9358
vn -0.0195 0.3517 0.9359
vn -0.1254 0.5521 0.8243
vn -0.1378 0.7982 0.5864
vn -0.3850 0.6312 0.6734
vn 0.0443 0.3554 0.9337
vn -0.2222 0.4885 0.8438
vn -0.3886 0.8005 0.4562
vn -0.1187 0.5282 0.8408
vn -0.0791 0.5337 0.8419
vn -0.3199 0.8312 0.4548
vn -0.2010 0.9796 -0.0000
vn -0.1563 0.8738 0.4606
vn 0.7334 0.6798 -0.0000
vn -0.4052 0.7982 0.4457
vn 0.4647 0.8855 -0.0000
vn -0.0923 0.9957 -0.0000
vn -0.4209 0.7958 0.4354
vn -0.9968 -0.0800 -0.0000
vn -0.9424 -0.3345 -0.0000
vn -0.8885 -0.4589 -0.0000
vn -0.8411 -0.5410 -0.0000
vn -0.6455 -0.0629 -0.7612
vn -0.6446 -0.0620 -0.7620
vn -0.6450 -0.0623 -0.7617
vn -0.8571 0.0316 -0.5141
vn -0.6459 -0.0634 -0.7608
vn -0.4428 -0.1583 -0.8825
vn 0.0302 0.3491 -0.9366
vn 0.0297 0.3489 -0.9367
vn 0.0294 0.3488 -0.9367
vn 0.0307 0.3492 -0.9366
vn 0.1530 0.2294 -0.9612
vn 0.1503 0.2283 -0.9619
vn 0.1586 0.2316 -0.9598
vn 0.1614 0.2327 -0.9591
vn 0.1959 0.2039 -0.9592
vn -0.4573 -0.1724 -0.8724
vn -0.3184 -0.3314 -0.8882
vn -0.2552 -0.2798 -0.9255
vn -0.6739 -0.7388 -0.0000
vn 0.5932 0.8051 -0.0000
vn 0.7120 0.5903 0.3803
vn 0.7120 0.5903 -0.3803
vn 0.4239 0.8150 -0.3952
vn 0.4238 0.8150 0.3952
vn 0.8175 0.5115 0.2647
vn 0.8169 0.4545 0.3552
vn 0.1410 0.9900 -0.0000
vn 0.3608 0.8463 0.3920
vn 0.9167 0.3247 0.2331
vn 0.8295 0.2403 0.5041
vn 0.9265 0.3124 0.2095
vn 0.7072 0.4186 0.5698
vn 0.9167 0.3247 -0.2331
vn 0.9265 0.3124 -0.2095
vn 0.8497 0.4720 -0.2352
vn 0.8497 0.4720 0.2352
vn 0.8812 0.4372 -0.1799
vn 0.7359 0.6466 -0.2010
vn 0.8812 0.4372 0.1799
vn 0.7359 0.6466 0.2010
vn 0.7601 0.6270 -0.1708
vn 0.5119 0.8401 -0.1793
vn 0.7601 0.6270 0.1708
vn 0.5119 0.8401 0.1793
vn 0.1156 0.9780 0.1739
vn 0.1155 0.9780 0.1739
vn 0.1178 0.9780 0.1720
vn 0.1155 0.9780 -0.1739
vn 0.1156 0.9780 -0.1739
vn 0.1178 0.9780 -0.1720
vn 0.4998 0.8450 -0.1901
vn 0.4998 0.8450 0.1900
vn 0.1132 0.9779 0.1759
vn 0.4392 0.7426 0.5057
vn 0.0781 0.8559 0.5113
vn 0.3890 0.7353 0.5551
vn 0.1325 0.2544 0.9580
vn 0.1349 0.2550 0.9575
vn -0.0283 0.3475 0.9373
vn 0.0951 0.8644 0.4938
vn 0.1302 0.2538 0.9584
vn 0.3025 0.1436 0.9423
vn 0.3015 0.1435 0.9426
vn 0.3026 0.1436 0.9423
vn 0.1781 0.0245 0.9837
vn 0.1450 0.0313 0.9889
vn 0.0481 0.0938 0.9944
vn 0.3036 0.1436 0.9419
vn 0.1627 0.0346 0.9861
vn 0.3125 0.0206 0.9497
vn 0.3968 0.0702 0.9152
vn 0.4025 0.0701 0.9127
vn 0.4021 0.0702 0.9129
vn 0.7017 0.5255 0.4811
vn 0.6745 0.5285 0.5155
vn 0.8323 0.3162 0.4554
vn 0.3962 0.0702 0.9155
vn 0.7438 0.3342 0.5789
vn 0.8047 0.2432 0.5415
vn 0.6406 0.1285 0.7571
vn 0.3888 0.0759 0.9182
vn 0.5174 0.2505 0.8183
vn 0.2630 0.8853 0.3835
vn 0.4534 0.3050 0.8375
vn 0.5785 0.1932 0.7924
vn 0.2152 0.1771 0.9604
vn 0.2153 0.1792 0.9600
vn 0.2152 0.1758 0.9606
vn 0.2243 0.0818 0.9711
vn 0.5397 0.0574 0.8399
vn 0.5359 0.0924 0.8392
vn 0.1882 0.1913 0.9633
vn 0.1886 0.1925 0.9630
vn 0.1879 0.1906 0.9635
vn 0.2153 0.1806 0.9597
vn 0.1888 0.1932 0.9628
vn 0.2077 0.1836 0.9608
vn 0.0250 0.9855 0.1677
vn 0.0123 0.9836 0.1797
vn -0.0362 0.8867 0.4610
vn -0.3794 0.7658 0.5192
vn -0.3386 0.9252 0.1711
vn -0.2018 0.7565 0.6221
vn -0.2931 0.9461 0.1376
vn -0.2959 0.9552 -0.0000
vn -0.2587 0.9473 -0.1888
vn -0.2931 0.9461 -0.1376
vn -0.3386 0.9252 -0.1711
vn -0.2587 0.9473 0.1888
vn -0.3794 0.7658 -0.5192
vn -0.3255 0.8062 -0.4941
vn -0.4209 0.7958 -0.4354
vn -0.4052 0.7982 -0.4457
vn -0.3886 0.8005 -0.4562
vn -0.1378 0.7982 -0.5864
vn -0.3850 0.6312 -0.6734
vn -0.1254 0.5521 -0.8243
vn -0.2103 0.3220 -0.9231
vn -0.2222 0.4885 -0.8438
vn 0.0443 0.3554 -0.9337
vn -0.2275 0.4574 -0.8597
vn -0.0648 0.1804 -0.9814
vn 0.0516 0.1676 -0.9845
vn -0.0195 0.3517 -0.9359
vn -0.0191 0.3521 -0.9358
vn -0.0279 0.3474 -0.9373
vn -0.0362 0.8867 -0.4610
vn 0.0951 0.8644 -0.4938
vn -0.2018 0.7565 -0.6221
vn -0.0283 0.3475 -0.9373
vn 0.0781 0.8559 -0.5113
vn 0.3890 0.7353 -0.5551
vn 0.1325 0.2544 -0.9580
vn 0.1349 0.2550 -0.9575
vn 0.1302 0.2538 -0.9584
vn 0.1781 0.0245 -0.9837
vn 0.3026 0.1436 -0.9423
vn 0.3015 0.1435 -0.9426
vn 0.3025 0.1436 -0.9423
vn 0.0481 0.0938 -0.9944
vn 0.1450 0.0313 -0.9889
vn 0.2077 0.1836 -0.9608
vn 0.1886 0.1925 -0.9630
vn 0.1882 0.1913 -0.9633
vn 0.1879 0.1906 -0.9635
vn 0.1627 0.0346 -0.9861
vn 0.1888 0.1932 -0.9628
vn 0.0542 -0.4616 -0.8855
vn 0.0551 -0.4595 -0.8865
vn 0.0556 -0.4582 -0.8871
vn -0.0564 -0.3822 -0.9223
vn 0.0536 -0.4629 -0.8848
vn 0.2337 0.2233 -0.9463
vn 0.2286 0.2267 -0.9468
vn 0.2334 0.2234 -0.9464
vn 0.2226 -0.5969 -0.7708
vn 0.2221 -0.5993 -0.7691
vn 0.2235 -0.5931 -0.7735
vn 0.4862 -0.8008 -0.3497
vn 0.2241 -0.5907 -0.7751
vn 0.2153 0.1792 -0.9600
vn 0.2153 0.1806 -0.9597
vn 0.2152 0.1771 -0.9604
vn 0.2152 0.1758 -0.9606
vn 0.5359 0.0924 -0.8392
vn 0.5082 -0.7734 -0.3790
vn 0.5397 0.0574 -0.8399
vn 0.4622 -0.8637 -0.2009
vn 0.7666 -0.0006 -0.6422
vn 0.5443 -0.7976 -0.2601
vn 0.3608 0.8463 -0.3920
vn 0.8169 0.4545 -0.3552
vn 0.6664 0.6374 -0.3869
vn 0.7072 0.4186 -0.5698
vn 0.3290 0.8602 -0.3896
vn 0.5785 0.1932 -0.7924
vn 0.2630 0.8853 -0.3835
vn 0.2973 0.8729 -0.3869
vn 0.5174 0.2505 -0.8183
vn 0.4534 0.3050 -0.8375
vn 0.6406 0.1285 -0.7571
vn 0.3888 0.0759 -0.9182
vn 0.3991 0.0704 -0.9142
vn 0.3901 0.0749 -0.9177
vn 0.2243 0.0818 -0.9711
vn 0.3968 0.0702 -0.9152
vn 0.4025 0.0701 -0.9127
vn 0.3125 0.0206 -0.9497
vn 0.6745 0.5285 -0.5155
vn 0.7017 0.5255 -0.4811
vn 0.8323 0.3162 -0.4554
vn 0.3036 0.1436 -0.9419
vn 0.8047 0.2432 -0.5415
vn 0.7438 0.3342 -0.5789
vn 0.8295 0.2403 -0.5041
vn 0.7600 0.1331 -0.6361
vn 0.2283 0.2269 -0.9468
vn 0.0862 0.0857 -0.9926
vn 0.4392 0.7426 -0.5057
vn 0.1132 0.9779 -0.1759
vn 0.0123 0.9836 -0.1797
vn 0.0250 0.9855 -0.1677
vn -0.3199 0.8312 -0.4548
vn -0.1186 0.5282 -0.8408
vn -0.0791 0.5338 -0.8419
vn -0.9831 -0.0855 -0.1618
vn -0.9759 0.0561 -0.2108
vn -0.1563 0.8738 -0.4606
vn -0.8729 -0.0049 -0.4879
vn 0.8175 0.5115 -0.2648
vn 0.6664 0.6374 0.3869
vn -0.2552 -0.2799 0.9255
vn -0.4573 -0.1724 0.8724
vn -0.6450 -0.0623 0.7617
vn -0.6446 -0.0620 0.7620
vn -0.6455 -0.0630 0.7611
vn -0.4428 -0.1583 0.8825
vn 0.0298 0.3489 0.9367
vn 0.0304 0.3491 0.9366
vn 0.0294 0.3488 0.9367
vn 0.1503 0.2283 0.9619
vn -0.6459 -0.0633 0.7608
vn 0.0307 0.3492 0.9366
vn -0.8571 0.0316 0.5141
vn -0.8729 -0.0049 0.4879
vn -0.9759 0.0561 0.2108
vn -0.9831 -0.0855 0.1618
vn -0.1146 -0.4575 -0.8818
vn -0.3255 0.8062 0.4941
vn 0.5082 -0.7734 0.3790
vt 0.407014 0.750785
vt 0.408544 0.754316
vt 0.406685 0.754316
vt 0.407964 0.750785
vt 0.410362 0.753982
vt 0.409765 0.750279
vt 0.412070 0.753325
vt 0.410548 0.749793
vt 0.413601 0.752373
vt 0.414898 0.751162
vt 0.411210 0.749173
vt 0.415909 0.749736
vt 0.411727 0.748445
vt 0.416597 0.748153
vt 0.412078 0.747636
vt 0.416934 0.746472
vt 0.412251 0.746777
vt 0.416908 0.744758
vt 0.412238 0.745902
vt 0.416520 0.743077
vt 0.411664 0.744234
vt 0.415785 0.741494
vt 0.414730 0.740069
vt 0.410444 0.742886
vt 0.413397 0.738857
vt 0.411837 0.737905
vt 0.408764 0.742065
vt 0.410110 0.737249
vt 0.408281 0.736914
vt 0.406880 0.741894
vt 0.406422 0.736914
vt 0.404604 0.737249
vt 0.405078 0.742400
vt 0.402896 0.737905
vt 0.401365 0.738857
vt 0.403633 0.743505
vt 0.400069 0.740069
vt 0.399057 0.741494
vt 0.402765 0.745043
vt 0.398370 0.743077
vt 0.402593 0.745902
vt 0.398032 0.744758
vt 0.402606 0.746777
vt 0.398058 0.746472
vt 0.402804 0.747636
vt 0.398446 0.748153
vt 0.403180 0.748445
vt 0.399182 0.749736
vt 0.403719 0.749173
vt 0.400236 0.751162
vt 0.401569 0.752373
vt 0.404400 0.749793
vt 0.403129 0.753325
vt 0.405951 0.742065
vt 0.412039 0.745043
vt 0.406080 0.750614
vt 0.404856 0.753982
vt 0.152291 0.635729
vt 0.169211 0.649777
vt 0.155325 0.666971
vt 0.185804 0.903301
vt 0.188080 0.887969
vt 0.188013 0.903700
vt 0.184054 0.902781
vt 0.186092 0.887609
vt 0.167970 0.893210
vt 0.170714 0.908911
vt 0.168893 0.909133
vt 0.165927 0.893366
vt 0.166622 0.909307
vt 0.163558 0.893474
vt 0.163990 0.909427
vt 0.161098 0.909488
vt 0.158056 0.909488
vt 0.160955 0.893529
vt 0.155450 0.893474
vt 0.154981 0.909427
vt 0.151992 0.909307
vt 0.150251 0.893210
vt 0.149204 0.909133
vt 0.148018 0.893010
vt 0.146723 0.908911
vt 0.415128 0.586246
vt 0.418556 0.602041
vt 0.416145 0.601824
vt 0.413407 0.601674
vt 0.410001 0.586043
vt 0.410448 0.601598
vt 0.407240 0.586043
vt 0.407380 0.601598
vt 0.404489 0.586111
vt 0.404323 0.601674
vt 0.401851 0.586246
vt 0.401393 0.601824
vt 0.399430 0.586441
vt 0.398702 0.602041
vt 0.200219 0.759043
vt 0.203320 0.774816
vt 0.200608 0.774578
vt 0.197570 0.758895
vt 0.197664 0.774414
vt 0.194814 0.758820
vt 0.194602 0.774331
vt 0.191538 0.774331
vt 0.188592 0.774414
vt 0.192057 0.758820
vt 0.186961 0.759043
vt 0.185875 0.774578
vt 0.183493 0.774816
vt 0.203703 0.887413
vt 0.207899 0.902515
vt 0.205373 0.903083
vt 0.201166 0.887823
vt 0.202554 0.903538
vt 0.199550 0.903864
vt 0.196478 0.904047
vt 0.198463 0.888116
vt 0.192977 0.888311
vt 0.193454 0.904081
vt 0.190405 0.888206
vt 0.190596 0.903963
vt 0.189042 0.876824
vt 0.188488 0.882787
vt 0.186658 0.882456
vt 0.185209 0.882025
vt 0.167211 0.888057
vt 0.165776 0.882583
vt 0.168720 0.887874
vt 0.163303 0.882822
vt 0.165331 0.888202
vt 0.161712 0.882895
vt 0.163151 0.888301
vt 0.160755 0.888352
vt 0.158125 0.882932
vt 0.158235 0.888352
vt 0.156267 0.882895
vt 0.155689 0.888301
vt 0.153213 0.888202
vt 0.150904 0.888057
vt 0.154460 0.882822
vt 0.151276 0.882583
vt 0.148849 0.887874
vt 0.399266 0.734374
vt 0.397490 0.736035
vt 0.401365 0.733069
vt 0.403705 0.732171
vt 0.406197 0.731713
vt 0.408745 0.731713
vt 0.411250 0.732171
vt 0.413618 0.733070
vt 0.415756 0.734374
vt 0.417582 0.736035
vt 0.194945 0.749381
vt 0.197418 0.754005
vt 0.194881 0.753935
vt 0.192344 0.753935
vt 0.191313 0.749432
vt 0.189904 0.754005
vt 0.189671 0.749531
vt 0.187654 0.754140
vt 0.204958 0.881805
vt 0.203687 0.875952
vt 0.206727 0.881260
vt 0.202866 0.882275
vt 0.202396 0.876349
vt 0.199165 0.876968
vt 0.200531 0.882653
vt 0.197350 0.877165
vt 0.198043 0.882922
vt 0.195499 0.883074
vt 0.193666 0.877296
vt 0.192994 0.883102
vt 0.191938 0.877225
vt 0.190627 0.883005
vt 0.195698 0.888281
vt 0.205977 0.886902
vt 0.207899 0.886310
vt 0.189406 0.758895
vt 0.199856 0.754140
vt 0.202102 0.754337
vt 0.202660 0.759257
vt 0.402246 0.581323
vt 0.407206 0.581136
vt 0.409746 0.581136
vt 0.412664 0.586111
vt 0.414465 0.581323
vt 0.417298 0.586441
vt 0.152760 0.893366
vt 0.158217 0.893529
vt 0.169609 0.893010
vt 0.184517 0.887141
vt 0.408893 0.750614
vt 0.411125 0.743505
vt 0.409647 0.742400
vt 0.407830 0.741894
vt 0.404296 0.742886
vt 0.403117 0.744234
vt 0.405197 0.750279
vt 0.138405 0.652922
vt 0.138405 0.649845
vt 0.141844 0.641416
vt 0.138998 0.646825
vt 0.140158 0.643979
vt 0.143990 0.639235
vt 0.146512 0.637520
vt 0.149315 0.636336
vt 0.155325 0.635722
vt 0.158301 0.636316
vt 0.161105 0.637488
vt 0.163627 0.639192
vt 0.165773 0.641364
vt 0.167458 0.643919
vt 0.168619 0.646760
vt 0.169211 0.652855
vt 0.165773 0.661284
vt 0.168619 0.655875
vt 0.167458 0.658721
vt 0.163627 0.663465
vt 0.161105 0.665180
vt 0.158301 0.666364
vt 0.152292 0.666977
vt 0.149315 0.666384
vt 0.146512 0.665212
vt 0.143990 0.663507
vt 0.141844 0.661336
vt 0.140158 0.658781
vt 0.138998 0.655940
vt 0.184817 0.759257
vt 0.190377 0.877066
vt 0.187984 0.876510
vt 0.164675 0.882717
vt 0.159964 0.882932
vt 0.152775 0.882717
vt 0.196796 0.749432
vt 0.193093 0.749381
vt 0.200869 0.876693
vt 0.195493 0.877275
vt 0.400018 0.581503
vt 0.404673 0.581199
vt 0.412197 0.581199
vt 0.416462 0.581503
vt 0.753065 0.395898
vt 0.753595 0.396848
vt 0.752758 0.396527
vt 0.752569 0.397201
vt 0.751839 0.397124
vt 0.752080 0.396266
vt 0.752471 0.395466
vt 0.753479 0.395339
vt 0.752998 0.394754
vt 0.773395 0.340203
vt 0.774065 0.340789
vt 0.773942 0.341427
vt 0.752047 0.395135
vt 0.753420 0.393596
vt 0.753639 0.394157
vt 0.752666 0.394298
vt 0.754281 0.393058
vt 0.754371 0.393699
vt 0.754558 0.394510
vt 0.753983 0.394870
vt 0.755165 0.393398
vt 0.755182 0.394273
vt 0.754835 0.395459
vt 0.754439 0.395707
vt 0.313591 0.813629
vt 0.309585 0.810924
vt 0.311134 0.809484
vt 0.312901 0.808378
vt 0.754092 0.396030
vt 0.312801 0.814363
vt 0.312153 0.815240
vt 0.753807 0.396415
vt 0.308313 0.812644
vt 0.307369 0.814577
vt 0.316376 0.818025
vt 0.311672 0.816225
vt 0.311375 0.817281
vt 0.311275 0.818367
vt 0.306787 0.816648
vt 0.306590 0.818778
vt 0.311375 0.819441
vt 0.306787 0.820886
vt 0.753421 0.397790
vt 0.753465 0.398262
vt 0.752569 0.398580
vt 0.752505 0.397894
vt 0.753465 0.397312
vt 0.751758 0.398006
vt 0.751839 0.398879
vt 0.773814 0.343002
vt 0.773814 0.343877
vt 0.773100 0.343835
vt 0.752758 0.399232
vt 0.773857 0.344768
vt 0.773151 0.344882
vt 0.752080 0.399709
vt 0.752471 0.400464
vt 0.773942 0.345639
vt 0.773251 0.345906
vt 0.772421 0.344977
vt 0.772531 0.346115
vt 0.773395 0.346868
vt 0.774065 0.346457
vt 0.752998 0.401115
vt 0.753420 0.402392
vt 0.752666 0.401778
vt 0.772692 0.347183
vt 0.773579 0.347730
vt 0.753639 0.401638
vt 0.754371 0.402011
vt 0.772896 0.348142
vt 0.773795 0.348460
vt 0.754281 0.402832
vt 0.755215 0.403079
vt 0.754291 0.403470
vt 0.773136 0.348953
vt 0.755165 0.402221
vt 0.756186 0.403124
vt 0.755329 0.403745
vt 0.755991 0.402260
vt 0.757157 0.402967
vt 0.756408 0.403795
vt 0.756817 0.402126
vt 0.758090 0.402612
vt 0.758525 0.403226
vt 0.757487 0.403620
vt 0.759481 0.402628
vt 0.773979 0.351683
vt 0.774026 0.350569
vt 0.774633 0.350429
vt 0.774583 0.351612
vt 0.773963 0.352842
vt 0.774566 0.352843
vt 0.775297 0.350381
vt 0.775246 0.351588
vt 0.773979 0.354002
vt 0.774583 0.354073
vt 0.775229 0.352843
vt 0.774026 0.355116
vt 0.774633 0.355256
vt 0.775246 0.354097
vt 0.398867 0.632952
vt 0.398528 0.628370
vt 0.401236 0.628995
vt 0.401596 0.633861
vt 0.775297 0.355304
vt 0.404199 0.629206
vt 0.393487 0.597250
vt 0.394558 0.600869
vt 0.391514 0.602281
vt 0.390376 0.598438
vt 0.404566 0.634167
vt 0.402081 0.638124
vt 0.771982 0.347391
vt 0.772199 0.348408
vt 0.771514 0.348520
vt 0.405060 0.638515
vt 0.771293 0.347482
vt 0.408148 0.638125
vt 0.770652 0.347454
vt 0.770869 0.348472
vt 0.770482 0.346320
vt 0.769922 0.346240
vt 0.776996 0.357782
vt 0.776314 0.358087
vt 0.776182 0.357302
vt 0.770082 0.347308
vt 0.769812 0.345102
vt 0.759961 0.339292
vt 0.760963 0.339861
vt 0.760672 0.340428
vt 0.759770 0.339916
vt 0.758864 0.338931
vt 0.770364 0.345112
vt 0.769755 0.343938
vt 0.758784 0.339591
vt 0.757715 0.338790
vt 0.770304 0.343877
vt 0.769755 0.342794
vt 0.757749 0.339464
vt 0.756558 0.338875
vt 0.770304 0.342662
vt 0.769812 0.341713
vt 0.756707 0.339541
vt 0.755436 0.339183
vt 0.754760 0.340285
vt 0.754393 0.339702
vt 0.755698 0.339818
vt 0.770364 0.341514
vt 0.755248 0.338752
vt 0.755226 0.341029
vt 0.756024 0.340632
vt 0.756883 0.340396
vt 0.757769 0.340331
vt 0.757077 0.341408
vt 0.756402 0.341594
vt 0.757282 0.342539
vt 0.757773 0.341357
vt 0.756817 0.342666
vt 0.755775 0.341905
vt 0.756385 0.342881
vt 0.757254 0.343809
vt 0.757033 0.343918
vt 0.757694 0.344977
vt 0.757490 0.343744
vt 0.757735 0.343726
vt 0.757761 0.342504
vt 0.758237 0.342562
vt 0.757977 0.343756
vt 0.758209 0.343832
vt 0.758692 0.342712
vt 0.758420 0.343952
vt 0.759106 0.342947
vt 0.759123 0.341659
vt 0.758464 0.341442
vt 0.759488 0.340715
vt 0.759726 0.342001
vt 0.758648 0.340439
vt 0.760254 0.341150
vt 0.760248 0.342454
vt 0.760919 0.341727
vt 0.761456 0.342422
vt 0.759757 0.343635
vt 0.759466 0.343259
vt 0.760670 0.343000
vt 0.760975 0.343620
vt 0.759967 0.344062
vt 0.761152 0.344288
vt 0.760089 0.344522
vt 0.758859 0.344520
vt 0.758752 0.344303
vt 0.758922 0.344755
vt 0.758604 0.344111
vt 0.758936 0.344998
vt 0.760118 0.344999
vt 0.760053 0.345473
vt 0.758903 0.345240
vt 0.759897 0.345926
vt 0.758823 0.345471
vt 0.758700 0.345683
vt 0.758538 0.345867
vt 0.759654 0.346342
vt 0.759336 0.346704
vt 0.760873 0.346326
vt 0.760521 0.346930
vt 0.761100 0.345668
vt 0.761714 0.346655
vt 0.762004 0.345817
vt 0.762389 0.346901
vt 0.761267 0.347423
vt 0.762124 0.344941
vt 0.762729 0.345915
vt 0.762870 0.344885
vt 0.776646 0.351683
vt 0.777371 0.350796
vt 0.777329 0.351799
vt 0.777315 0.352842
vt 0.762070 0.344061
vt 0.762807 0.343850
vt 0.776646 0.354002
vt 0.777329 0.353886
vt 0.776630 0.352843
vt 0.776693 0.355116
vt 0.775943 0.354073
vt 0.775926 0.352843
vt 0.775943 0.351612
vt 0.775992 0.350429
vt 0.775379 0.349269
vt 0.776693 0.350569
vt 0.776073 0.349338
vt 0.776224 0.369493
vt 0.775531 0.369571
vt 0.775442 0.368469
vt 0.776915 0.369278
vt 0.776137 0.368412
vt 0.776769 0.349541
vt 0.775381 0.367268
vt 0.776833 0.368260
vt 0.776077 0.367235
vt 0.776747 0.365994
vt 0.776776 0.367151
vt 0.776046 0.366007
vt 0.777426 0.365978
vt 0.776747 0.364833
vt 0.777452 0.367019
vt 0.777503 0.368017
vt 0.759971 0.348635
vt 0.760339 0.349229
vt 0.759401 0.349695
vt 0.761171 0.348590
vt 0.760678 0.348092
vt 0.777577 0.368933
vt 0.761863 0.347804
vt 0.777440 0.349871
vt 0.760059 0.347455
vt 0.759503 0.347882
vt 0.758876 0.348194
vt 0.758521 0.347213
vt 0.758953 0.346998
vt 0.758202 0.348379
vt 0.758057 0.347340
vt 0.757885 0.346192
vt 0.758122 0.346126
vt 0.758343 0.346017
vt 0.757577 0.347375
vt 0.757641 0.346209
vt 0.757398 0.346180
vt 0.757101 0.347317
vt 0.757167 0.346103
vt 0.756647 0.347167
vt 0.756232 0.346932
vt 0.756955 0.345983
vt 0.756772 0.345824
vt 0.755873 0.346620
vt 0.756624 0.345632
vt 0.755553 0.347786
vt 0.755031 0.347333
vt 0.754609 0.346787
vt 0.755582 0.346243
vt 0.754304 0.346167
vt 0.755372 0.345817
vt 0.755250 0.345357
vt 0.756517 0.345415
vt 0.754126 0.345499
vt 0.754084 0.344808
vt 0.756439 0.344938
vt 0.756454 0.345180
vt 0.755220 0.344880
vt 0.756473 0.344696
vt 0.755286 0.344406
vt 0.756552 0.344465
vt 0.755442 0.343953
vt 0.755684 0.343537
vt 0.756676 0.344253
vt 0.756838 0.344068
vt 0.756003 0.343175
vt 0.754757 0.342857
vt 0.755220 0.342332
vt 0.754406 0.343461
vt 0.753483 0.343008
vt 0.753931 0.342240
vt 0.754519 0.341572
vt 0.753928 0.340923
vt 0.753470 0.340411
vt 0.753236 0.341709
vt 0.752701 0.341285
vt 0.752710 0.342612
vt 0.752116 0.342288
vt 0.752370 0.343598
vt 0.752229 0.344628
vt 0.753194 0.343846
vt 0.751738 0.343383
vt 0.753074 0.344722
vt 0.754178 0.344119
vt 0.752292 0.345663
vt 0.753128 0.345603
vt 0.752557 0.346663
vt 0.753353 0.346453
vt 0.753742 0.347241
vt 0.753014 0.347590
vt 0.753646 0.348408
vt 0.754279 0.347937
vt 0.754427 0.349086
vt 0.754943 0.348513
vt 0.756155 0.348128
vt 0.755710 0.348948
vt 0.755329 0.349597
vt 0.756815 0.348345
vt 0.756549 0.349225
vt 0.756315 0.349922
vt 0.757429 0.349333
vt 0.757350 0.350049
vt 0.758391 0.349972
vt 0.777426 0.364933
vt 0.776776 0.363713
vt 0.777452 0.363925
vt 0.776833 0.362677
vt 0.777503 0.362993
vt 0.776077 0.363585
vt 0.776137 0.362485
vt 0.776915 0.361764
vt 0.777577 0.362171
vt 0.776224 0.361517
vt 0.737750 0.388063
vt 0.737008 0.389221
vt 0.737112 0.388284
vt 0.755026 0.350049
vt 0.754024 0.349481
vt 0.737640 0.389057
vt 0.736920 0.390274
vt 0.753156 0.348728
vt 0.737546 0.390176
vt 0.736851 0.391404
vt 0.752454 0.347819
vt 0.737473 0.391375
vt 0.736803 0.392567
vt 0.751946 0.346789
vt 0.737422 0.392610
vt 0.736779 0.393718
vt 0.751651 0.345678
vt 0.737396 0.393832
vt 0.751581 0.344528
vt 0.736779 0.394813
vt 0.738092 0.392641
vt 0.738066 0.393887
vt 0.737396 0.394994
vt 0.738066 0.395072
vt 0.737422 0.396052
vt 0.736803 0.395810
vt 0.738092 0.396151
vt 0.737473 0.396966
vt 0.736851 0.396670
vt 0.738144 0.397082
vt 0.737546 0.397699
vt 0.751724 0.342048
vt 0.752345 0.340983
vt 0.738219 0.397830
vt 0.771514 0.338752
vt 0.770652 0.339592
vt 0.770869 0.338892
vt 0.753161 0.340056
vt 0.771293 0.339466
vt 0.770482 0.340478
vt 0.754141 0.339303
vt 0.771120 0.340369
vt 0.771000 0.341426
vt 0.771812 0.340414
vt 0.771694 0.341451
vt 0.770939 0.342596
vt 0.771634 0.342598
vt 0.770939 0.343835
vt 0.771634 0.343813
vt 0.771000 0.345094
vt 0.771694 0.345048
vt 0.771812 0.346256
vt 0.771120 0.346326
vt 0.772364 0.343813
vt 0.772364 0.342669
vt 0.773100 0.342805
vt 0.772421 0.341588
vt 0.773251 0.340953
vt 0.773151 0.341832
vt 0.772531 0.340612
vt 0.771982 0.339529
vt 0.772692 0.339777
vt 0.772199 0.338828
vt 0.772896 0.339117
vt 0.773579 0.339609
vt 0.738838 0.397016
vt 0.739598 0.397459
vt 0.738911 0.397749
vt 0.739529 0.396768
vt 0.738787 0.396102
vt 0.739481 0.395908
vt 0.738761 0.395044
vt 0.739457 0.394911
vt 0.738761 0.393882
vt 0.739457 0.393816
vt 0.738787 0.392660
vt 0.238423 0.790191
vt 0.241520 0.790382
vt 0.241294 0.795889
vt 0.238192 0.795806
vt 0.739481 0.392665
vt 0.244390 0.795913
vt 0.238757 0.784734
vt 0.241848 0.785030
vt 0.244603 0.790725
vt 0.244912 0.785683
vt 0.740252 0.390593
vt 0.740190 0.391610
vt 0.739529 0.391502
vt 0.739598 0.390373
vt 0.739005 0.389108
vt 0.739686 0.389319
vt 0.759705 0.393891
vt 0.759481 0.392854
vt 0.760319 0.393536
vt 0.738911 0.390226
vt 0.758951 0.393277
vt 0.760324 0.394657
vt 0.758984 0.394408
vt 0.758343 0.393886
vt 0.758183 0.395067
vt 0.757679 0.394657
vt 0.757611 0.393512
vt 0.757104 0.394363
vt 0.756480 0.394198
vt 0.757157 0.392591
vt 0.758091 0.392838
vt 0.756817 0.393302
vt 0.755991 0.393264
vt 0.756186 0.392545
vt 0.740147 0.392657
vt 0.740125 0.393692
vt 0.755215 0.392703
vt 0.740125 0.394678
vt 0.740147 0.395575
vt 0.755831 0.394168
vt 0.755712 0.395223
vt 0.317503 0.812576
vt 0.316486 0.812529
vt 0.316813 0.807326
vt 0.318807 0.807419
vt 0.315470 0.812694
vt 0.314818 0.807650
vt 0.755265 0.395296
vt 0.756159 0.395244
vt 0.318480 0.812835
vt 0.320725 0.807927
vt 0.756589 0.395358
vt 0.322492 0.808829
vt 0.756985 0.395560
vt 0.319381 0.813295
vt 0.324041 0.810090
vt 0.757332 0.395843
vt 0.320171 0.813938
vt 0.320819 0.814740
vt 0.325312 0.811663
vt 0.757617 0.396195
vt 0.326257 0.813487
vt 0.757829 0.396604
vt 0.758596 0.395579
vt 0.758904 0.396172
vt 0.759511 0.395060
vt 0.760784 0.395545
vt 0.759902 0.395815
vt 0.761068 0.396521
vt 0.760143 0.396645
vt 0.761163 0.397548
vt 0.761518 0.395374
vt 0.761833 0.396458
vt 0.760224 0.397518
vt 0.761068 0.398585
vt 0.761939 0.397599
vt 0.760143 0.398400
vt 0.759902 0.399258
vt 0.760784 0.399594
vt 0.761833 0.398752
vt 0.760324 0.400535
vt 0.761518 0.399872
vt 0.761007 0.400918
vt 0.760319 0.401848
vt 0.762074 0.400083
vt 0.761531 0.401193
vt 0.760801 0.402181
vt 0.759705 0.401372
vt 0.759911 0.403008
vt 0.774862 0.369507
vt 0.774775 0.368427
vt 0.774713 0.349338
vt 0.758951 0.402073
vt 0.758343 0.401366
vt 0.758984 0.400770
vt 0.757611 0.401824
vt 0.757104 0.400894
vt 0.756480 0.401131
vt 0.756589 0.399856
vt 0.757679 0.400534
vt 0.755831 0.401236
vt 0.756159 0.400019
vt 0.755712 0.400092
vt 0.317503 0.823439
vt 0.320725 0.827998
vt 0.318807 0.828727
vt 0.316813 0.829051
vt 0.755265 0.400071
vt 0.315470 0.823556
vt 0.314818 0.828957
vt 0.316486 0.823604
vt 0.312901 0.828450
vt 0.314492 0.823297
vt 0.311134 0.827548
vt 0.754558 0.401041
vt 0.754835 0.399957
vt 0.753983 0.400747
vt 0.754439 0.399755
vt 0.754092 0.399472
vt 0.753479 0.400337
vt 0.753065 0.399825
vt 0.753807 0.399120
vt 0.753595 0.398711
vt 0.307369 0.822890
vt 0.311672 0.820463
vt 0.312153 0.821393
vt 0.308313 0.824714
vt 0.309585 0.826286
vt 0.312801 0.822195
vt 0.313591 0.822838
vt 0.755182 0.401206
vt 0.318480 0.823067
vt 0.319381 0.822504
vt 0.322492 0.826892
vt 0.320171 0.821769
vt 0.324041 0.825452
vt 0.756985 0.399608
vt 0.757332 0.399285
vt 0.325312 0.823733
vt 0.758183 0.400065
vt 0.757617 0.398900
vt 0.320819 0.820893
vt 0.326257 0.821800
vt 0.758904 0.398877
vt 0.758596 0.399506
vt 0.757829 0.398467
vt 0.757959 0.398003
vt 0.759093 0.398203
vt 0.759157 0.397510
vt 0.758003 0.397525
vt 0.759093 0.396824
vt 0.326838 0.819729
vt 0.321698 0.817765
vt 0.327035 0.817598
vt 0.326838 0.815491
vt 0.757959 0.397053
vt 0.321598 0.816691
vt 0.321301 0.815669
vt 0.321598 0.818851
vt 0.321301 0.819907
vt 0.759511 0.400058
vt 0.401871 0.687761
vt 0.401603 0.682508
vt 0.404575 0.682593
vt 0.404848 0.687948
vt 0.774715 0.367249
vt 0.774105 0.367179
vt 0.774076 0.366022
vt 0.774684 0.366021
vt 0.774076 0.364861
vt 0.775350 0.366016
vt 0.774684 0.364789
vt 0.774105 0.363741
vt 0.775350 0.364759
vt 0.774715 0.363600
vt 0.774161 0.362705
vt 0.775381 0.363547
vt 0.774775 0.362500
vt 0.762074 0.395308
vt 0.761007 0.394387
vt 0.775442 0.362426
vt 0.774862 0.361531
vt 0.761531 0.394260
vt 0.739115 0.388113
vt 0.739790 0.388382
vt 0.738426 0.388005
vt 0.775531 0.361438
vt 0.738314 0.389019
vt 0.239183 0.779645
vt 0.242266 0.780039
vt 0.738219 0.390160
vt 0.776046 0.364774
vt 0.314492 0.813065
vt 0.235429 0.790158
vt 0.235757 0.784806
vt 0.235203 0.795666
vt 0.740190 0.396349
vt 0.740252 0.396971
vt 0.773857 0.342174
vt 0.758315 0.349268
vt 0.759173 0.349032
vt 0.757506 0.348430
vt 0.775992 0.355256
vt 0.776769 0.356143
vt 0.776073 0.356347
vt 0.407663 0.633861
vt 0.407304 0.628996
vt 0.776871 0.357044
vt 0.777371 0.354889
vt 0.777440 0.355813
vt 0.761831 0.340614
vt 0.762532 0.341523
vt 0.762085 0.341923
vt 0.761453 0.341105
vt 0.762542 0.342850
vt 0.761844 0.343211
vt 0.761195 0.344980
vt 0.693857 0.092977
vt 0.693857 0.141983
vt 0.693366 0.141970
vt 0.693366 0.092964
vt 0.691463 0.093206
vt 0.691463 0.142211
vt 0.841017 0.259892
vt 0.842179 0.258064
vt 0.842179 0.267645
vt 0.693366 0.153272
vt 0.683773 0.141709
vt 0.829369 0.143067
vt 0.827404 0.143070
vt 0.827404 0.092967
vt 0.828257 0.268983
vt 0.829419 0.261037
vt 0.829419 0.270595
vt 0.703427 0.142243
vt 0.703427 0.153545
vt 0.693857 0.153286
vt 0.760787 0.240753
vt 0.762171 0.242993
vt 0.760787 0.241246
vt 0.762171 0.239045
vt 0.760787 0.231151
vt 0.228134 0.850438
vt 0.230929 0.849184
vt 0.230929 0.859747
vt 0.228134 0.858413
vt 0.762171 0.229760
vt 0.763555 0.238424
vt 0.233725 0.848623
vt 0.763555 0.228393
vt 0.764939 0.238146
vt 0.236521 0.848406
vt 0.236521 0.860686
vt 0.233725 0.860389
vt 0.764939 0.228414
vt 0.766323 0.238039
vt 0.239316 0.848702
vt 0.766323 0.228437
vt 0.767707 0.228453
vt 0.767707 0.238186
vt 0.239316 0.860468
vt 0.242112 0.859907
vt 0.769091 0.228472
vt 0.769091 0.238504
vt 0.242112 0.849344
vt 0.244907 0.850678
vt 0.769091 0.243733
vt 0.770474 0.243112
vt 0.770474 0.252399
vt 0.769091 0.253778
vt 0.767707 0.244011
vt 0.244907 0.858653
vt 0.771858 0.241404
vt 0.771858 0.251028
vt 0.771858 0.240911
vt 0.770474 0.239164
vt 0.742212 0.104009
vt 0.733010 0.096715
vt 0.742212 0.094884
vt 0.813099 0.270217
vt 0.813099 0.258661
vt 0.814713 0.258657
vt 0.814713 0.270213
vt 0.733010 0.105840
vt 0.834045 0.260537
vt 0.834045 0.269781
vt 0.832883 0.268505
vt 0.832883 0.258925
vt 0.835207 0.261067
vt 0.704478 0.235776
vt 0.702992 0.185674
vt 0.704478 0.185673
vt 0.706149 0.235770
vt 0.706149 0.185668
vt 0.702992 0.235777
vt 0.736713 0.144065
vt 0.734422 0.144789
vt 0.736232 0.143968
vt 0.738274 0.145565
vt 0.733673 0.145823
vt 0.738775 0.146851
vt 0.738942 0.148070
vt 0.733258 0.146925
vt 0.701564 0.235778
vt 0.701564 0.185675
vt 0.837091 0.143076
vt 0.836055 0.143073
vt 0.836055 0.092969
vt 0.837091 0.092972
vt 0.834885 0.092967
vt 0.834885 0.143071
vt 0.822448 0.268883
vt 0.821286 0.269628
vt 0.821286 0.260385
vt 0.822448 0.258898
vt 0.823610 0.268479
vt 0.823610 0.258791
vt 0.824771 0.268245
vt 0.833648 0.143069
vt 0.833648 0.092966
vt 0.832311 0.092965
vt 0.733010 0.148060
vt 0.738942 0.149256
vt 0.738694 0.150391
vt 0.832311 0.143068
vt 0.830907 0.092964
vt 0.738279 0.151493
vt 0.733176 0.150464
vt 0.733010 0.149245
vt 0.698808 0.235776
vt 0.697481 0.235774
vt 0.697481 0.185671
vt 0.696212 0.185668
vt 0.737530 0.152527
vt 0.696212 0.235771
vt 0.733677 0.151751
vt 0.830907 0.143067
vt 0.829369 0.092964
vt 0.735720 0.153347
vt 0.825933 0.268264
vt 0.827095 0.258468
vt 0.827095 0.268453
vt 0.828257 0.259740
vt 0.820426 0.200160
vt 0.820426 0.211716
vt 0.818586 0.211718
vt 0.818586 0.200162
vt 0.822257 0.200158
vt 0.822257 0.211714
vt 0.823543 0.200160
vt 0.825933 0.258576
vt 0.824771 0.258686
vt 0.824829 0.200161
vt 0.823543 0.211716
vt 0.826117 0.200163
vt 0.824829 0.211717
vt 0.698808 0.185673
vt 0.838693 0.261041
vt 0.839855 0.260637
vt 0.839855 0.270636
vt 0.841017 0.269136
vt 0.682207 0.141960
vt 0.680632 0.153514
vt 0.680632 0.142211
vt 0.805973 0.270218
vt 0.805973 0.258662
vt 0.807350 0.258663
vt 0.838693 0.270746
vt 0.807350 0.270219
vt 0.766323 0.244118
vt 0.766323 0.253743
vt 0.764939 0.253721
vt 0.764939 0.243971
vt 0.763555 0.253699
vt 0.808728 0.258664
vt 0.767707 0.253761
vt 0.808728 0.270220
vt 0.810106 0.258665
vt 0.810106 0.270220
vt 0.811484 0.258665
vt 0.837531 0.261275
vt 0.837531 0.270855
vt 0.836369 0.270962
vt 0.836369 0.261256
vt 0.811484 0.270221
vt 0.835207 0.271066
vt 0.700164 0.235777
vt 0.700164 0.185674
vt 0.682207 0.153263
vt 0.763555 0.243654
vt 0.762171 0.252280
vt 0.683773 0.153012
vt 0.760787 0.250870
vt 0.826117 0.211718
vt 0.827404 0.200164
vt 0.753644 0.102637
vt 0.755400 0.094064
vt 0.755400 0.103189
vt 0.827404 0.211720
vt 0.751864 0.102089
vt 0.753644 0.093511
vt 0.820124 0.261897
vt 0.751864 0.092964
vt 0.770474 0.229878
vt 0.771858 0.231309
vt 0.742683 0.094790
vt 0.742683 0.103916
vt 0.820124 0.271456
vt 0.742212 0.143575
vt 0.742683 0.143481
vt 0.744766 0.104403
vt 0.744766 0.143968
vt 0.735239 0.153251
vt 0.187200 0.201907
vt 0.190178 0.201909
vt 0.190178 0.389879
vt 0.187200 0.389877
vt 0.186587 0.421686
vt 0.196679 0.201935
vt 0.196679 0.389905
vt 0.187266 0.421686
vt 0.188896 0.421689
vt 0.129853 0.319403
vt 0.129457 0.321796
vt 0.129457 0.321114
vt 0.129853 0.323495
vt 0.130249 0.319397
vt 0.318675 0.385912
vt 0.317770 0.418431
vt 0.317375 0.418420
vt 0.313098 0.385760
vt 0.318165 0.418442
vt 0.130645 0.319391
vt 0.130249 0.323490
vt 0.130645 0.323484
vt 0.226408 0.420857
vt 0.224248 0.441858
vt 0.223870 0.441933
vt 0.224627 0.441783
vt 0.196679 0.233677
vt 0.205184 0.201907
vt 0.206615 0.201911
vt 0.221058 0.421921
vt 0.131041 0.321773
vt 0.201443 0.233701
vt 0.131041 0.321091
vt 0.207249 0.201912
vt 0.204225 0.233706
vt 0.204109 0.421676
vt 0.213377 0.418575
vt 0.213377 0.270139
vt 0.221058 0.273485
vt 0.201327 0.421671
vt 0.106728 0.897077
vt 0.113010 0.890926
vt 0.115522 0.890693
vt 0.121804 0.895682
vt 0.213377 0.233706
vt 0.213262 0.421676
vt 0.324252 0.202210
vt 0.324252 0.386063
vt 0.208990 0.201914
vt 0.121804 0.901252
vt 0.318675 0.202059
vt 0.106728 0.902647
vt 0.121804 0.906822
vt 0.313098 0.201907
vt 0.226408 0.272421
vt 0.231758 0.271357
vt 0.106728 0.908217
vt 0.115522 0.912973
vt 0.113010 0.913205
vt 0.178802 0.389893
vt 0.178802 0.201923
vt 0.231758 0.419793
vt 0.184822 0.421686
vt 0.106982 0.730842
vt 0.097930 0.740309
vt 0.108945 0.730842
vt 0.097344 0.740309
vt 0.097439 0.742614
vt 0.098039 0.742614
vt 0.109313 0.733403
vt 0.181394 0.799381
vt 0.182694 0.799847
vt 0.182653 0.786842
vt 0.181595 0.786751
vt 0.182655 0.786255
vt 0.408222 0.765158
vt 0.402227 0.775962
vt 0.402368 0.776531
vt 0.408249 0.763128
vt 0.181597 0.786178
vt 0.408195 0.767187
vt 0.402509 0.777099
vt 0.182658 0.785668
vt 0.181600 0.785605
vt 0.182663 0.784495
vt 0.096758 0.740309
vt 0.095640 0.742614
vt 0.096840 0.742614
vt 0.095586 0.740309
vt 0.101096 0.730842
vt 0.105020 0.730842
vt 0.109952 0.721374
vt 0.104386 0.721374
vt 0.106312 0.706331
vt 0.112835 0.706331
vt 0.112736 0.721374
vt 0.116096 0.706331
vt 0.115519 0.721374
vt 0.119357 0.706331
vt 0.119970 0.708102
vt 0.116041 0.723533
vt 0.118027 0.694206
vt 0.121562 0.694206
vt 0.338836 0.647272
vt 0.339829 0.635045
vt 0.338820 0.633493
vt 0.339829 0.648494
vt 0.119447 0.684806
vt 0.123182 0.684806
vt 0.337002 0.659403
vt 0.337802 0.660135
vt 0.333107 0.669715
vt 0.332019 0.668436
vt 0.335987 0.658505
vt 0.326545 0.677048
vt 0.316296 0.667917
vt 0.316228 0.654335
vt 0.316690 0.681846
vt 0.291269 0.608139
vt 0.298380 0.598907
vt 0.294840 0.591913
vt 0.310734 0.662994
vt 0.294208 0.611827
vt 0.287460 0.616496
vt 0.289760 0.617862
vt 0.292059 0.619229
vt 0.320738 0.685423
vt 0.297150 0.616968
vt 0.277210 0.621910
vt 0.297702 0.618980
vt 0.292491 0.621168
vt 0.276839 0.623583
vt 0.276767 0.621910
vt 0.277292 0.623583
vt 0.276325 0.621910
vt 0.276387 0.623583
vt 0.275481 0.623583
vt 0.275440 0.621910
vt 0.282860 0.613763
vt 0.273669 0.623583
vt 0.346248 0.807834
vt 0.347505 0.807347
vt 0.346423 0.807141
vt 0.347334 0.808024
vt 0.345899 0.809222
vt 0.351541 0.811356
vt 0.346993 0.809379
vt 0.353314 0.804321
vt 0.358352 0.804356
vt 0.354201 0.800804
vt 0.356089 0.813333
vt 0.364249 0.818117
vt 0.353825 0.822310
vt 0.349767 0.818391
vt 0.352694 0.826799
vt 0.361527 0.828913
vt 0.348880 0.821908
vt 0.348437 0.823666
vt 0.352128 0.829043
vt 0.360166 0.834311
vt 0.368957 0.834845
vt 0.367515 0.840565
vt 0.359486 0.837010
vt 0.358805 0.839709
vt 0.366794 0.843424
vt 0.351562 0.831287
vt 0.357681 0.840536
vt 0.350272 0.831913
vt 0.347994 0.825425
vt 0.365160 0.847229
vt 0.077158 0.823805
vt 0.086004 0.826405
vt 0.078242 0.822113
vt 0.085107 0.828194
vt 0.070529 0.817176
vt 0.071718 0.815674
vt 0.065941 0.808270
vt 0.366073 0.846284
vt 0.372310 0.852776
vt 0.371673 0.853758
vt 0.063446 0.677728
vt 0.063425 0.684806
vt 0.067160 0.684806
vt 0.067181 0.677728
vt 0.065007 0.694206
vt 0.068542 0.694206
vt 0.070895 0.684806
vt 0.072076 0.694206
vt 0.078364 0.684806
vt 0.070916 0.677728
vt 0.073700 0.706331
vt 0.079146 0.694206
vt 0.070439 0.706331
vt 0.080223 0.706331
vt 0.093284 0.694206
vt 0.093303 0.684806
vt 0.093268 0.706331
vt 0.076554 0.721374
vt 0.082120 0.721374
vt 0.093253 0.721374
vt 0.085399 0.730842
vt 0.093247 0.730842
vt 0.090898 0.740309
vt 0.093242 0.740309
vt 0.093241 0.742614
vt 0.182673 0.782149
vt 0.181625 0.779873
vt 0.181615 0.782166
vt 0.182684 0.779802
vt 0.181605 0.784459
vt 0.090842 0.742614
vt 0.403919 0.782787
vt 0.408030 0.779365
vt 0.403355 0.780512
vt 0.402791 0.778237
vt 0.134902 0.649386
vt 0.138405 0.657323
vt 0.138405 0.649122
vt 0.411917 0.786482
vt 0.411731 0.778460
vt 0.408140 0.771246
vt 0.134385 0.660756
vt 0.138405 0.661424
vt 0.125728 0.648815
vt 0.124985 0.662069
vt 0.135083 0.666927
vt 0.137877 0.639260
vt 0.129077 0.636881
vt 0.117683 0.648817
vt 0.120998 0.635722
vt 0.259605 0.557188
vt 0.273714 0.563222
vt 0.273740 0.555352
vt 0.116563 0.663022
vt 0.287883 0.557188
vt 0.258778 0.564876
vt 0.273693 0.573543
vt 0.288656 0.564876
vt 0.273680 0.587499
vt 0.288636 0.575302
vt 0.258758 0.575302
vt 0.287784 0.589201
vt 0.296132 0.567538
vt 0.296112 0.578341
vt 0.310123 0.648928
vt 0.318047 0.642475
vt 0.312028 0.637145
vt 0.322466 0.632977
vt 0.337568 0.646464
vt 0.316801 0.627961
vt 0.337538 0.632989
vt 0.329245 0.625608
vt 0.109471 0.664343
vt 0.109890 0.672361
vt 0.117091 0.670677
vt 0.125974 0.669385
vt 0.323933 0.620903
vt 0.333347 0.615865
vt 0.331258 0.614044
vt 0.335437 0.617684
vt 0.414333 0.757726
vt 0.416407 0.754338
vt 0.136337 0.670470
vt 0.138405 0.663474
vt 0.336692 0.617851
vt 0.334532 0.609141
vt 0.333204 0.609065
vt 0.273670 0.602421
vt 0.285397 0.603952
vt 0.273670 0.612166
vt 0.273670 0.621910
vt 0.271900 0.621910
vt 0.264487 0.613763
vt 0.261949 0.603952
vt 0.256097 0.608139
vt 0.259899 0.616496
vt 0.271015 0.621910
vt 0.271858 0.623583
vt 0.270952 0.623583
vt 0.270572 0.621910
vt 0.270130 0.621910
vt 0.270499 0.623583
vt 0.257606 0.617862
vt 0.255312 0.619229
vt 0.253174 0.611827
vt 0.249032 0.598907
vt 0.090610 0.821621
vt 0.088720 0.812412
vt 0.250255 0.616968
vt 0.252541 0.591913
vt 0.087347 0.801778
vt 0.094896 0.806149
vt 0.259585 0.589201
vt 0.251295 0.578341
vt 0.094085 0.794987
vt 0.251315 0.567538
vt 0.084688 0.791618
vt 0.091347 0.784889
vt 0.065131 0.795765
vt 0.080067 0.782498
vt 0.067086 0.807091
vt 0.063743 0.796836
vt 0.063425 0.783673
vt 0.064834 0.782894
vt 0.067178 0.706331
vt 0.064344 0.695672
vt 0.066566 0.708102
vt 0.377609 0.859149
vt 0.376929 0.860430
vt 0.070987 0.721374
vt 0.073771 0.721374
vt 0.077550 0.730842
vt 0.070465 0.723533
vt 0.065554 0.767925
vt 0.066935 0.767489
vt 0.069072 0.756295
vt 0.077182 0.733403
vt 0.070484 0.756037
vt 0.088554 0.740309
vt 0.088443 0.742614
vt 0.073013 0.742614
vt 0.079512 0.730842
vt 0.089140 0.740309
vt 0.089043 0.742614
vt 0.182691 0.778042
vt 0.182694 0.777456
vt 0.181635 0.777580
vt 0.181632 0.778153
vt 0.182689 0.778629
vt 0.089642 0.742614
vt 0.181630 0.778727
vt 0.089726 0.740309
vt 0.081474 0.730842
vt 0.404342 0.784494
vt 0.413861 0.790041
vt 0.404201 0.783925
vt 0.072059 0.753300
vt 0.075611 0.756362
vt 0.073634 0.750563
vt 0.071271 0.754668
vt 0.072460 0.760977
vt 0.414833 0.791820
vt 0.069697 0.764233
vt 0.404483 0.785062
vt 0.415805 0.793600
vt 0.073436 0.774791
vt 0.079303 0.768874
vt 0.086341 0.776153
vt 0.094896 0.779240
vt 0.089872 0.770668
vt 0.083219 0.763288
vt 0.074038 0.742907
vt 0.254882 0.621168
vt 0.249706 0.618980
vt 0.346704 0.825839
vt 0.346309 0.812090
vt 0.345199 0.811996
vt 0.270047 0.623583
vt 0.345287 0.811649
vt 0.346395 0.811751
vt 0.346480 0.811412
vt 0.345374 0.811302
vt 0.346651 0.810735
vt 0.345549 0.810609
vt 0.416407 0.788766
vt 0.078385 0.677728
vt 0.093324 0.677728
vt 0.107423 0.694206
vt 0.108243 0.684806
vt 0.114493 0.694206
vt 0.115712 0.684806
vt 0.108264 0.677728
vt 0.115733 0.677728
vt 0.371841 0.823406
vt 0.374725 0.811967
vt 0.366971 0.807321
vt 0.368332 0.801922
vt 0.376167 0.806247
vt 0.359484 0.799867
vt 0.360050 0.797623
vt 0.354644 0.799046
vt 0.355088 0.797287
vt 0.360616 0.795378
vt 0.369013 0.799223
vt 0.376888 0.803387
vt 0.369693 0.796524
vt 0.119468 0.677728
vt 0.123203 0.677728
vt 0.377609 0.800528
vt 0.334178 0.670374
vt 0.328812 0.679084
vt 0.322995 0.687449
vt 0.327557 0.678577
vt 0.321609 0.687143
vt 0.319734 0.691368
vt 0.347676 0.806669
vt 0.318391 0.691263
vt 0.353964 0.797040
vt 0.347591 0.807008
vt 0.346598 0.806447
vt 0.346511 0.806794
s 1
usemtl マテリアル.001
f 2/1/1 98/2/2 97/3/2
f 4/4/3 99/5/3 98/2/3
f 99/5/4 8/6/4 100/7/4
f 100/7/5 10/8/5 101/9/5
f 10/8/6 102/10/6 101/9/6
f 12/11/7 103/12/7 102/10/7
f 14/13/8 104/14/8 103/12/8
f 16/15/9 105/16/9 104/14/9
f 18/17/10 106/18/11 105/16/11
f 20/19/12 107/20/12 106/18/12
f 107/20/13 24/21/13 108/22/13
f 24/21/14 109/23/14 108/22/14
f 109/23/15 28/24/15 110/25/15
f 28/24/16 111/26/16 110/25/16
f 111/26/17 32/27/17 112/28/17
f 32/27/18 113/29/19 112/28/19
f 113/29/20 36/30/21 114/31/20
f 36/30/22 115/32/22 114/31/22
f 115/32/23 40/33/23 116/34/23
f 40/33/24 117/35/24 116/34/24
f 117/35/25 44/36/25 118/37/25
f 44/36/26 119/38/26 118/37/26
f 119/38/27 48/39/27 120/40/27
f 120/40/28 50/41/29 121/42/28
f 121/42/30 52/43/30 122/44/30
f 122/44/31 54/45/31 123/46/31
f 123/46/32 56/47/32 124/48/32
f 124/48/33 58/49/34 125/50/33
f 58/49/35 126/51/35 125/50/36
f 60/52/37 127/53/37 126/51/37
f 54/45/38 38/54/38 22/55/38
f 127/53/39 64/56/39 128/57/39
f 128/57/40 2/1/41 97/3/40
f 15/58/42 31/59/42 47/60/42
f 63/61/43 65/62/43 1/63/43
f 61/64/44 96/65/45 63/61/44
f 94/66/46 61/67/46 59/68/46
f 93/69/47 59/68/47 57/70/47
f 92/71/48 57/70/48 55/72/48
f 53/73/49 92/71/49 55/72/49
f 51/74/50 91/75/51 53/73/50
f 89/76/52 51/74/52 49/77/52
f 47/78/53 89/76/53 49/77/53
f 87/79/54 47/78/55 45/80/55
f 86/81/56 45/80/56 43/82/56
f 85/83/57 43/84/57 41/85/57
f 39/86/58 85/83/58 41/85/58
f 83/87/59 39/86/60 37/88/60
f 82/89/61 37/88/61 35/90/62
f 81/91/63 35/90/63 33/92/63
f 80/93/64 33/92/64 31/94/64
f 79/95/65 31/94/65 29/96/66
f 78/97/67 29/98/68 27/99/68
f 77/100/69 27/99/69 25/101/69
f 76/102/70 25/101/70 23/103/70
f 21/104/71 76/102/72 23/103/71
f 19/105/73 75/106/73 21/104/74
f 73/107/75 19/105/75 17/108/75
f 15/109/76 73/107/76 17/108/76
f 71/110/77 15/111/77 13/112/78
f 70/113/79 13/112/80 11/114/80
f 9/115/81 70/113/81 11/114/81
f 7/116/82 69/117/82 9/115/82
f 67/118/83 7/116/83 5/119/83
f 66/120/84 5/119/85 3/121/85
f 65/62/86 3/121/86 1/63/86
f 128/122/87 160/123/87 159/124/87
f 158/125/88 128/122/88 159/124/88
f 157/126/89 127/127/90 158/128/89
f 125/129/91 157/126/92 156/130/92
f 124/131/93 156/130/94 155/132/94
f 154/133/95 124/131/96 155/132/95
f 122/134/97 154/133/97 153/135/97
f 121/136/98 153/135/99 152/137/99
f 151/138/100 121/136/101 152/137/100
f 150/139/102 120/140/102 151/138/102
f 118/141/103 150/139/103 149/142/103
f 148/143/104 118/37/104 149/144/104
f 116/34/105 148/143/106 147/145/106
f 146/146/107 116/34/107 147/145/107
f 114/31/108 146/146/108 145/147/108
f 144/148/109 114/31/110 145/147/109
f 112/28/111 144/148/112 143/149/112
f 142/150/113 112/28/113 143/149/113
f 110/25/114 142/150/114 141/151/114
f 140/152/115 110/25/116 141/151/115
f 108/153/117 140/154/118 139/155/118
f 138/156/119 108/153/119 139/155/119
f 106/157/120 138/156/120 137/158/120
f 105/159/121 137/158/122 136/160/122
f 135/161/123 105/162/124 136/163/123
f 134/164/125 104/165/125 135/161/125
f 102/166/126 134/164/126 133/167/126
f 101/168/127 133/167/128 132/169/128
f 131/170/129 101/168/129 132/169/129
f 99/171/130 131/170/131 130/172/131
f 98/173/132 130/172/132 129/174/132
f 160/123/133 98/173/133 129/174/133
f 65/62/134 129/174/134 66/120/134
f 66/120/135 130/172/135 67/118/135
f 130/172/136 68/175/136 67/118/136
f 131/170/137 69/117/137 68/175/137
f 132/169/138 70/113/138 69/117/138
f 133/167/139 71/110/139 70/113/139
f 134/164/140 72/176/140 71/110/140
f 135/161/141 73/177/141 72/176/141
f 136/160/142 74/178/142 73/107/142
f 137/158/143 75/106/143 74/178/143
f 138/156/144 76/102/144 75/106/144
f 76/102/145 140/154/146 77/100/147
f 77/100/148 141/179/149 78/97/150
f 78/97/151 142/180/151 79/181/151
f 79/95/152 143/182/152 80/93/152
f 143/182/153 81/91/153 80/93/153
f 81/91/154 145/183/154 82/89/154
f 145/183/155 83/87/155 82/89/155
f 146/184/156 84/185/156 83/87/156
f 84/185/157 148/186/157 85/83/157
f 148/186/158 86/187/158 85/83/158
f 86/81/159 150/139/159 87/79/159
f 150/139/160 88/188/160 87/79/160
f 151/138/161 89/76/161 88/188/161
f 152/137/162 90/189/162 89/76/162
f 153/135/163 91/75/163 90/189/163
f 91/75/164 155/132/164 92/71/164
f 92/71/165 156/130/165 93/69/165
f 93/69/166 157/126/166 94/66/166
f 157/126/167 95/190/167 94/66/167
f 158/125/168 96/65/168 95/191/168
f 159/124/169 65/62/169 96/65/169
f 2/1/1 4/4/1 98/2/2
f 4/4/3 6/192/3 99/5/3
f 99/5/4 6/192/170 8/6/4
f 100/7/5 8/6/5 10/8/5
f 10/8/6 12/11/6 102/10/6
f 12/11/7 14/13/7 103/12/7
f 14/13/8 16/15/8 104/14/8
f 16/15/9 18/17/171 105/16/9
f 18/17/10 20/19/10 106/18/11
f 20/19/12 22/55/12 107/20/12
f 107/20/13 22/55/172 24/21/13
f 24/21/14 26/193/14 109/23/14
f 109/23/15 26/193/15 28/24/15
f 28/24/16 30/194/173 111/26/16
f 111/26/17 30/194/17 32/27/17
f 32/27/18 34/195/18 113/29/19
f 113/29/20 34/195/21 36/30/21
f 36/30/22 38/54/22 115/32/22
f 115/32/23 38/54/23 40/33/23
f 40/33/24 42/196/24 117/35/24
f 117/35/25 42/196/25 44/36/25
f 44/36/26 46/197/26 119/38/26
f 119/38/27 46/197/27 48/39/27
f 120/40/28 48/39/29 50/41/29
f 121/42/30 50/41/174 52/43/30
f 122/44/31 52/43/31 54/45/31
f 123/46/32 54/45/32 56/47/32
f 124/48/33 56/47/34 58/49/34
f 58/49/35 60/52/35 126/51/35
f 60/52/37 62/198/37 127/53/37
f 6/192/38 4/4/38 2/1/38
f 2/1/38 64/56/38 62/198/38
f 62/198/38 60/52/38 58/49/38
f 58/49/38 56/47/38 54/45/38
f 54/45/38 52/43/38 46/197/38
f 52/43/38 50/41/38 46/197/38
f 50/41/38 48/39/38 46/197/38
f 46/197/38 44/36/38 42/196/38
f 42/196/38 40/33/38 38/54/38
f 38/54/38 36/30/38 34/195/38
f 34/195/38 32/27/38 30/194/38
f 30/194/38 28/24/38 26/193/38
f 26/193/38 24/21/38 22/55/38
f 22/55/38 20/19/38 18/17/38
f 18/17/38 16/15/38 22/55/38
f 16/15/38 14/13/38 22/55/38
f 14/13/38 12/11/38 10/8/38
f 10/8/38 8/6/38 6/192/38
f 6/192/38 2/1/38 54/45/38
f 2/1/38 62/198/38 54/45/38
f 62/198/38 58/49/38 54/45/38
f 46/197/38 42/196/38 54/45/38
f 42/196/38 38/54/38 54/45/38
f 38/54/38 34/195/38 22/55/38
f 34/195/38 30/194/38 22/55/38
f 30/194/38 26/193/38 22/55/38
f 14/13/38 10/8/38 22/55/38
f 10/8/38 6/192/38 22/55/38
f 6/192/38 54/45/38 22/55/38
f 127/53/39 62/198/39 64/56/39
f 128/57/40 64/56/41 2/1/41
f 63/199/42 1/200/42 7/201/42
f 1/200/42 3/202/42 7/201/42
f 3/202/42 5/203/42 7/201/42
f 7/201/42 9/204/42 15/58/42
f 9/204/42 11/205/42 15/58/42
f 11/205/42 13/206/42 15/58/42
f 15/58/42 17/207/42 19/208/42
f 19/208/42 21/209/42 23/210/42
f 23/210/42 25/211/42 27/212/42
f 27/212/42 29/213/42 31/59/42
f 31/59/42 33/214/42 39/215/42
f 33/214/42 35/216/42 39/215/42
f 35/216/42 37/217/42 39/215/42
f 39/215/42 41/218/42 47/60/42
f 41/218/42 43/219/42 47/60/42
f 43/219/42 45/220/42 47/60/42
f 47/60/42 49/221/42 51/222/42
f 51/222/42 53/223/42 47/60/42
f 53/223/42 55/224/42 47/60/42
f 55/224/42 57/225/42 59/226/42
f 59/226/42 61/227/42 63/199/42
f 15/58/42 19/208/42 23/210/42
f 23/210/42 27/212/42 15/58/42
f 27/212/42 31/59/42 15/58/42
f 55/224/42 59/226/42 47/60/42
f 59/226/42 63/199/42 47/60/42
f 63/199/42 7/201/42 15/58/42
f 31/59/42 39/215/42 47/60/42
f 63/199/42 15/58/42 47/60/42
f 63/61/43 96/65/43 65/62/43
f 61/64/44 95/191/45 96/65/45
f 94/66/46 95/190/46 61/67/46
f 93/69/47 94/66/47 59/68/47
f 92/71/48 93/69/48 57/70/48
f 53/73/49 91/75/49 92/71/49
f 51/74/50 90/189/51 91/75/51
f 89/76/52 90/189/52 51/74/52
f 47/78/53 88/188/53 89/76/53
f 87/79/54 88/188/54 47/78/55
f 86/81/56 87/79/56 45/80/56
f 85/83/57 86/187/57 43/84/57
f 39/86/58 84/185/58 85/83/58
f 83/87/59 84/185/59 39/86/60
f 82/89/61 83/87/61 37/88/61
f 81/91/63 82/89/63 35/90/63
f 80/93/64 81/91/64 33/92/64
f 79/95/65 80/93/65 31/94/65
f 78/97/67 79/181/67 29/98/68
f 77/100/69 78/97/69 27/99/69
f 76/102/70 77/100/70 25/101/70
f 21/104/71 75/106/72 76/102/72
f 19/105/73 74/178/73 75/106/73
f 73/107/75 74/178/75 19/105/75
f 15/109/76 72/228/76 73/107/76
f 71/110/77 72/176/77 15/111/77
f 70/113/79 71/110/79 13/112/80
f 9/115/81 69/117/81 70/113/81
f 7/116/82 68/175/82 69/117/82
f 67/118/83 68/175/83 7/116/83
f 66/120/84 67/118/84 5/119/85
f 65/62/86 66/120/86 3/121/86
f 128/122/87 97/229/87 160/123/87
f 158/125/88 127/230/88 128/122/88
f 157/126/89 126/231/90 127/127/90
f 125/129/91 126/231/91 157/126/92
f 124/131/93 125/129/93 156/130/94
f 154/133/95 123/232/96 124/131/96
f 122/134/97 123/232/97 154/133/97
f 121/136/98 122/134/98 153/135/99
f 151/138/100 120/140/101 121/136/101
f 150/139/102 119/233/102 120/140/102
f 118/141/103 119/233/103 150/139/103
f 148/143/104 117/35/104 118/37/104
f 116/34/105 117/35/105 148/143/106
f 146/146/107 115/32/107 116/34/107
f 114/31/108 115/32/108 146/146/108
f 144/148/109 113/29/110 114/31/110
f 112/28/111 113/29/111 144/148/112
f 142/150/113 111/26/113 112/28/113
f 110/25/114 111/26/114 142/150/114
f 140/152/115 109/23/116 110/25/116
f 108/153/117 109/234/117 140/154/118
f 138/156/119 107/235/119 108/153/119
f 106/157/120 107/235/120 138/156/120
f 105/159/121 106/157/121 137/158/122
f 135/161/123 104/165/124 105/162/124
f 134/164/125 103/236/125 104/165/125
f 102/166/126 103/236/126 134/164/126
f 101/168/127 102/166/127 133/167/128
f 131/170/129 100/237/129 101/168/129
f 99/171/130 100/237/130 131/170/131
f 98/173/132 99/171/132 130/172/132
f 160/123/133 97/229/133 98/173/133
f 65/62/134 160/123/134 129/174/134
f 66/120/135 129/174/135 130/172/135
f 130/172/136 131/170/136 68/175/136
f 131/170/137 132/169/137 69/117/137
f 132/169/138 133/167/138 70/113/138
f 133/167/139 134/164/139 71/110/139
f 134/164/140 135/161/140 72/176/140
f 135/161/141 136/163/141 73/177/141
f 136/160/142 137/158/142 74/178/142
f 137/158/143 138/156/143 75/106/143
f 138/156/144 139/155/144 76/102/144
f 76/102/145 139/155/146 140/154/146
f 77/100/148 140/154/149 141/179/149
f 78/97/151 141/179/151 142/180/151
f 79/95/152 142/238/152 143/182/152
f 143/182/153 144/239/153 81/91/153
f 81/91/154 144/239/154 145/183/154
f 145/183/155 146/184/155 83/87/155
f 146/184/156 147/240/156 84/185/156
f 84/185/157 147/240/157 148/186/157
f 148/186/158 149/241/158 86/187/158
f 86/81/159 149/142/159 150/139/159
f 150/139/160 151/138/160 88/188/160
f 151/138/161 152/137/161 89/76/161
f 152/137/162 153/135/162 90/189/162
f 153/135/163 154/133/163 91/75/163
f 91/75/164 154/133/164 155/132/164
f 92/71/165 155/132/165 156/130/165
f 93/69/166 156/130/166 157/126/166
f 157/126/167 158/128/167 95/190/167
f 158/125/168 159/124/168 96/65/168
f 159/124/169 160/123/169 65/62/169
f 166/242/175 162/243/175 161/244/175
f 162/243/176 163/245/176 161/244/176
f 161/244/177 163/245/177 164/246/177
f 161/244/177 164/246/177 165/247/177
f 167/248/178 161/244/178 165/247/178
f 167/248/178 166/242/178 161/244/178
f 168/249/179 166/242/179 167/248/179
f 168/249/179 167/248/179 170/250/179
f 169/251/180 167/252/180 165/253/180
f 170/250/181 167/248/181 169/254/181
f 171/255/182 173/256/182 170/250/182
f 171/255/182 170/250/182 172/257/182
f 173/256/183 168/249/183 170/250/183
f 170/250/181 169/254/181 172/257/181
f 175/258/184 174/259/184 173/256/184
f 177/260/185 173/256/185 174/259/185
f 175/258/184 173/256/184 171/255/184
f 173/256/183 176/261/183 168/249/183
f 177/260/185 176/261/185 173/256/185
f 179/262/186 178/263/186 177/260/186
f 178/263/187 180/264/187 177/260/187
f 179/262/186 177/260/186 174/259/186
f 177/260/188 180/264/189 181/265/189
f 177/260/188 181/265/189 176/261/188
f 182/266/190 183/267/190 181/268/190
f 180/269/191 182/266/191 181/268/191
f 176/261/192 181/265/192 183/270/192
f 183/267/193 184/271/193 185/272/193
f 182/266/190 184/271/190 183/267/190
f 168/249/194 183/270/194 186/273/194
f 176/261/192 183/270/192 168/249/192
f 183/267/193 185/272/193 186/274/193
f 185/272/195 162/275/195 186/274/195
f 166/242/175 186/273/175 162/243/175
f 168/249/194 186/273/194 166/242/194
f 185/272/196 187/276/196 188/277/196
f 184/271/197 187/276/197 185/272/197
f 185/272/195 188/277/195 162/275/195
f 188/277/198 187/276/198 189/278/198
f 162/275/199 188/277/199 189/278/199
f 189/278/200 187/276/200 191/279/200
f 162/275/199 189/278/199 190/280/199
f 189/278/201 192/281/201 190/280/201
f 189/278/201 191/279/201 192/281/201
f 192/281/202 191/279/203 193/282/204
f 192/281/202 193/282/204 194/283/202
f 192/284/205 194/285/205 195/286/205
f 192/284/205 195/286/205 196/287/205
f 190/288/206 192/284/206 196/287/207
f 164/246/208 163/245/208 196/287/208
f 190/288/206 196/287/207 163/245/207
f 164/246/208 196/287/208 197/289/208
f 196/287/209 198/290/209 197/289/209
f 196/287/209 195/286/209 198/290/209
f 197/291/210 198/292/210 200/293/210
f 198/290/211 195/286/211 201/294/211
f 198/292/212 202/295/213 199/296/212
f 198/292/212 199/296/212 200/293/212
f 198/290/211 201/294/211 202/297/211
f 201/294/214 203/298/214 202/297/214
f 202/295/215 203/299/215 204/300/215
f 202/295/215 204/300/215 199/296/215
f 205/301/216 199/296/216 204/300/216
f 205/301/216 204/300/216 206/302/216
f 203/299/217 207/303/217 204/300/217
f 206/302/218 204/300/218 207/303/218
f 203/299/217 208/304/217 207/303/217
f 208/305/219 210/306/219 207/307/219
f 209/308/220 207/303/220 210/309/220
f 206/302/218 207/303/218 209/308/218
f 210/306/221 211/310/221 213/311/221
f 208/305/219 211/310/219 210/306/219
f 212/312/222 210/309/223 214/313/222
f 209/308/220 210/309/220 212/312/220
f 210/306/221 213/311/221 214/314/221
f 213/311/224 216/315/224 214/314/224
f 215/316/225 214/314/225 216/315/225
f 212/312/222 214/313/222 215/317/222
f 213/311/224 217/318/224 216/315/224
f 217/318/226 219/319/226 216/315/226
f 218/320/227 216/315/227 219/319/227
f 215/316/225 216/315/225 218/320/225
f 217/318/226 220/321/226 219/319/226
f 220/321/228 222/322/228 219/319/228
f 221/323/229 219/319/229 222/322/229
f 218/320/227 219/319/227 221/323/230
f 220/321/228 223/324/228 222/322/228
f 223/324/231 225/325/231 222/322/231
f 222/322/232 226/326/232 224/327/232
f 221/323/229 222/322/229 224/327/229
f 222/322/232 225/325/232 226/326/232
f 225/325/233 227/328/233 226/326/233
f 226/329/234 227/330/234 228/331/234
f 226/329/234 228/331/234 229/332/234
f 224/333/235 226/329/235 229/332/235
f 224/333/235 229/332/235 232/334/235
f 229/332/236 228/331/236 230/335/236
f 229/332/236 230/335/236 231/336/236
f 232/334/237 229/332/237 231/336/237
f 221/337/238 224/333/238 232/334/238
f 221/337/238 232/334/238 234/338/238
f 232/334/237 231/336/237 233/339/237
f 234/338/239 232/334/239 233/339/239
f 218/340/240 221/337/240 234/338/240
f 218/340/240 234/338/240 236/341/240
f 234/338/239 233/339/239 235/342/239
f 236/341/241 234/338/241 235/342/241
f 215/343/242 218/344/242 236/345/242
f 215/343/242 236/345/242 238/346/242
f 236/341/241 235/342/241 237/347/241
f 238/346/243 236/345/243 237/348/243
f 212/349/244 215/350/244 238/351/244
f 212/349/244 238/351/244 240/352/244
f 238/346/243 237/348/243 239/353/243
f 240/354/245 238/346/245 239/353/245
f 241/355/246 240/356/246 242/357/246
f 209/308/247 240/356/247 241/355/247
f 209/308/247 212/312/247 240/356/247
f 240/354/245 239/353/245 242/358/248
f 241/355/246 242/357/246 244/359/246
f 243/360/249 242/358/249 239/353/249
f 245/361/250 242/357/250 243/362/250
f 245/361/250 244/359/250 242/357/250
f 246/363/251 244/359/251 245/361/251
f 248/364/252 246/363/252 245/361/252
f 247/365/253 245/366/253 243/367/253
f 248/364/252 245/361/252 247/368/252
f 251/369/254 246/363/254 248/364/254
f 248/370/255 247/371/255 249/372/255
f 248/370/255 249/372/255 250/373/255
f 251/374/256 248/370/256 250/373/256
f 251/369/254 252/375/254 246/363/254
f 254/376/257 252/375/257 251/369/257
f 251/374/256 250/373/256 253/377/256
f 254/378/258 251/374/258 253/377/258
f 254/376/257 255/379/257 252/375/257
f 257/380/259 255/379/259 254/376/259
f 254/378/258 253/377/258 256/381/258
f 257/382/260 254/378/260 256/381/260
f 257/380/259 258/383/259 255/379/259
f 260/384/261 258/383/261 257/380/261
f 257/382/260 256/381/260 259/385/260
f 260/386/262 257/382/262 259/385/262
f 261/387/263 263/388/263 260/386/263
f 261/387/263 260/386/263 264/389/263
f 260/384/261 262/390/261 258/383/261
f 263/388/264 262/391/264 260/386/264
f 260/386/262 259/385/262 264/389/262
f 265/392/265 261/387/265 264/389/265
f 265/392/265 264/389/265 266/393/265
f 264/389/266 267/394/266 266/393/266
f 264/389/266 259/385/266 267/394/266
f 267/394/267 259/385/267 256/381/267
f 267/394/267 256/381/267 268/395/267
f 269/396/268 267/394/268 268/395/268
f 266/393/269 267/394/269 269/396/269
f 266/393/269 269/396/269 272/397/269
f 270/398/270 269/396/270 271/399/270
f 273/400/271 269/396/271 270/398/271
f 269/396/268 268/395/268 271/399/268
f 273/400/271 272/397/271 269/396/271
f 274/401/272 272/397/272 273/400/272
f 274/401/272 273/400/272 275/402/272
f 275/402/273 273/400/273 276/403/273
f 276/403/274 273/400/274 270/398/274
f 275/402/273 276/403/273 277/404/273
f 278/405/275 277/404/275 276/403/275
f 278/405/276 276/403/276 279/406/276
f 276/403/274 270/398/274 279/406/274
f 270/398/277 280/407/278 279/406/278
f 278/405/279 279/406/279 280/407/279
f 280/407/280 281/408/280 282/409/280
f 270/398/277 281/408/277 280/407/278
f 278/405/281 280/407/281 283/410/281
f 280/407/280 282/409/280 283/410/280
f 282/409/282 284/411/282 283/410/282
f 278/405/283 283/410/283 284/411/283
f 282/409/282 287/412/284 284/411/282
f 278/405/285 284/411/285 286/413/285
f 284/411/286 287/412/287 285/414/287
f 284/411/286 285/414/287 286/413/286
f 282/409/288 288/415/288 287/412/288
f 288/415/289 285/414/289 287/412/289
f 282/409/288 291/416/288 288/415/288
f 289/417/290 290/418/290 288/415/290
f 291/416/291 289/417/291 288/415/291
f 288/415/289 290/418/289 285/414/289
f 281/408/292 271/399/292 291/416/292
f 268/395/293 291/416/293 271/399/293
f 281/408/292 291/416/292 282/409/292
f 291/416/291 292/419/291 289/417/291
f 268/395/293 292/419/293 291/416/293
f 292/419/294 253/377/294 250/373/294
f 268/395/295 253/377/295 292/419/296
f 292/419/294 250/373/294 289/417/294
f 289/417/290 293/420/290 290/418/290
f 293/420/297 294/421/297 290/418/297
f 285/414/298 290/418/298 294/421/298
f 294/421/299 295/422/299 298/423/299
f 293/420/297 295/422/297 294/421/297
f 294/421/300 297/424/300 296/425/300
f 285/414/298 294/421/298 296/425/298
f 294/421/300 299/426/300 297/424/300
f 294/421/299 298/423/299 299/426/299
f 298/423/301 300/427/301 299/426/301
f 299/426/302 300/427/302 301/428/302
f 299/426/302 301/428/302 297/424/302
f 301/428/303 300/427/303 302/429/303
f 301/428/303 302/429/303 303/430/303
f 304/431/304 301/428/305 303/430/305
f 297/424/306 301/428/306 304/431/307
f 297/424/306 304/431/307 306/432/307
f 278/405/308 304/431/308 305/433/308
f 278/405/309 306/432/309 304/431/309
f 304/431/304 303/430/305 305/433/304
f 296/425/310 297/424/310 306/432/311
f 296/425/310 306/432/311 307/434/311
f 278/405/312 307/434/312 306/432/312
f 278/405/313 286/413/313 307/434/313
f 285/414/314 307/434/315 286/413/315
f 285/414/314 296/425/314 307/434/315
f 303/430/316 308/435/317 305/433/317
f 278/405/318 305/433/318 308/435/318
f 308/435/319 309/436/319 310/437/319
f 303/430/316 309/436/316 308/435/317
f 278/405/320 308/435/320 311/438/320
f 308/435/319 310/437/319 311/438/319
f 311/438/321 310/437/322 312/439/322
f 278/405/323 311/438/323 313/440/323
f 311/438/321 312/439/322 313/440/321
f 312/439/324 314/441/325 313/440/325
f 278/405/326 313/440/326 314/441/326
f 278/405/327 314/441/327 316/442/327
f 312/439/324 317/443/324 314/441/325
f 314/441/328 317/443/328 315/444/328
f 314/441/328 315/444/328 316/442/328
f 319/445/329 317/443/329 312/439/329
f 319/445/329 318/446/329 317/443/329
f 318/446/330 315/444/331 317/443/331
f 310/437/332 320/447/332 319/445/332
f 320/447/333 321/448/333 319/445/333
f 310/437/332 319/445/332 312/439/332
f 321/448/334 318/446/334 319/445/334
f 320/447/333 324/449/333 321/448/333
f 322/450/335 323/451/335 321/448/335
f 324/449/336 322/450/336 321/448/336
f 321/448/334 323/451/334 318/446/334
f 325/452/337 324/449/337 320/447/337
f 325/452/338 326/453/338 324/449/338
f 324/449/336 326/453/339 322/450/336
f 325/452/338 328/454/338 326/453/338
f 327/455/340 322/456/340 326/457/340
f 328/458/341 327/455/341 326/457/341
f 330/459/342 329/460/342 328/454/342
f 332/461/343 328/458/343 329/462/343
f 330/459/342 328/454/342 325/452/342
f 328/458/341 331/463/341 327/455/341
f 332/461/343 331/463/343 328/458/343
f 333/464/344 332/461/344 329/462/344
f 333/464/345 334/465/345 332/461/345
f 332/461/346 334/465/346 335/466/346
f 332/461/346 335/466/346 331/463/346
f 335/466/347 233/339/347 231/336/347
f 334/465/348 233/339/348 335/466/348
f 331/463/349 335/466/349 336/467/349
f 335/466/347 231/336/347 336/467/350
f 336/467/351 231/336/351 230/335/351
f 327/455/352 336/467/352 337/468/352
f 331/463/349 336/467/349 327/455/349
f 336/467/351 230/335/351 337/468/351
f 337/468/353 230/335/353 339/469/353
f 338/470/354 337/468/354 340/471/354
f 327/455/352 337/468/352 338/470/352
f 337/468/353 339/469/353 340/471/353
f 340/472/355 339/473/355 342/474/355
f 341/475/356 340/472/356 343/476/356
f 338/470/354 340/471/354 341/477/354
f 340/472/355 342/474/355 343/476/357
f 343/476/358 342/474/359 345/478/358
f 344/479/360 343/476/360 346/480/360
f 341/475/356 343/476/356 344/479/356
f 343/476/358 345/478/358 346/480/358
f 346/480/361 349/481/361 347/482/361
f 344/479/360 346/480/360 347/482/360
f 346/480/361 348/483/361 349/481/361
f 345/478/362 348/483/362 346/480/363
f 350/484/364 349/481/364 351/485/364
f 352/486/365 349/481/365 350/484/365
f 348/483/366 351/485/366 349/481/366
f 352/486/365 347/482/365 349/481/365
f 344/479/367 347/482/367 352/486/367
f 344/479/367 352/486/367 354/487/367
f 353/488/368 352/489/368 350/490/368
f 354/491/369 352/489/369 353/488/369
f 341/475/370 344/479/370 354/487/370
f 354/491/369 353/488/369 355/492/369
f 323/451/371 354/491/371 355/492/371
f 341/475/370 354/487/370 356/493/370
f 323/451/371 356/494/371 354/491/371
f 338/470/372 341/477/372 356/495/372
f 338/470/372 356/495/372 322/456/372
f 322/450/335 356/494/335 323/451/335
f 357/496/373 355/492/373 353/488/373
f 323/451/374 355/492/374 357/496/374
f 323/451/374 357/496/374 318/446/374
f 357/496/373 353/488/373 358/497/373
f 315/444/375 357/496/375 358/497/375
f 318/446/330 357/496/330 315/444/331
f 353/488/376 360/498/376 358/497/376
f 358/497/377 361/499/377 359/500/377
f 315/444/375 358/497/375 359/500/375
f 358/497/377 360/498/377 361/499/377
f 361/499/378 360/498/379 362/501/378
f 361/499/378 362/501/378 363/502/378
f 361/499/380 363/502/380 364/503/380
f 361/499/380 364/503/380 365/504/380
f 359/500/381 361/499/381 365/504/382
f 359/500/381 365/504/382 366/505/382
f 278/405/383 365/504/383 364/503/383
f 278/405/384 366/505/384 365/504/384
f 316/442/385 359/500/386 366/505/385
f 278/405/387 316/442/387 366/505/387
f 364/503/388 363/502/389 367/506/388
f 278/405/390 364/503/390 368/507/390
f 364/503/388 367/506/388 368/507/388
f 367/506/391 369/508/392 368/507/392
f 278/405/393 368/507/393 369/508/393
f 367/506/391 370/509/391 369/508/392
f 370/509/394 371/510/394 369/508/394
f 278/405/395 369/508/395 371/510/395
f 370/509/394 372/511/394 371/510/394
f 371/510/396 372/511/397 373/512/397
f 371/510/396 373/512/397 374/513/396
f 278/405/398 371/510/398 374/513/398
f 373/512/399 375/514/399 374/513/399
f 278/405/400 374/513/400 375/514/400
f 373/512/399 377/515/401 375/514/399
f 278/405/402 375/514/402 376/516/402
f 377/515/403 376/516/404 375/514/404
f 379/517/405 377/515/405 373/512/405
f 377/515/406 378/518/406 380/519/406
f 379/517/405 378/518/405 377/515/405
f 377/515/406 380/519/406 381/520/406
f 377/515/403 381/520/403 376/516/404
f 381/520/407 380/519/407 382/521/407
f 381/520/407 382/521/407 383/522/407
f 376/516/408 381/520/409 383/522/409
f 382/521/410 385/523/410 383/522/410
f 384/524/411 383/522/412 385/523/412
f 376/516/408 383/522/409 384/524/408
f 385/523/413 386/525/414 388/526/414
f 382/521/410 386/525/410 385/523/410
f 385/523/415 390/527/416 387/528/416
f 384/524/411 385/523/412 387/528/411
f 385/523/413 388/526/414 389/529/413
f 385/523/415 389/529/415 390/527/416
f 278/405/417 390/527/417 392/530/417
f 278/405/418 387/528/418 390/527/418
f 390/527/419 389/529/419 391/531/419
f 390/527/419 391/531/419 392/530/419
f 391/531/420 393/532/420 392/530/420
f 278/405/421 392/530/421 393/532/421
f 393/532/422 394/533/422 395/534/422
f 391/531/420 394/533/420 393/532/420
f 393/532/422 395/534/422 396/535/422
f 278/405/423 393/532/423 396/535/423
f 395/534/424 397/536/424 396/535/424
f 278/405/425 396/535/425 397/536/425
f 395/534/424 398/537/424 397/536/424
f 397/536/426 398/537/426 275/402/426
f 397/536/426 275/402/426 277/404/426
f 278/405/427 397/536/427 277/404/427
f 400/538/428 398/537/428 395/534/428
f 398/537/429 399/539/429 274/401/429
f 400/538/428 399/539/428 398/537/428
f 398/537/429 274/401/429 275/402/429
f 401/540/430 400/538/430 395/534/431
f 403/541/432 400/538/432 401/540/432
f 400/538/433 402/542/433 404/543/433
f 403/541/432 402/542/432 400/538/432
f 400/538/433 404/543/433 399/539/433
f 405/544/434 265/392/434 404/543/434
f 402/542/435 405/544/435 404/543/435
f 404/543/436 274/401/436 399/539/436
f 404/543/436 265/392/436 274/401/436
f 406/545/437 261/387/437 405/544/437
f 407/546/438 406/545/438 405/544/438
f 405/544/434 261/387/434 265/392/434
f 402/542/435 407/546/435 405/544/435
f 407/546/438 408/547/438 406/545/438
f 409/548/439 408/547/439 407/546/439
f 409/548/440 407/546/440 402/542/440
f 409/548/439 410/549/439 408/547/439
f 411/550/441 410/549/441 409/548/441
f 409/548/440 402/542/440 403/541/440
f 411/550/442 409/548/442 403/541/442
f 412/551/443 411/550/443 414/552/443
f 412/551/444 413/553/444 411/550/444
f 411/550/441 413/553/441 410/549/441
f 411/550/442 403/541/442 414/552/442
f 412/551/443 414/552/443 416/554/445
f 415/555/446 414/552/446 403/541/446
f 416/554/447 414/552/447 415/555/447
f 417/556/448 412/551/448 416/554/448
f 417/556/448 416/554/448 418/557/448
f 416/554/447 415/555/447 388/526/447
f 386/525/449 416/554/449 388/526/449
f 386/525/449 418/557/449 416/554/449
f 419/558/450 417/556/450 418/557/450
f 419/558/450 418/557/450 420/559/450
f 382/521/451 418/557/451 386/525/451
f 382/521/451 420/559/451 418/557/451
f 421/560/452 419/558/452 420/559/452
f 421/560/453 420/559/453 382/521/453
f 421/560/452 422/561/452 419/558/452
f 423/562/454 422/561/454 421/560/454
f 423/562/454 421/560/454 424/563/454
f 421/560/453 382/521/453 380/519/453
f 378/518/455 421/560/455 380/519/455
f 378/518/455 424/563/455 421/560/455
f 425/564/456 423/562/456 424/563/456
f 425/564/456 424/563/456 426/565/456
f 379/517/457 424/563/457 378/518/457
f 379/517/457 426/565/457 424/563/457
f 427/566/458 429/567/458 426/565/458
f 427/566/458 426/565/458 379/517/458
f 428/568/459 425/564/459 426/565/459
f 428/568/459 426/565/459 429/567/459
f 430/569/460 432/570/460 429/567/460
f 430/569/460 429/567/460 427/566/460
f 431/571/461 428/568/461 429/567/461
f 431/571/461 429/567/461 432/570/461
f 433/572/462 432/570/462 430/569/462
f 434/573/463 432/570/463 433/572/463
f 434/573/463 431/571/463 432/570/463
f 435/574/464 434/573/464 433/572/464
f 435/575/465 436/576/465 434/577/465
f 434/577/466 436/576/466 437/578/466
f 434/577/466 437/578/466 431/579/466
f 439/580/467 438/581/467 437/578/467
f 438/581/468 440/582/468 437/578/468
f 439/580/467 437/578/467 436/576/467
f 437/578/469 428/583/469 431/579/469
f 437/578/469 440/582/469 428/583/469
f 438/581/468 441/584/468 440/582/468
f 441/585/470 442/586/470 440/587/470
f 428/568/471 440/588/471 442/589/471
f 441/585/470 443/590/470 442/586/470
f 443/590/472 444/591/472 442/586/472
f 425/564/473 442/589/473 444/592/473
f 428/568/471 442/589/471 425/564/471
f 443/590/472 445/593/472 444/591/472
f 445/593/474 446/594/474 444/591/474
f 423/562/475 444/592/475 446/595/475
f 425/564/473 444/592/473 423/562/473
f 445/593/474 447/596/474 446/594/474
f 447/596/476 448/597/476 446/594/476
f 422/561/477 446/595/477 448/598/477
f 423/562/475 446/595/475 422/561/475
f 447/596/476 449/599/476 448/597/476
f 449/599/478 450/600/478 448/597/478
f 419/558/479 448/598/479 450/601/479
f 422/561/477 448/598/477 419/558/477
f 449/599/478 452/602/478 450/600/478
f 417/556/480 450/601/480 451/603/480
f 419/558/479 450/601/479 417/556/481
f 452/602/482 451/604/482 450/600/482
f 454/605/483 452/602/483 449/599/484
f 454/605/483 453/606/483 452/602/483
f 453/606/485 455/607/485 452/602/485
f 452/602/482 455/607/482 451/604/482
f 453/606/485 456/608/486 455/607/485
f 456/608/487 457/609/487 455/607/487
f 455/607/488 457/609/488 413/610/488
f 455/607/488 413/610/488 451/604/488
f 456/608/487 458/611/487 457/609/487
f 458/611/489 459/612/489 457/609/489
f 457/609/490 459/612/490 410/613/490
f 457/609/490 410/613/490 413/610/490
f 458/611/489 460/614/491 459/612/489
f 460/614/492 461/615/492 459/612/493
f 459/616/494 461/617/494 408/547/494
f 459/616/494 408/547/494 410/549/494
f 460/614/492 462/618/495 461/615/492
f 462/619/496 463/620/496 461/621/496
f 461/617/497 463/622/497 406/545/497
f 461/617/497 406/545/497 408/547/497
f 462/619/496 464/623/498 463/620/496
f 464/623/499 465/624/499 463/620/499
f 463/622/500 465/625/500 263/388/500
f 463/622/500 263/388/500 406/545/500
f 464/623/499 466/626/501 465/624/499
f 465/624/502 466/626/503 467/627/502
f 465/624/502 467/627/502 262/390/504
f 263/388/264 465/625/264 262/391/264
f 468/628/505 469/629/505 467/627/505
f 468/628/505 467/627/505 466/626/506
f 469/629/507 470/630/507 467/627/508
f 262/390/509 467/627/510 470/630/509
f 469/629/507 471/631/507 470/630/507
f 471/631/511 472/632/511 470/630/512
f 258/383/513 470/630/514 472/632/513
f 262/390/509 470/630/509 258/383/509
f 471/631/511 473/633/515 472/632/511
f 473/633/516 474/634/516 472/632/516
f 255/379/517 472/632/517 474/634/517
f 258/383/513 472/632/513 255/379/518
f 474/634/519 475/635/519 476/636/519
f 473/633/516 475/635/516 474/634/516
f 474/634/520 246/363/520 252/375/521
f 255/379/517 474/634/517 252/375/522
f 474/634/520 477/637/520 246/363/520
f 474/634/519 476/636/519 477/637/523
f 476/636/524 244/359/524 477/637/525
f 246/363/251 477/637/526 244/359/251
f 205/301/527 206/302/527 476/636/527
f 205/301/527 476/636/527 475/635/527
f 476/636/524 241/355/524 244/359/524
f 206/302/528 241/355/528 476/636/528
f 478/638/529 205/301/529 475/635/529
f 478/638/529 475/635/529 473/633/529
f 478/638/530 200/293/530 199/296/530
f 479/639/531 200/293/531 478/638/531
f 478/638/530 199/296/530 205/301/530
f 479/639/532 478/638/532 473/633/532
f 479/639/531 480/640/531 200/293/531
f 481/641/533 480/640/533 479/639/534
f 479/639/532 473/633/532 471/631/532
f 481/641/535 479/639/535 471/631/535
f 482/642/536 483/643/536 481/641/536
f 482/642/536 481/641/536 484/644/536
f 481/641/533 483/643/533 480/640/533
f 484/644/537 481/641/537 469/629/537
f 481/641/535 471/631/535 469/629/535
f 485/645/538 486/646/538 484/644/538
f 485/645/538 484/644/538 468/628/538
f 486/646/539 482/642/539 484/644/539
f 484/644/537 469/629/537 468/628/537
f 488/647/540 487/648/540 486/646/540
f 172/649/541 486/646/541 487/648/541
f 488/647/540 486/646/540 485/645/540
f 486/646/539 169/251/539 482/642/539
f 172/649/541 169/251/541 486/646/541
f 489/650/542 487/651/542 488/652/542
f 462/619/543 488/647/543 485/645/543
f 460/614/544 488/652/544 462/618/545
f 460/614/544 489/650/544 488/652/544
f 489/650/542 490/653/542 487/651/542
f 491/654/546 490/653/546 489/650/546
f 458/611/547 489/650/547 460/614/548
f 458/611/547 491/654/547 489/650/547
f 491/654/546 492/655/546 490/653/546
f 493/656/549 492/655/549 491/654/549
f 493/656/550 491/654/550 458/611/550
f 493/656/549 494/657/549 492/655/549
f 495/658/551 494/657/551 493/656/551
f 493/656/550 458/611/550 456/608/550
f 453/606/552 493/656/552 456/608/553
f 453/606/552 495/658/552 493/656/552
f 495/658/551 496/659/551 494/657/551
f 497/660/554 496/659/554 495/658/554
f 454/605/555 495/658/555 453/606/555
f 454/605/555 497/660/556 495/658/555
f 498/661/557 500/662/558 497/663/557
f 498/661/557 497/663/557 454/664/559
f 497/660/554 499/665/554 496/659/554
f 500/662/560 499/666/560 497/663/560
f 502/667/561 501/668/561 500/662/561
f 501/668/562 503/669/562 500/662/562
f 502/667/561 500/662/561 498/661/563
f 500/662/560 503/669/560 499/666/560
f 501/668/562 506/670/562 503/669/562
f 505/671/564 504/672/564 503/673/564
f 504/672/565 499/665/565 503/673/565
f 505/671/564 503/673/564 506/674/564
f 508/675/566 507/676/566 506/674/566
f 509/677/567 506/678/567 507/679/567
f 508/675/566 506/674/566 501/680/566
f 509/677/567 505/681/567 506/678/567
f 510/682/568 509/677/568 507/679/568
f 510/682/569 511/683/569 509/677/569
f 509/677/570 511/683/570 512/684/570
f 509/677/570 512/684/570 505/681/570
f 514/685/571 513/686/571 512/684/571
f 513/686/572 515/687/572 512/684/572
f 514/685/571 512/684/571 511/683/571
f 505/681/573 512/684/573 515/687/573
f 515/687/574 516/688/574 517/689/574
f 513/686/572 516/688/572 515/687/572
f 515/687/575 519/690/575 504/691/575
f 505/681/573 515/687/573 504/691/573
f 515/687/574 517/689/574 518/692/574
f 515/687/575 518/692/575 519/690/575
f 519/690/576 518/692/576 520/693/576
f 519/690/576 520/693/576 521/694/576
f 519/695/577 521/696/578 496/659/577
f 519/695/577 496/659/577 499/665/577
f 504/672/565 519/695/565 499/665/565
f 521/694/579 520/693/579 179/262/579
f 521/694/579 179/262/579 522/697/579
f 521/696/580 522/698/580 494/657/580
f 521/696/580 494/657/580 496/659/580
f 522/697/581 179/262/582 174/259/581
f 522/697/581 174/259/581 175/258/581
f 522/698/583 175/699/583 492/655/583
f 522/698/583 492/655/583 494/657/583
f 517/689/584 523/700/584 520/693/584
f 523/700/585 179/262/585 520/693/585
f 517/689/584 520/693/584 518/692/584
f 524/701/586 178/263/586 523/700/586
f 517/689/587 524/701/587 523/700/587
f 523/700/585 178/263/585 179/262/585
f 525/702/588 529/703/589 524/704/588
f 525/702/588 524/704/588 528/705/588
f 524/704/590 529/703/591 526/706/591
f 524/704/590 526/706/591 527/707/590
f 524/701/586 527/708/586 178/263/586
f 517/689/587 528/709/587 524/701/587
f 525/702/592 187/276/592 529/703/592
f 529/703/593 187/276/593 526/706/593
f 530/710/594 525/702/594 528/705/594
f 530/710/594 528/705/594 531/711/594
f 531/712/595 528/709/595 517/689/595
f 532/713/596 530/710/596 531/711/596
f 531/712/595 517/689/595 516/688/595
f 532/714/597 531/712/597 516/688/597
f 532/713/596 533/715/596 530/710/596
f 534/716/598 533/715/598 532/713/598
f 532/714/597 516/688/597 513/686/597
f 514/685/599 532/714/599 513/686/599
f 514/685/599 534/717/599 532/714/599
f 534/716/598 535/718/600 533/715/598
f 536/719/601 535/718/602 534/716/603
f 536/719/601 534/716/603 537/720/603
f 537/721/604 534/717/604 514/685/604
f 538/722/605 536/719/605 537/720/605
f 538/723/606 537/721/607 539/724/606
f 537/721/604 514/685/604 539/724/604
f 538/723/606 539/724/606 540/725/606
f 540/725/608 539/724/608 541/726/608
f 539/724/609 514/685/609 511/683/609
f 539/724/609 511/683/609 541/726/609
f 542/727/610 543/728/610 541/726/610
f 542/727/610 541/726/610 510/682/610
f 540/725/608 541/726/608 543/728/608
f 510/682/569 541/726/569 511/683/569
f 545/729/611 544/730/611 543/728/611
f 544/730/612 540/725/612 543/728/612
f 545/729/611 543/728/611 542/727/611
f 548/731/613 544/730/613 545/729/613
f 545/729/614 542/727/614 546/732/614
f 545/729/614 546/732/614 547/733/614
f 548/731/615 545/729/615 547/733/615
f 548/731/613 549/734/613 544/730/613
f 551/735/616 549/734/616 548/731/616
f 548/731/615 547/733/615 550/736/615
f 551/735/617 548/731/618 550/736/617
f 551/735/616 552/737/616 549/734/616
f 553/738/619 552/737/619 551/735/619
f 553/738/619 551/735/619 555/739/619
f 551/735/617 550/736/617 554/740/617
f 555/739/620 551/735/621 554/740/620
f 557/741/622 553/738/622 555/739/622
f 555/739/620 554/740/620 556/742/620
f 558/743/623 555/739/623 556/742/623
f 558/743/623 557/741/624 555/739/623
f 561/744/625 557/741/625 558/743/625
f 558/743/626 556/742/626 559/745/626
f 558/743/626 559/745/626 560/746/626
f 561/744/627 558/743/627 560/746/627
f 227/328/628 561/744/628 563/747/628
f 227/328/629 562/748/629 561/744/629
f 561/744/625 562/748/625 557/741/625
f 561/744/627 560/746/627 563/747/627
f 227/328/628 563/747/628 228/749/628
f 563/750/630 560/751/630 342/474/630
f 563/750/630 342/474/630 339/473/630
f 228/331/631 563/752/631 339/469/631
f 227/328/629 566/753/629 562/748/629
f 565/754/632 564/755/632 562/748/632
f 564/755/633 557/741/633 562/748/633
f 565/754/632 562/748/632 566/753/632
f 225/325/233 566/753/233 227/328/233
f 567/756/634 566/753/634 225/325/635
f 567/756/634 565/754/634 566/753/634
f 223/324/231 567/756/231 225/325/231
f 223/324/636 568/757/636 567/756/636
f 568/757/637 565/754/637 567/756/637
f 223/324/636 571/758/636 568/757/636
f 569/759/638 570/760/638 568/757/638
f 571/758/639 569/759/639 568/757/639
f 568/757/637 570/760/637 565/754/637
f 220/321/640 572/761/640 571/758/640
f 572/761/641 573/762/641 571/758/641
f 220/321/640 571/758/640 223/324/640
f 571/758/639 573/762/639 569/759/639
f 572/761/641 575/763/641 573/762/641
f 574/764/642 569/765/642 573/766/642
f 575/767/643 574/764/644 573/766/645
f 576/768/646 575/763/646 572/761/646
f 578/769/647 575/767/647 576/770/647
f 575/767/643 577/771/644 574/764/644
f 578/769/647 577/771/647 575/767/647
f 580/772/648 579/773/648 578/769/648
f 579/773/649 187/276/649 578/769/649
f 578/769/650 187/276/650 577/771/650
f 580/772/648 578/769/648 576/770/648
f 582/774/651 579/773/651 580/772/651
f 581/775/652 580/776/652 576/768/652
f 583/777/653 580/776/653 581/775/653
f 583/777/653 582/778/653 580/776/653
f 584/779/654 582/778/654 583/777/654
f 584/779/654 583/777/654 585/780/654
f 583/777/655 213/311/655 211/310/655
f 208/305/656 583/777/656 211/310/656
f 583/777/655 581/775/655 213/311/655
f 208/305/656 585/780/656 583/777/656
f 586/781/657 584/779/657 585/780/657
f 203/298/658 586/781/658 585/780/658
f 203/298/658 585/780/658 208/305/658
f 586/781/657 587/782/659 584/779/657
f 588/783/660 587/782/660 586/781/660
f 588/783/660 586/781/660 201/294/660
f 201/294/214 586/781/214 203/298/214
f 588/784/661 589/785/661 590/786/661
f 193/282/662 589/785/662 588/784/662
f 193/282/662 588/784/662 194/283/662
f 588/784/661 590/786/661 587/787/661
f 194/285/663 588/783/663 201/294/663
f 590/786/664 584/788/665 587/787/665
f 590/786/666 187/276/666 591/789/666
f 589/785/667 187/276/667 590/786/667
f 590/786/664 591/789/664 584/788/665
f 591/789/668 187/276/668 592/790/668
f 584/788/669 591/789/669 592/790/669
f 582/774/651 592/790/651 579/773/651
f 584/788/669 592/790/669 582/774/669
f 592/790/670 187/276/670 579/773/670
f 193/282/671 187/276/671 589/785/671
f 581/775/652 576/768/652 593/791/652
f 213/311/672 581/775/672 593/791/672
f 576/768/646 572/761/646 593/791/646
f 217/318/673 593/791/673 572/761/673
f 213/311/672 593/791/672 217/318/672
f 577/771/674 187/276/674 574/764/674
f 574/764/675 187/276/675 594/792/675
f 574/764/642 594/792/642 569/765/642
f 594/792/676 187/276/676 595/793/676
f 594/792/677 595/793/677 596/794/677
f 594/792/677 596/794/677 569/765/677
f 596/794/678 595/793/679 597/795/679
f 596/794/678 597/795/679 598/796/680
f 570/760/681 596/797/681 598/798/681
f 569/759/638 596/797/638 570/760/638
f 597/795/682 600/799/682 598/796/682
f 599/800/683 598/798/683 600/801/683
f 570/760/681 598/798/681 599/800/681
f 597/795/682 601/802/682 600/799/682
f 601/802/684 603/803/684 600/799/684
f 600/801/685 604/804/685 602/805/685
f 599/800/683 600/801/683 602/805/683
f 600/801/685 603/806/685 604/804/685
f 604/804/686 603/806/686 605/807/686
f 604/804/686 605/807/686 606/808/686
f 553/738/687 604/804/687 606/808/687
f 602/805/688 604/804/689 553/738/688
f 605/807/690 607/809/690 606/808/691
f 606/808/692 549/734/692 552/737/692
f 553/738/687 606/808/687 552/737/687
f 606/808/692 607/809/692 549/734/692
f 605/807/690 609/810/690 607/809/690
f 607/809/693 608/811/693 544/730/693
f 609/810/694 608/811/695 607/809/695
f 607/809/693 544/730/693 549/734/693
f 605/812/696 610/813/696 609/814/696
f 610/813/697 611/815/697 609/814/697
f 609/810/694 611/816/694 608/811/695
f 610/813/697 612/817/697 611/815/697
f 612/817/698 538/722/698 611/815/698
f 608/811/699 611/816/699 538/723/699
f 612/817/700 187/276/700 613/818/700
f 610/813/701 187/276/701 612/817/701
f 612/817/698 613/818/698 538/722/698
f 613/818/702 187/276/702 536/719/702
f 538/722/605 613/818/605 536/719/605
f 605/812/696 614/819/696 610/813/696
f 614/819/703 187/276/703 610/813/703
f 603/803/704 615/820/704 614/819/704
f 615/820/705 187/276/705 614/819/705
f 603/803/704 614/819/704 605/812/704
f 601/802/684 615/820/684 603/803/684
f 601/802/706 187/276/706 615/820/706
f 608/811/699 538/723/699 540/725/699
f 544/730/612 608/811/612 540/725/612
f 602/805/688 553/738/688 616/821/688
f 564/755/707 602/805/707 616/821/707
f 564/755/707 599/800/707 602/805/707
f 557/741/622 616/821/622 553/738/622
f 564/755/633 616/821/633 557/741/633
f 597/795/708 187/276/708 601/802/708
f 565/754/709 599/800/709 564/755/709
f 565/754/709 570/760/709 599/800/709
f 595/793/710 187/276/710 597/795/710
f 217/318/673 572/761/673 220/321/673
f 560/822/711 559/823/712 345/824/711
f 560/822/711 345/824/711 342/825/713
f 559/826/714 556/827/714 554/828/714
f 559/826/714 554/828/714 617/829/714
f 345/478/715 559/826/716 617/829/715
f 617/829/717 554/828/717 550/830/717
f 618/831/718 617/829/718 619/832/718
f 345/478/715 617/829/715 618/831/719
f 617/829/717 550/830/717 619/832/717
f 619/832/720 550/830/720 547/833/720
f 620/834/721 619/832/721 621/835/721
f 618/831/718 619/832/718 620/834/718
f 619/832/720 547/833/720 621/835/720
f 621/835/722 547/833/722 546/836/722
f 622/837/723 621/835/724 623/838/723
f 620/834/721 621/835/721 622/837/725
f 621/835/722 546/836/722 623/838/722
f 623/839/726 546/732/726 625/840/726
f 624/841/727 623/838/727 626/842/727
f 622/837/723 623/838/723 624/841/723
f 623/839/726 625/840/726 626/843/726
f 626/844/728 625/845/728 507/676/728
f 627/846/729 626/844/729 508/675/729
f 624/841/727 626/842/727 627/847/727
f 626/844/728 507/676/728 508/675/728
f 624/841/730 627/847/730 441/584/730
f 627/846/729 508/675/729 628/848/729
f 627/846/731 628/848/731 443/590/731
f 627/846/731 443/590/731 441/585/732
f 628/849/733 508/850/733 501/668/733
f 628/849/733 501/668/733 502/667/733
f 628/848/734 502/851/735 445/593/734
f 628/848/734 445/593/734 443/590/734
f 510/682/568 507/679/568 625/840/568
f 546/732/736 510/682/736 625/840/736
f 624/841/730 441/584/730 438/581/737
f 622/837/738 624/841/739 438/581/738
f 622/837/738 438/581/738 439/580/738
f 620/834/740 622/837/741 439/580/740
f 620/834/740 439/580/740 629/852/740
f 618/831/742 620/834/742 629/852/742
f 618/831/742 629/852/742 348/483/742
f 629/852/743 439/580/743 436/576/743
f 629/852/743 436/576/743 351/485/743
f 348/483/366 629/852/366 351/485/366
f 345/478/362 618/831/744 348/483/362
f 546/732/736 542/727/736 510/682/736
f 536/719/745 187/276/745 535/718/745
f 535/718/746 187/276/746 533/715/746
f 533/715/747 187/276/747 530/710/747
f 530/710/748 187/276/748 525/702/748
f 526/706/749 180/269/749 527/707/749
f 178/263/187 527/708/750 180/264/187
f 526/706/751 187/276/751 630/853/751
f 526/706/749 630/853/749 180/269/749
f 630/853/752 187/276/752 182/266/752
f 180/269/191 630/853/191 182/266/191
f 502/667/753 498/661/753 447/854/753
f 502/667/753 447/854/753 445/855/754
f 498/661/755 454/664/756 449/856/755
f 498/661/755 449/856/755 447/854/757
f 175/699/758 490/653/758 492/655/758
f 175/699/758 171/857/758 490/653/758
f 171/857/759 487/651/759 490/653/759
f 171/857/759 172/858/759 487/651/759
f 464/623/760 485/645/760 468/628/760
f 462/619/543 485/645/543 464/623/761
f 165/253/762 483/643/762 482/642/762
f 483/643/763 164/859/763 197/291/763
f 165/253/762 164/859/762 483/643/762
f 483/643/763 197/291/763 480/640/763
f 169/251/180 165/253/180 482/642/180
f 197/291/210 200/293/210 480/640/210
f 464/623/760 468/628/760 466/626/764
f 417/556/480 451/603/480 412/551/480
f 412/551/444 451/603/444 413/553/444
f 435/575/465 351/485/465 436/576/465
f 435/574/464 433/572/464 631/860/464
f 350/490/765 435/574/765 631/860/765
f 350/484/364 351/485/364 435/575/766
f 350/490/765 631/860/765 632/861/765
f 362/501/767 631/860/767 433/572/767
f 360/498/768 631/860/768 362/501/768
f 360/498/768 632/861/768 631/860/768
f 353/488/368 350/490/368 632/861/368
f 353/488/376 632/861/376 360/498/376
f 433/572/462 430/569/462 633/862/462
f 362/501/767 433/572/767 633/862/767
f 633/862/769 370/509/769 367/506/769
f 363/502/770 633/862/770 367/506/770
f 633/862/769 430/569/769 370/509/769
f 363/502/770 362/501/770 633/862/770
f 370/509/771 430/569/771 427/566/771
f 372/511/772 427/566/773 379/517/772
f 370/509/771 427/566/771 372/511/771
f 415/555/446 403/541/446 401/540/446
f 415/555/774 401/540/774 394/533/774
f 415/555/774 394/533/774 391/531/774
f 388/526/775 415/555/775 391/531/775
f 406/545/437 263/388/437 261/387/437
f 401/540/430 395/534/431 394/533/431
f 388/526/775 391/531/775 389/529/775
f 278/405/776 384/524/776 387/528/776
f 278/405/777 376/516/777 384/524/777
f 372/511/772 379/517/772 373/512/772
f 316/442/385 315/444/386 359/500/386
f 228/331/631 339/469/631 230/335/631
f 327/455/340 338/470/340 322/456/340
f 333/464/345 634/863/345 334/465/345
f 334/465/348 235/342/348 233/339/348
f 634/863/778 235/342/778 334/465/778
f 636/864/779 635/865/779 634/863/779
f 635/866/780 237/348/780 634/867/780
f 636/864/779 634/863/779 333/464/779
f 634/863/778 237/347/778 235/342/778
f 639/868/781 635/865/781 636/864/781
f 636/864/782 333/464/782 637/869/782
f 636/864/782 637/869/782 638/870/782
f 639/871/783 636/872/783 638/873/783
f 639/868/781 243/367/781 635/865/781
f 247/365/253 243/367/253 639/868/253
f 639/871/783 638/873/783 640/874/784
f 247/371/785 639/871/785 640/874/785
f 247/371/785 640/874/785 249/372/785
f 640/874/786 298/423/786 295/422/786
f 293/420/787 640/874/787 295/422/787
f 640/874/786 638/873/786 298/423/786
f 293/420/787 249/372/787 640/874/787
f 298/423/788 638/873/788 637/875/788
f 333/464/344 329/462/344 637/869/344
f 641/876/789 637/875/789 329/460/789
f 298/423/788 637/875/788 641/876/788
f 641/876/789 329/460/789 330/459/789
f 641/876/790 330/459/790 302/429/790
f 641/876/790 302/429/790 300/427/790
f 298/423/301 641/876/301 300/427/301
f 635/866/780 239/353/780 237/348/780
f 243/360/249 239/353/249 635/866/791
f 330/459/792 325/452/792 642/877/792
f 330/459/792 642/877/792 302/429/792
f 325/452/337 320/447/337 642/877/337
f 642/877/793 320/447/793 310/437/793
f 642/877/793 310/437/793 309/436/793
f 302/429/794 642/877/794 309/436/794
f 302/429/794 309/436/794 303/430/794
f 289/417/795 249/372/795 293/420/795
f 289/417/795 250/373/795 249/372/795
f 270/398/270 271/399/270 281/408/270
f 274/401/796 265/392/796 266/393/796
f 274/401/796 266/393/796 272/397/796
f 268/395/295 256/381/295 253/377/295
f 206/302/528 209/308/528 241/355/528
f 194/285/663 201/294/663 195/286/663
f 191/279/797 187/276/797 193/282/797
f 162/243/176 190/288/176 163/245/176
f 182/266/798 187/276/798 184/271/798
f 644/878/799 650/879/799 643/880/799
f 644/878/799 643/880/799 645/881/799
f 646/882/800 645/881/800 643/880/800
f 646/882/800 643/880/800 647/883/800
f 647/884/801 643/885/801 649/886/801
f 650/879/799 648/887/799 643/880/799
f 648/887/799 649/888/799 643/880/799
f 651/889/802 650/890/802 644/891/802
f 651/892/801 652/893/801 650/894/801
f 650/879/799 652/895/799 653/896/799
f 650/879/799 654/897/799 648/887/799
f 650/879/799 653/896/799 654/897/799
f 654/898/803 655/899/803 648/900/803
f 654/898/803 656/901/803 655/899/803
f 656/901/803 654/898/803 653/902/803
f 656/903/803 659/904/803 657/905/803
f 656/903/803 657/905/803 655/906/803
f 656/901/803 653/902/803 658/907/803
f 659/908/803 656/901/803 658/907/803
f 657/905/803 659/904/803 661/909/803
f 659/908/803 658/907/803 660/910/803
f 661/911/803 659/908/803 660/910/803
f 661/909/803 665/912/803 662/913/803
f 661/909/803 662/913/803 663/914/803
f 657/905/803 661/909/803 663/914/803
f 661/911/803 660/910/803 664/915/803
f 665/916/803 661/911/803 664/915/803
f 662/913/803 665/912/803 668/917/803
f 665/916/803 664/915/803 666/918/803
f 665/916/803 666/918/803 667/919/803
f 665/916/803 667/919/803 668/920/803
f 662/913/803 668/917/803 669/921/803
f 668/917/803 672/922/803 669/921/803
f 668/920/803 667/919/803 670/923/803
f 668/920/803 670/923/803 671/924/803
f 668/917/803 671/925/803 672/922/803
f 672/922/803 671/925/803 675/926/803
f 672/927/803 676/928/803 673/929/803
f 672/927/803 673/929/803 674/930/803
f 669/931/803 672/927/803 674/930/803
f 672/922/803 675/926/803 676/932/803
f 676/928/803 677/933/803 679/934/803
f 676/928/803 678/935/803 677/933/803
f 676/928/803 675/936/803 678/935/803
f 676/928/803 679/934/803 673/929/803
f 681/937/804 679/938/804 677/939/804
f 680/940/805 673/941/806 679/942/805
f 680/940/805 679/942/805 682/943/805
f 681/937/804 682/944/804 679/938/804
f 683/945/801 680/946/801 682/947/801
f 683/945/801 682/947/801 681/948/801
f 684/949/801 680/946/801 683/945/801
f 686/950/807 684/951/807 683/952/807
f 685/953/808 686/950/808 683/952/808
f 685/953/808 683/952/808 681/954/808
f 686/950/807 689/955/807 684/951/807
f 687/956/801 686/957/801 685/958/801
f 687/956/801 688/959/801 686/957/801
f 688/959/801 689/960/801 686/957/801
f 688/959/801 693/961/801 689/960/801
f 689/960/801 693/961/801 690/962/801
f 689/960/801 690/962/801 691/963/801
f 689/955/809 691/964/809 692/965/809
f 689/955/809 692/965/809 684/951/809
f 694/966/810 695/967/810 693/968/810
f 694/966/810 693/968/810 688/969/810
f 695/967/811 690/970/811 693/968/811
f 695/967/811 698/971/811 690/970/811
f 695/972/801 694/973/801 696/974/801
f 695/972/801 696/974/801 697/975/801
f 698/976/801 695/972/801 697/975/801
f 698/976/801 697/975/801 699/977/801
f 700/978/801 698/976/801 699/977/801
f 698/971/812 700/979/812 701/980/812
f 698/971/812 701/980/812 690/970/812
f 700/979/813 703/981/813 701/980/813
f 702/982/801 701/983/801 703/984/801
f 690/962/801 701/983/801 702/982/801
f 700/979/813 704/985/813 703/981/813
f 704/985/814 705/986/814 703/981/814
f 703/984/801 705/987/801 707/988/801
f 702/982/801 703/984/801 706/989/801
f 703/984/801 707/988/801 706/989/801
f 706/990/815 707/991/815 708/992/815
f 707/991/816 647/993/817 708/992/817
f 707/988/801 705/987/801 709/994/801
f 707/991/816 646/995/816 647/993/817
f 707/988/801 709/994/801 646/996/801
f 710/997/818 651/889/818 709/998/819
f 651/889/802 644/891/802 709/998/802
f 710/997/818 709/998/819 705/986/819
f 646/996/801 709/994/801 644/999/801
f 704/985/814 710/997/814 705/986/814
f 704/1000/801 711/1001/801 710/1002/801
f 710/1002/801 711/1001/801 712/1003/801
f 710/1002/801 712/1003/801 651/892/801
f 651/892/801 712/1003/801 652/893/801
f 712/1004/820 658/1005/821 653/1006/822
f 712/1004/820 653/1006/822 652/1007/822
f 711/1008/821 658/1005/821 712/1004/820
f 711/1008/821 660/1009/821 658/1005/821
f 713/1010/823 660/1009/823 711/1008/823
f 704/1000/801 713/1011/801 711/1001/801
f 700/978/801 714/1012/801 713/1011/801
f 714/1013/824 664/1014/824 713/1010/823
f 713/1010/823 664/1014/824 660/1009/823
f 700/978/801 713/1011/801 704/1000/801
f 700/978/801 699/977/801 714/1012/801
f 699/1015/825 666/1016/826 714/1013/824
f 714/1013/824 666/1016/826 664/1014/824
f 706/990/815 708/992/815 715/1017/815
f 715/1018/801 708/1019/801 717/1020/801
f 708/1019/801 647/884/801 716/1021/801
f 708/1019/801 716/1021/801 717/1020/801
f 716/1022/827 718/1023/828 717/1024/828
f 717/1025/829 718/1026/829 720/1027/830
f 715/1018/801 717/1020/801 719/1028/801
f 717/1025/829 720/1027/830 719/1029/831
f 662/1030/803 721/1031/803 720/1032/803
f 662/1030/803 720/1032/803 663/1033/803
f 663/1033/803 720/1032/803 718/1034/803
f 719/1029/831 720/1027/830 721/1035/832
f 662/1030/803 723/1036/803 721/1031/803
f 722/1037/833 721/1035/832 723/1038/834
f 719/1029/831 721/1035/832 722/1037/833
f 662/1030/803 669/931/803 723/1036/803
f 669/931/803 674/930/803 723/1036/803
f 724/1039/835 723/1038/834 674/1040/836
f 722/1037/833 723/1038/834 724/1039/835
f 725/1041/801 722/1042/801 724/1043/801
f 725/1041/801 724/1043/801 692/1044/801
f 724/1039/835 674/1040/836 726/1045/836
f 692/1044/801 724/1043/801 726/1046/801
f 684/949/801 726/1046/801 680/946/801
f 726/1045/837 673/941/806 680/940/805
f 692/1044/801 726/1046/801 684/949/801
f 726/1045/837 674/1040/837 673/941/806
f 691/964/838 702/1047/838 725/1048/838
f 691/964/838 725/1048/838 692/965/838
f 702/1047/839 715/1017/839 725/1048/839
f 725/1041/801 715/1018/801 719/1028/801
f 725/1041/801 719/1028/801 722/1042/801
f 716/1022/827 727/1049/840 718/1023/828
f 663/1033/803 718/1034/803 657/1050/803
f 657/1050/803 718/1034/803 727/1051/803
f 649/888/840 727/1049/840 716/1022/827
f 649/888/840 728/1052/840 727/1049/840
f 655/899/803 727/1051/803 728/1053/803
f 657/1050/803 727/1051/803 655/899/803
f 648/887/799 728/1052/799 649/888/799
f 655/899/803 728/1053/803 648/900/803
f 647/884/801 649/886/801 716/1021/801
f 702/1047/839 706/990/839 715/1017/839
f 690/962/801 702/982/801 691/963/801
f 699/1015/825 667/1054/841 666/1016/826
f 697/1055/842 667/1054/841 699/1015/825
f 696/1056/843 670/1057/843 697/1058/843
f 697/1055/842 670/1059/842 667/1054/841
f 729/1060/844 730/1061/844 696/1056/843
f 694/973/801 729/1062/801 696/974/801
f 696/1056/843 730/1061/844 670/1057/843
f 729/1060/844 731/1063/844 730/1061/844
f 671/924/803 670/923/803 730/1064/803
f 671/924/803 730/1064/803 675/936/803
f 675/936/803 730/1064/803 731/1065/803
f 678/1066/804 731/1063/804 729/1060/804
f 675/936/803 731/1065/803 678/935/803
f 678/1066/804 729/1060/804 732/1067/804
f 694/973/801 732/1068/801 729/1062/801
f 732/1067/804 685/1069/804 681/937/804
f 681/937/804 678/1066/804 732/1067/804
f 732/1067/804 687/1070/804 685/1069/804
f 732/1067/845 694/1071/845 688/1072/845
f 732/1067/845 688/1072/845 687/1070/845
f 681/937/804 677/939/804 678/1066/804
f 646/996/801 644/999/801 645/1073/801
f 734/1074/42 737/1075/42 733/1076/42
f 734/1074/42 733/1076/42 735/1077/42
f 733/1076/846 738/1078/846 735/1077/846
f 736/1079/847 739/1080/847 733/1076/847
f 736/1079/847 733/1076/847 737/1075/847
f 733/1076/846 740/1081/846 738/1078/846
f 739/1080/848 740/1081/848 733/1076/848
f 739/1080/849 741/1082/849 740/1081/849
f 741/1083/803 738/1084/803 740/1085/803
f 741/1083/803 742/1086/803 738/1084/803
f 744/1087/803 742/1086/803 741/1083/803
f 743/1088/850 744/1089/850 741/1090/850
f 743/1088/850 741/1090/850 739/1091/850
f 743/1088/850 745/1092/850 744/1089/850
f 745/1093/803 746/1094/803 744/1087/803
f 744/1087/803 746/1094/803 742/1086/803
f 745/1093/803 748/1095/803 746/1094/803
f 747/1096/851 746/1097/851 748/1098/851
f 747/1096/851 742/1099/851 746/1097/851
f 749/1100/852 748/1101/852 750/1102/852
f 747/1096/851 748/1098/851 749/1103/851
f 745/1093/803 750/1104/803 748/1095/803
f 749/1100/853 750/1102/853 752/1105/853
f 745/1093/803 751/1106/803 750/1104/803
f 752/1105/854 750/1102/854 751/1107/854
f 752/1105/38 753/1108/38 755/1109/38
f 752/1105/854 751/1107/854 753/1108/854
f 752/1110/855 756/1111/855 754/1112/855
f 752/1110/855 754/1112/855 749/1103/855
f 752/1105/38 755/1109/38 756/1113/38
f 754/1114/801 756/1115/801 755/1116/801
f 754/1114/801 755/1116/801 757/1117/801
f 755/1109/856 758/1118/856 757/1119/856
f 755/1109/856 753/1108/856 758/1118/856
f 757/1120/799 758/1121/799 743/1088/799
f 758/1118/857 753/1108/857 751/1107/857
f 758/1118/858 751/1107/858 745/1122/858
f 743/1088/850 758/1121/850 745/1092/850
f 754/1114/801 757/1117/801 759/1123/801
f 757/1120/799 743/1088/799 759/1124/799
f 759/1124/799 743/1088/799 739/1091/799
f 760/1125/801 759/1123/801 736/1126/801
f 754/1114/801 759/1123/801 760/1125/801
f 759/1124/799 739/1091/799 736/1127/799
f 747/1096/804 760/1128/804 761/1129/804
f 749/1103/804 760/1128/804 747/1096/804
f 760/1125/801 736/1126/801 761/1130/801
f 749/1103/804 754/1112/804 760/1128/804
f 761/1130/801 736/1126/801 737/1131/801
f 761/1130/801 737/1131/801 734/1132/801
f 762/1133/859 761/1134/859 734/1074/859
f 747/1096/804 761/1129/804 762/1135/804
f 762/1133/859 734/1074/859 735/1077/859
f 762/1133/860 735/1077/860 738/1078/860
f 762/1133/861 738/1078/861 742/1136/861
f 747/1096/851 762/1135/851 742/1099/851
f 764/1137/862 763/1138/862 768/1139/862
f 764/1137/862 765/1140/862 763/1138/862
f 763/1138/863 765/1140/863 766/1141/863
f 763/1138/863 766/1141/863 769/1142/863
f 767/1143/864 763/1138/864 769/1142/864
f 767/1143/865 768/1139/865 763/1138/865
f 770/1144/866 767/1145/866 769/1146/866
f 771/1147/867 769/1146/867 766/1148/867
f 770/1144/868 769/1146/868 771/1147/868
f 772/1149/869 771/1150/869 773/1151/869
f 772/1149/870 770/1152/870 771/1150/870
f 771/1147/867 766/1148/867 773/1153/867
f 774/1154/871 773/1151/871 775/1155/871
f 774/1154/872 772/1149/872 773/1151/872
f 773/1153/867 776/1156/867 775/1157/867
f 773/1153/867 766/1148/867 776/1156/867
f 775/1157/867 776/1156/867 777/1158/867
f 778/1159/863 777/1160/863 776/1161/863
f 765/1140/863 776/1161/863 766/1141/863
f 765/1140/863 778/1159/863 776/1161/863
f 778/1159/863 779/1162/863 777/1160/863
f 780/1163/862 779/1162/862 778/1159/862
f 780/1163/862 778/1159/862 781/1164/862
f 781/1164/862 778/1159/862 765/1140/862
f 781/1164/862 765/1140/862 764/1137/862
f 783/1165/862 781/1164/862 764/1137/862
f 782/1166/862 781/1164/862 783/1165/862
f 782/1166/862 780/1163/862 781/1164/862
f 784/1167/873 783/1165/873 785/1168/873
f 784/1167/873 782/1166/873 783/1165/873
f 785/1168/873 783/1165/873 786/1169/873
f 783/1165/862 764/1137/862 786/1169/862
f 785/1168/873 786/1169/873 787/1170/873
f 787/1170/873 786/1169/873 788/1171/873
f 786/1169/862 768/1139/862 788/1171/862
f 786/1169/862 764/1137/862 768/1139/862
f 787/1170/873 788/1171/873 791/1172/873
f 790/1173/874 788/1171/875 789/1174/876
f 789/1174/877 788/1171/877 768/1139/877
f 790/1173/874 791/1172/878 788/1171/875
f 792/1175/879 791/1172/879 794/1176/879
f 792/1175/879 787/1170/879 791/1172/879
f 793/1177/880 791/1178/881 790/1179/882
f 793/1177/880 794/1180/883 791/1178/881
f 796/1181/884 794/1176/884 795/1182/884
f 797/1183/885 795/1184/885 794/1180/885
f 796/1181/884 792/1175/884 794/1176/884
f 797/1183/886 794/1180/886 793/1177/886
f 798/1185/887 795/1184/887 797/1183/887
f 800/1186/888 798/1185/888 797/1183/888
f 799/1187/889 797/1183/890 793/1177/891
f 800/1186/892 797/1183/890 799/1187/889
f 801/1188/893 798/1185/894 800/1186/895
f 803/1189/896 801/1188/896 800/1186/896
f 802/1190/897 800/1186/897 799/1187/897
f 803/1189/898 800/1186/898 802/1190/898
f 806/1191/899 801/1188/899 803/1189/899
f 805/1192/900 803/1193/900 804/1194/900
f 804/1195/901 803/1189/902 802/1190/903
f 805/1192/904 806/1196/904 803/1193/904
f 808/1197/905 807/1198/905 806/1196/905
f 806/1196/905 807/1198/905 810/1199/905
f 808/1197/906 806/1196/906 805/1192/906
f 806/1191/907 809/1200/907 801/1188/907
f 806/1196/908 810/1199/908 809/1201/908
f 807/1198/909 813/1202/909 810/1199/909
f 810/1199/910 811/1203/910 809/1201/910
f 810/1199/911 812/1204/911 811/1203/911
f 813/1202/912 812/1204/912 810/1199/912
f 814/1205/913 813/1202/913 816/1206/913
f 814/1205/913 815/1207/913 813/1202/913
f 813/1202/914 815/1207/914 812/1204/914
f 807/1198/915 816/1206/915 813/1202/915
f 808/1197/916 816/1206/916 807/1198/916
f 808/1197/917 818/1208/917 816/1206/917
f 817/1209/913 816/1206/913 818/1208/913
f 817/1209/913 814/1205/913 816/1206/913
f 821/1210/913 818/1208/913 819/1211/913
f 820/1212/918 819/1211/918 818/1208/918
f 820/1212/919 818/1208/919 808/1197/919
f 821/1210/913 817/1209/913 818/1208/913
f 823/1213/913 821/1210/913 819/1211/913
f 821/1214/920 822/1215/920 817/1216/920
f 821/1214/920 824/1217/920 822/1215/920
f 823/1218/920 824/1217/920 821/1214/920
f 826/1219/921 824/1217/921 825/1220/921
f 823/1218/920 825/1220/920 824/1217/920
f 826/1219/921 827/1221/921 824/1217/921
f 827/1221/921 822/1215/921 824/1217/921
f 828/1222/921 829/1223/921 827/1221/921
f 830/1224/921 828/1222/921 827/1221/921
f 830/1224/921 827/1221/921 826/1219/921
f 827/1221/921 829/1223/921 822/1215/921
f 831/1225/922 828/1222/922 830/1224/922
f 833/1226/922 831/1225/922 830/1224/922
f 832/1227/921 830/1224/921 826/1219/921
f 832/1227/921 833/1226/921 830/1224/921
f 836/1228/922 834/1229/922 833/1226/922
f 833/1226/922 834/1229/922 831/1225/922
f 835/1230/921 833/1226/921 832/1227/921
f 835/1230/921 836/1228/921 833/1226/921
f 837/1231/921 836/1228/921 835/1230/921
f 837/1231/921 838/1232/921 836/1228/921
f 838/1232/922 839/1233/922 836/1228/922
f 836/1228/922 839/1233/922 834/1229/922
f 839/1233/923 840/1234/923 834/1229/923
f 839/1233/923 841/1235/923 840/1234/923
f 842/1236/923 841/1235/923 839/1233/923
f 838/1232/922 842/1236/922 839/1233/922
f 843/1237/923 844/1238/923 842/1236/923
f 845/1239/922 843/1237/922 842/1236/922
f 845/1239/922 842/1236/922 838/1232/922
f 842/1236/923 844/1238/923 841/1235/923
f 848/1240/924 843/1237/925 845/1239/926
f 847/1241/927 845/1239/927 846/1242/927
f 846/1242/921 845/1239/921 838/1232/921
f 848/1240/924 845/1239/926 847/1241/928
f 851/1243/929 843/1237/929 848/1240/929
f 848/1244/930 849/1245/931 850/1246/932
f 848/1244/930 847/1247/933 849/1245/931
f 851/1248/934 848/1244/935 850/1246/936
f 851/1248/934 850/1246/936 852/1249/937
f 854/1250/938 851/1248/938 852/1249/938
f 851/1243/939 855/1251/939 843/1237/939
f 853/1252/940 851/1243/940 854/1253/940
f 853/1252/941 855/1251/941 851/1243/941
f 843/1237/923 855/1251/923 844/1238/923
f 855/1254/942 853/1255/942 856/1256/942
f 855/1254/942 856/1256/942 844/1257/942
f 857/1258/884 856/1256/884 853/1255/884
f 857/1258/884 858/1259/884 856/1256/884
f 844/1257/942 856/1256/942 859/1260/942
f 858/1259/884 859/1260/884 856/1256/884
f 861/1261/884 860/1262/884 859/1260/884
f 841/1263/942 859/1260/942 860/1262/942
f 844/1257/942 859/1260/942 841/1263/942
f 858/1259/884 861/1261/884 859/1260/884
f 862/1264/879 864/1265/879 861/1261/879
f 863/1266/879 862/1264/879 861/1261/879
f 861/1261/884 864/1265/884 860/1262/884
f 863/1266/879 861/1261/879 858/1259/879
f 867/1267/879 865/1268/879 864/1265/879
f 864/1265/884 865/1268/884 866/1269/884
f 864/1265/884 866/1269/884 860/1262/884
f 862/1264/879 867/1267/879 864/1265/879
f 867/1267/879 870/1270/879 865/1268/879
f 868/1271/873 867/1267/873 862/1264/873
f 868/1271/873 869/1272/873 867/1267/873
f 869/1272/873 870/1270/873 867/1267/873
f 865/1268/879 870/1270/879 784/1167/879
f 869/1272/873 871/1273/873 870/1270/873
f 870/1270/873 871/1273/873 782/1166/873
f 870/1270/873 782/1166/873 784/1167/873
f 872/1274/862 871/1273/862 869/1272/862
f 872/1274/862 873/1275/862 871/1273/862
f 871/1273/862 873/1275/862 780/1163/862
f 871/1273/862 780/1163/862 782/1166/862
f 874/1276/862 873/1275/862 872/1274/862
f 874/1276/862 875/1277/862 873/1275/862
f 873/1275/862 779/1162/862 780/1163/862
f 873/1275/862 875/1277/862 779/1162/862
f 876/1278/863 875/1277/863 874/1276/863
f 779/1162/863 875/1277/863 876/1278/863
f 779/1162/863 876/1278/863 777/1160/863
f 876/1279/867 877/1280/867 880/1281/867
f 876/1279/867 879/1282/867 877/1280/867
f 878/1283/867 876/1279/867 880/1281/867
f 878/1283/867 777/1158/867 876/1279/867
f 876/1278/863 874/1276/863 879/1284/863
f 877/1285/943 881/1286/943 880/1287/943
f 881/1286/943 878/1288/943 880/1287/943
f 882/1289/944 884/1290/944 881/1291/944
f 883/1292/945 882/1293/945 881/1286/945
f 877/1285/946 883/1292/946 881/1286/946
f 881/1286/947 884/1294/947 878/1288/947
f 882/1289/948 885/1295/948 884/1290/948
f 885/1295/949 774/1296/949 884/1290/949
f 884/1294/950 775/1155/950 878/1288/950
f 884/1294/951 774/1154/951 775/1155/951
f 888/1297/952 885/1295/952 882/1289/952
f 886/1298/953 887/1299/953 885/1295/953
f 888/1297/954 886/1298/954 885/1295/954
f 885/1295/955 887/1299/955 774/1296/955
f 889/1300/956 888/1297/956 882/1289/956
f 889/1300/957 890/1301/957 888/1297/957
f 890/1301/958 891/1302/958 888/1297/958
f 891/1302/959 886/1298/959 888/1297/959
f 890/1301/960 892/1303/960 891/1302/960
f 892/1304/961 894/1305/961 891/1306/961
f 891/1302/962 893/1307/962 886/1298/962
f 894/1305/963 893/1308/963 891/1306/963
f 892/1304/964 895/1309/964 894/1305/964
f 895/1309/965 897/1310/965 894/1305/965
f 894/1305/966 896/1311/966 893/1308/966
f 897/1310/967 896/1311/967 894/1305/967
f 898/1312/968 900/1313/969 897/1310/970
f 899/1314/971 898/1312/972 897/1310/973
f 895/1309/974 899/1314/974 897/1310/974
f 897/1310/975 900/1313/975 896/1311/975
f 898/1312/968 901/1315/976 900/1313/969
f 900/1313/977 902/1316/977 896/1311/977
f 901/1315/978 903/1317/978 900/1313/978
f 900/1313/979 903/1317/979 902/1316/979
f 903/1318/980 904/1319/980 902/1320/981
f 804/1195/901 802/1190/903 903/1318/982
f 901/1315/983 804/1194/983 903/1317/983
f 903/1318/980 802/1190/984 904/1319/980
f 902/1320/985 904/1319/986 906/1321/987
f 904/1319/988 905/1322/988 906/1321/988
f 904/1319/989 799/1187/989 905/1322/989
f 802/1190/990 799/1187/990 904/1319/990
f 902/1320/985 906/1321/987 909/1323/991
f 906/1321/992 905/1322/992 908/1324/992
f 906/1321/993 908/1324/993 907/1325/993
f 909/1323/994 906/1321/995 907/1325/996
f 896/1326/997 902/1327/997 909/1328/997
f 896/1326/998 909/1328/998 893/1307/998
f 893/1307/999 909/1328/999 910/1329/999
f 909/1323/994 907/1325/996 910/1330/1000
f 893/1307/1001 910/1329/1001 886/1298/1001
f 886/1298/1002 910/1329/1002 887/1299/1002
f 910/1330/1003 911/1331/1003 887/1332/1003
f 910/1330/1004 907/1325/1004 911/1331/1004
f 907/1325/1005 912/1333/1005 911/1331/1005
f 911/1334/1006 770/1152/1006 772/1149/1006
f 911/1334/1007 912/1335/1007 770/1152/1007
f 887/1299/1008 911/1336/1008 772/1337/1008
f 908/1324/1009 789/1338/1010 912/1333/1011
f 907/1325/1012 908/1324/1012 912/1333/1012
f 912/1333/1013 767/1339/1013 770/1340/1013
f 912/1333/1014 789/1338/1014 767/1339/1014
f 905/1322/1015 790/1179/1016 908/1324/1017
f 908/1324/1009 790/1179/1018 789/1338/1010
f 905/1322/1015 793/1177/1019 790/1179/1016
f 799/1187/1020 793/1177/1020 905/1322/1020
f 913/1341/1021 901/1315/1021 898/1312/1021
f 913/1341/1022 914/1342/1022 901/1315/1022
f 914/1342/1023 804/1194/1023 901/1315/1023
f 820/1212/1024 805/1192/1024 914/1342/1024
f 915/1343/1025 820/1212/1025 914/1342/1025
f 914/1342/1026 805/1192/1026 804/1194/1026
f 915/1343/1027 914/1342/1027 913/1341/1027
f 915/1343/1028 916/1344/1028 819/1211/1028
f 917/1345/1028 916/1344/1028 915/1343/1028
f 917/1345/1029 915/1343/1029 919/1346/1029
f 918/1347/1030 915/1343/1030 913/1341/1030
f 918/1347/1031 919/1346/1031 915/1343/1031
f 915/1343/1032 819/1211/1032 820/1212/1032
f 920/1348/1033 919/1346/1033 918/1347/1033
f 920/1348/1034 921/1349/1034 919/1346/1034
f 922/1350/1035 919/1346/1035 921/1349/1035
f 922/1350/918 917/1345/918 919/1346/918
f 922/1350/913 923/1351/913 917/1345/913
f 922/1350/913 924/1352/913 923/1351/913
f 925/1353/913 924/1352/913 922/1350/913
f 925/1353/917 922/1350/917 921/1349/917
f 926/1354/913 927/1355/913 925/1353/913
f 926/1354/915 925/1353/915 928/1356/915
f 925/1353/1036 921/1349/1036 928/1356/1036
f 925/1353/913 927/1355/913 924/1352/913
f 926/1354/1037 928/1356/1037 929/1357/1037
f 929/1357/1038 928/1356/1038 930/1358/1038
f 930/1358/1038 928/1356/1038 921/1349/1038
f 930/1358/1039 921/1349/1039 920/1348/1039
f 931/1359/1040 930/1358/1040 920/1348/1040
f 850/1246/1041 930/1360/1041 931/1361/1041
f 929/1357/1042 930/1358/1042 849/1362/1042
f 850/1246/1043 849/1245/1043 930/1360/1043
f 931/1359/1044 920/1348/1044 933/1363/1044
f 852/1249/1045 931/1361/1045 932/1364/1045
f 852/1249/1046 850/1246/1046 931/1361/1046
f 932/1364/1047 931/1361/1048 933/1365/1049
f 933/1363/1050 918/1347/1050 934/1366/1050
f 935/1367/1051 933/1363/1051 934/1366/1051
f 933/1363/1052 920/1348/1052 918/1347/1052
f 932/1364/1047 933/1365/1049 935/1368/1053
f 935/1367/1054 934/1366/1054 899/1314/1054
f 936/1369/1055 935/1367/1055 899/1314/1055
f 937/1370/1056 935/1368/1056 936/1371/1057
f 937/1370/1056 932/1364/1058 935/1368/1056
f 940/1372/1059 937/1370/1059 938/1373/1059
f 938/1373/1060 937/1370/1061 936/1371/1062
f 939/1374/1063 932/1364/1063 937/1370/1063
f 940/1372/1064 939/1374/1064 937/1370/1064
f 943/1375/1065 939/1374/1065 940/1372/1065
f 942/1376/1066 940/1372/1067 941/1377/1068
f 941/1377/1069 940/1372/1069 938/1373/1069
f 942/1376/1066 943/1375/1070 940/1372/1067
f 944/1378/1071 943/1379/1072 942/1380/1073
f 857/1381/1074 854/1253/1074 943/1382/1074
f 944/1378/1071 857/1258/1075 943/1379/1072
f 943/1375/1076 854/1250/1077 939/1374/1078
f 944/1378/879 858/1259/879 857/1258/879
f 944/1378/879 863/1266/879 858/1259/879
f 945/1383/873 863/1266/873 944/1378/873
f 945/1383/1079 944/1378/1080 942/1380/1081
f 945/1383/873 946/1384/873 863/1266/873
f 947/1385/862 946/1384/862 945/1383/862
f 947/1385/1082 945/1383/1082 948/1386/1082
f 945/1383/1079 942/1380/1081 948/1386/1083
f 948/1387/1084 942/1376/1085 941/1377/1086
f 948/1387/1084 941/1377/1086 949/1388/1087
f 950/1389/1088 948/1387/1088 949/1388/1088
f 947/1385/1089 948/1386/1089 950/1390/1089
f 950/1389/1090 949/1388/1090 952/1391/1090
f 953/1392/1091 950/1390/1091 951/1393/1091
f 951/1394/1092 950/1389/1092 952/1391/1092
f 953/1392/1093 947/1385/1093 950/1390/1093
f 953/1392/862 954/1395/862 947/1385/862
f 953/1392/862 955/1396/862 954/1395/862
f 956/1397/863 955/1396/863 953/1392/863
f 956/1397/863 953/1392/863 951/1393/863
f 956/1398/867 951/1399/867 958/1400/867
f 956/1398/867 958/1400/867 957/1401/867
f 959/1402/867 956/1398/867 957/1401/867
f 959/1403/863 955/1396/863 956/1397/863
f 959/1402/867 957/1401/867 960/1404/867
f 879/1282/867 959/1402/867 960/1404/867
f 879/1284/863 961/1405/863 959/1403/863
f 959/1403/863 961/1405/863 955/1396/863
f 961/1405/862 872/1274/862 962/1406/862
f 961/1405/862 874/1276/862 872/1274/862
f 955/1396/862 961/1405/862 962/1406/862
f 879/1284/863 874/1276/863 961/1405/863
f 962/1406/862 872/1274/862 869/1272/862
f 962/1406/862 869/1272/862 868/1271/862
f 954/1395/862 962/1406/862 868/1271/862
f 955/1396/862 962/1406/862 954/1395/862
f 957/1407/871 963/1408/871 960/1409/871
f 960/1409/1094 963/1408/1094 883/1292/1094
f 879/1282/867 960/1404/867 877/1280/867
f 960/1409/950 883/1292/950 877/1285/950
f 963/1410/1095 889/1411/1095 883/1412/1095
f 965/1413/1096 964/1414/1096 963/1410/1096
f 963/1410/1097 964/1414/1097 889/1411/1097
f 957/1407/1098 965/1415/1098 963/1408/1098
f 965/1413/1099 966/1416/1099 964/1414/1099
f 958/1417/869 965/1415/869 957/1407/869
f 952/1391/1100 966/1416/1100 965/1413/1100
f 958/1417/1101 952/1418/1101 965/1415/1101
f 949/1388/1102 968/1419/1102 966/1416/1102
f 952/1391/1103 949/1388/1103 966/1416/1103
f 966/1416/1104 967/1420/1104 964/1414/1104
f 966/1416/1105 968/1419/1106 967/1420/1107
f 949/1388/1108 941/1377/1108 968/1419/1108
f 968/1419/1106 969/1421/1109 967/1420/1107
f 968/1419/1106 938/1373/1110 969/1421/1109
f 941/1377/1111 938/1373/1111 968/1419/1111
f 969/1421/1112 895/1422/1112 892/1423/1112
f 969/1421/1113 936/1371/1113 895/1422/1113
f 967/1420/1114 969/1421/1114 892/1423/1114
f 938/1373/1060 936/1371/1062 969/1421/1115
f 964/1414/1116 967/1420/1116 890/1424/1116
f 967/1420/1117 892/1423/1117 890/1424/1117
f 964/1414/1118 890/1424/1118 889/1411/1118
f 951/1394/1119 952/1391/1119 958/1425/1119
f 954/1395/862 868/1271/862 946/1384/862
f 947/1385/862 954/1395/862 946/1384/862
f 946/1384/873 862/1264/873 863/1266/873
f 946/1384/873 868/1271/873 862/1264/873
f 854/1250/1077 852/1249/1120 939/1374/1078
f 939/1374/1121 852/1249/1121 932/1364/1121
f 936/1369/1122 899/1314/1122 895/1309/1122
f 899/1314/971 934/1366/1123 898/1312/972
f 934/1366/1124 918/1347/1124 913/1341/1124
f 934/1366/1125 913/1341/1125 898/1312/1125
f 970/1426/1126 926/1354/1126 929/1357/1126
f 847/1427/1127 929/1357/1127 849/1362/1127
f 847/1427/1128 970/1426/1128 929/1357/1128
f 970/1428/1129 971/1429/1129 972/1430/1129
f 970/1428/1130 846/1242/1130 971/1429/1130
f 970/1426/1131 972/1431/1131 926/1354/1131
f 847/1241/1132 846/1242/1132 970/1428/1132
f 971/1429/920 927/1432/920 972/1430/920
f 926/1354/913 972/1431/913 927/1355/913
f 971/1429/921 837/1231/921 973/1433/921
f 971/1429/921 846/1242/921 837/1231/921
f 971/1429/920 973/1433/920 927/1432/920
f 973/1433/921 835/1230/921 974/1434/921
f 973/1433/920 974/1434/920 924/1435/920
f 973/1433/921 837/1231/921 835/1230/921
f 973/1433/920 924/1435/920 927/1432/920
f 974/1434/921 832/1227/921 975/1436/921
f 974/1434/921 835/1230/921 832/1227/921
f 974/1434/920 923/1437/920 924/1435/920
f 974/1434/920 975/1436/920 923/1437/920
f 975/1436/921 826/1219/921 825/1220/921
f 975/1436/920 825/1220/920 823/1218/920
f 975/1436/921 832/1227/921 826/1219/921
f 975/1436/920 823/1218/920 923/1437/920
f 917/1345/913 923/1351/913 823/1213/913
f 917/1345/913 823/1213/913 916/1344/913
f 823/1213/913 819/1211/913 916/1344/913
f 883/1292/1133 889/1438/1133 882/1293/1133
f 887/1299/1134 772/1337/1134 774/1296/1134
f 775/1157/867 777/1158/867 878/1283/867
f 840/1439/942 866/1269/942 976/1440/942
f 840/1439/942 860/1262/942 866/1269/942
f 866/1269/884 865/1268/884 978/1441/884
f 976/1440/942 866/1269/942 977/1442/942
f 866/1269/884 978/1441/884 977/1442/884
f 865/1268/879 784/1167/879 978/1441/879
f 978/1441/879 784/1167/879 785/1168/879
f 978/1441/879 785/1168/879 979/1443/879
f 977/1442/884 978/1441/884 979/1443/884
f 977/1442/884 979/1443/884 980/1444/884
f 980/1444/884 979/1443/884 792/1175/884
f 979/1443/879 785/1168/879 787/1170/879
f 979/1443/879 787/1170/879 792/1175/879
f 982/1445/942 980/1444/942 981/1446/942
f 981/1446/942 980/1444/942 796/1181/942
f 980/1444/884 792/1175/884 796/1181/884
f 982/1445/942 977/1442/942 980/1444/942
f 976/1440/942 977/1442/942 982/1445/942
f 976/1447/923 982/1448/923 984/1449/923
f 982/1448/923 983/1450/923 984/1449/923
f 982/1448/923 981/1451/923 983/1450/923
f 976/1447/923 984/1449/923 831/1225/923
f 831/1225/922 984/1449/922 828/1222/922
f 984/1449/922 985/1452/922 828/1222/922
f 984/1449/922 983/1450/922 985/1452/922
f 828/1222/921 985/1452/921 829/1223/921
f 983/1450/922 987/1453/922 985/1452/922
f 985/1452/921 986/1454/921 829/1223/921
f 985/1452/921 987/1453/921 986/1454/921
f 987/1453/921 988/1455/921 986/1454/921
f 987/1453/921 989/1456/921 988/1455/921
f 990/1457/922 989/1456/922 987/1453/922
f 983/1450/922 990/1457/922 987/1453/922
f 981/1451/923 990/1457/923 983/1450/923
f 981/1451/923 992/1458/923 990/1457/923
f 990/1457/922 991/1459/922 989/1456/922
f 992/1458/923 991/1459/923 990/1457/923
f 992/1460/942 795/1182/942 993/1461/942
f 992/1458/923 993/1462/923 991/1459/923
f 981/1446/942 796/1181/942 992/1460/942
f 992/1460/942 796/1181/942 795/1182/942
f 798/1185/1135 993/1463/1135 795/1184/1135
f 991/1464/1136 993/1463/1136 798/1185/1136
f 989/1465/1137 991/1464/1138 994/1466/1139
f 991/1464/1140 798/1185/1140 994/1466/1140
f 809/1200/1141 994/1466/1142 801/1188/1143
f 801/1188/893 994/1466/1144 798/1185/894
f 989/1465/1137 994/1466/1139 811/1467/1145
f 809/1200/1141 811/1467/1146 994/1466/1142
f 988/1468/1147 989/1465/1147 811/1467/1147
f 986/1454/921 988/1455/921 995/1469/921
f 988/1468/1148 811/1467/1148 812/1470/1148
f 995/1469/1149 988/1455/1149 812/1471/1149
f 986/1454/921 995/1469/921 996/1472/921
f 995/1469/1150 812/1471/1150 815/1473/1150
f 814/1474/920 995/1469/920 815/1473/920
f 814/1474/920 996/1472/920 995/1469/920
f 829/1223/921 996/1472/921 822/1215/921
f 829/1223/921 986/1454/921 996/1472/921
f 817/1216/920 822/1215/920 996/1472/920
f 817/1216/920 996/1472/920 814/1474/920
f 834/1229/923 976/1447/923 831/1225/923
f 834/1229/923 840/1234/923 976/1447/923
f 841/1263/942 860/1262/942 840/1439/942
f 857/1381/1151 853/1252/1151 854/1253/1151
f 846/1242/921 838/1232/921 837/1231/921
f 820/1212/1152 808/1197/1152 805/1192/1152
f 789/1174/1153 768/1139/1153 767/1143/1153
